# Blender v3.0.1 OBJ File: 'Castle7_FinalSuperPack_individuals.blend'
# www.blender.org
mtllib Tent3.mtl
o Tent3_Cylinder.033
v -1.744757 0.000000 -1.035706
v -1.407519 1.789782 -0.799746
v -0.000000 0.000000 -1.956380
v -0.011159 1.789782 -1.618821
v -0.033279 2.792609 -0.019214
v 0.000000 2.792609 -0.038427
v -1.404703 1.355574 -0.811005
v -1.441054 0.903871 -0.831993
v -1.541765 0.451936 -0.890139
v -0.000000 1.355574 -1.622011
v -0.000000 0.903871 -1.663985
v -0.000000 0.451936 -1.780277
v -0.197035 2.632100 -0.113758
v -0.662355 2.238860 -0.382411
v -1.048600 1.981678 -0.605410
v -0.000000 1.981678 -1.210819
v -0.000000 2.238860 -0.764822
v -0.000000 2.604367 -0.260188
v -0.766305 1.741707 -1.173668
v -1.065359 1.748866 -1.005797
v -0.783991 1.641750 -1.172933
v -0.933573 1.646655 -1.089019
v -0.910326 1.646367 -1.101311
v -1.087432 1.649329 -1.002803
v -1.063511 1.648763 -1.015584
v -1.248039 1.655990 -0.911972
v -1.223648 1.654508 -0.925918
v -1.401397 1.667050 -0.815586
v -0.914361 1.748097 -1.091261
v -1.222698 1.755460 -0.917323
v -0.702351 1.355574 -1.216508
v -1.405211 1.537056 -0.827209
v -1.255209 1.527292 -0.906664
v -1.220676 1.524154 -0.924956
v -1.091654 1.522848 -1.001849
v -1.060178 1.519919 -1.011537
v -0.937422 1.520655 -1.086998
v -0.909250 1.514366 -1.099777
v -0.787666 1.510373 -1.175357
v -0.012493 1.533379 -1.633275
v -0.011696 1.667840 -1.629874
v -0.482427 1.748865 -1.349293
v -0.757695 1.641749 -1.187988
v -0.614699 1.646654 -1.275462
v -0.636252 1.646367 -1.261871
v -0.470404 1.649328 -1.364390
v -0.492562 1.648764 -1.351915
v -0.320721 1.655964 -1.449820
v -0.343840 1.654551 -1.436536
v -0.163389 1.666724 -1.539660
v -0.187837 1.665708 -1.526272
v -0.624475 1.748096 -1.259850
v -0.335153 1.755457 -1.434954
v -0.181203 1.774528 -1.524840
v -0.151131 1.531927 -1.542086
v -0.186473 1.530633 -1.523287
v -0.313217 1.526825 -1.447602
v -0.340708 1.524154 -1.432984
v -0.464845 1.522848 -1.362947
v -0.488220 1.519919 -1.355358
v -0.611142 1.520655 -1.282013
v -0.633451 1.514366 -1.264133
v -0.755601 1.510373 -1.194288
v -0.349765 1.355457 -1.420074
v -0.479335 0.000000 -1.735029
v -0.904605 0.000000 -1.519086
v -0.016640 2.792609 -0.028821
v -1.346544 0.000000 -1.234346
v -0.358817 0.903871 -1.456823
v -0.524300 1.950728 -0.908114
v -1.068758 1.355695 -1.004963
v -1.096415 0.903871 -1.030970
v -0.331178 2.238860 -0.573616
v -0.720527 0.903871 -1.247989
v -0.383893 0.451936 -1.558636
v -0.770883 0.451936 -1.335208
v -0.116714 2.596428 -0.202155
v -1.173041 0.451936 -1.103022
v -1.778867 0.000000 1.011346
v -1.399060 1.774536 0.807748
v 0.000000 0.000000 1.956380
v -0.011159 1.789782 1.618821
v -0.033279 2.792609 0.019214
v 0.000000 2.792609 0.038427
v -1.404703 1.355807 0.811005
v -1.441054 0.903871 0.831993
v -1.541765 0.451936 0.890139
v 0.000000 1.355574 1.622011
v 0.000000 0.903871 1.663985
v 0.000000 0.451936 1.780277
v -0.199876 2.629315 0.115399
v -0.662355 2.238860 0.382411
v -1.048600 1.982198 0.605410
v 0.000000 1.981678 1.210819
v 0.000000 2.238860 0.764822
v -0.000000 2.654604 0.201005
v -0.766305 1.741707 1.173668
v -1.065359 1.748866 1.005797
v -0.783991 1.641750 1.172933
v -0.933572 1.646655 1.089019
v -0.910326 1.646367 1.101311
v -1.087432 1.649329 1.002803
v -1.063511 1.648763 1.015584
v -1.248039 1.655990 0.911972
v -1.223648 1.654508 0.925918
v -1.401397 1.667050 0.815586
v -0.914360 1.748097 1.091261
v -1.222698 1.755460 0.917323
v -0.702351 1.355574 1.216508
v -1.405211 1.537056 0.827209
v -1.255209 1.527292 0.906664
v -1.220676 1.524154 0.924956
v -1.091654 1.522848 1.001849
v -1.060178 1.519919 1.011537
v -0.937422 1.520655 1.086998
v -0.909250 1.514366 1.099777
v -0.787666 1.510373 1.175357
v -0.012492 1.533379 1.633275
v -0.011696 1.667840 1.629874
v -0.482427 1.748865 1.349293
v -0.757695 1.641749 1.187988
v -0.614699 1.646654 1.275462
v -0.636252 1.646367 1.261871
v -0.470404 1.649328 1.364390
v -0.492562 1.648764 1.351915
v -0.320721 1.655964 1.449820
v -0.343840 1.654551 1.436536
v -0.163389 1.666724 1.539660
v -0.187836 1.665708 1.526272
v -0.624475 1.748096 1.259850
v -0.335153 1.755457 1.434954
v -0.181203 1.774528 1.524840
v -0.151131 1.531927 1.542086
v -0.186473 1.530633 1.523287
v -0.313217 1.526825 1.447602
v -0.340708 1.524154 1.432984
v -0.464845 1.522848 1.362947
v -0.488220 1.519919 1.355358
v -0.611142 1.520655 1.282013
v -0.633451 1.514366 1.264133
v -0.755601 1.510373 1.194288
v -0.336789 1.355453 1.427566
v -0.435394 0.000000 1.776712
v -0.876315 0.000000 1.522146
v -0.016640 2.792609 0.028821
v -1.305080 0.000000 1.274599
v -0.345504 0.903871 1.464509
v -0.524300 1.950728 0.908114
v -1.057835 1.355692 1.011270
v -1.085210 0.903871 1.037440
v -0.331178 2.238860 0.573616
v -0.720527 0.903871 1.247989
v -0.369651 0.451936 1.566859
v -0.770883 0.451936 1.335208
v -0.082468 2.663563 0.142839
v -1.161052 0.451936 1.109943
v 1.694275 0.000000 -0.978190
v 1.391311 1.801569 -0.815836
v 0.033279 2.792609 -0.019214
v 1.404703 1.355341 -0.811005
v 1.441054 0.903871 -0.831993
v 1.541765 0.451936 -0.890139
v 1.048600 1.981157 -0.605410
v 0.662355 2.238860 -0.382411
v 0.277606 2.553126 -0.160276
v 0.633274 1.741707 -1.250473
v 0.338366 1.748866 -1.425526
v 0.623794 1.641750 -1.265423
v 0.476332 1.646655 -1.353007
v 0.498601 1.646367 -1.339021
v 0.324737 1.649329 -1.443146
v 0.347766 1.648763 -1.428820
v 0.165771 1.655990 -1.536820
v 0.190045 1.654508 -1.522669
v 0.005619 1.667050 -1.621439
v 0.487879 1.748097 -1.337490
v 0.183076 1.755460 -1.517549
v 0.702351 1.355574 -1.216508
v 0.013779 1.537056 -1.630553
v 0.157590 1.527292 -1.540375
v 0.190697 1.524154 -1.519614
v 0.321800 1.522848 -1.446324
v 0.345928 1.519919 -1.423910
v 0.472657 1.520655 -1.355330
v 0.497810 1.514366 -1.337322
v 0.624056 1.510373 -1.269817
v 1.385239 1.547247 -0.839284
v 1.382383 1.742634 -0.832714
v 0.927308 1.748865 -1.092440
v 0.649980 1.641749 -1.250176
v 0.797233 1.646654 -1.170076
v 0.774687 1.646367 -1.181946
v 0.946394 1.649328 -1.089576
v 0.924512 1.648764 -1.102529
v 1.095220 1.655964 -1.002662
v 1.072157 1.654551 -1.016042
v 1.251690 1.666724 -0.911329
v 1.227872 1.665708 -0.925807
v 0.778824 1.748096 -1.170736
v 1.075130 1.755457 -1.007728
v 1.229948 1.774528 -0.919346
v 1.259920 1.531927 -0.901926
v 1.225969 1.530633 -0.923134
v 1.097052 1.526825 -0.995055
v 1.070647 1.524154 -1.011554
v 0.947924 1.522848 -1.084041
v 0.929665 1.519919 -1.100490
v 0.804684 1.520655 -1.170271
v 0.778046 1.514366 -1.180651
v 0.656483 1.510373 -1.251514
v 1.058349 1.355456 -1.010973
v 1.276522 0.000000 -1.219380
v 0.847137 0.000000 -1.467285
v 0.016640 2.792609 -0.028821
v 0.421870 0.000000 -1.757855
v 1.085737 0.903871 -1.037135
v 0.524300 1.950728 -0.908114
v 0.349767 1.355691 -1.420072
v 0.358819 0.903871 -1.456821
v 0.331178 2.238860 -0.573616
v 0.720527 0.903871 -1.247989
v 1.161616 0.451936 -1.109618
v 0.770882 0.451936 -1.335208
v 0.153323 2.524662 -0.265563
v 0.383896 0.451936 -1.558635
v 1.694275 0.000000 0.978190
v 1.387767 1.798110 0.803339
v -0.000000 2.792609 0.038427
v 0.033279 2.792609 0.019214
v 1.404703 1.355341 0.811005
v 1.441054 0.903871 0.831993
v 1.541765 0.451936 0.890138
v 0.000000 2.238860 0.764822
v 1.048600 1.981157 0.605410
v 0.662355 2.238860 0.382411
v 0.141094 2.686932 0.081461
v 0.633274 1.741707 1.250473
v 0.338366 1.748866 1.425526
v 0.623795 1.641750 1.265423
v 0.476332 1.646655 1.353007
v 0.498601 1.646367 1.339021
v 0.324737 1.649329 1.443146
v 0.347766 1.648763 1.428820
v 0.165771 1.655990 1.536820
v 0.190045 1.654508 1.522669
v 0.005620 1.667050 1.621439
v 0.487879 1.748097 1.337490
v 0.183076 1.755460 1.517549
v 0.702351 1.355574 1.216508
v 0.013779 1.537056 1.630553
v 0.157590 1.527292 1.540375
v 0.190697 1.524154 1.519614
v 0.321800 1.522848 1.446324
v 0.345928 1.519919 1.423910
v 0.472658 1.520655 1.355330
v 0.497810 1.514366 1.337322
v 0.624056 1.510373 1.269817
v 1.408211 1.533379 0.827456
v 1.405664 1.667840 0.825066
v 0.927308 1.748865 1.092440
v 0.649980 1.641749 1.250176
v 0.797233 1.646654 1.170076
v 0.774687 1.646367 1.181946
v 0.946394 1.649328 1.089576
v 0.924512 1.648764 1.102529
v 1.095220 1.655964 1.002662
v 1.072157 1.654551 1.016042
v 1.251690 1.666724 0.911329
v 1.227872 1.665708 0.925807
v 0.778825 1.748096 1.170736
v 1.075130 1.755457 1.007728
v 1.229948 1.774528 0.919346
v 1.259920 1.531927 0.901926
v 1.225969 1.530633 0.923134
v 1.097052 1.526825 0.995055
v 1.070647 1.524154 1.011554
v 0.947924 1.522848 1.084041
v 0.929665 1.519919 1.100490
v 0.804684 1.520655 1.170271
v 0.778046 1.514366 1.180651
v 0.656483 1.510373 1.251514
v 1.055279 1.355457 1.012745
v 1.272819 0.000000 1.221517
v 0.847137 0.000000 1.467285
v 0.016640 2.792609 0.028821
v 0.481096 0.000000 1.678619
v 1.082588 0.903871 1.038953
v 0.524300 1.950728 0.908114
v 0.398870 1.355675 1.391723
v 0.409193 0.903871 1.427738
v 0.331178 2.238860 0.573616
v 0.720527 0.903871 1.247989
v 1.158247 0.451936 1.111563
v 0.770883 0.451936 1.335208
v 0.069863 2.688272 0.121006
v 0.437790 0.451936 1.527519
v -1.399579 1.741707 0.076805
v -1.403725 1.748866 0.419730
v -1.407786 1.641749 0.092490
v -1.409904 1.646655 0.263988
v -1.408926 1.646367 0.237710
v -1.412170 1.649329 0.440342
v -1.411277 1.648763 0.413236
v -1.413811 1.655990 0.624848
v -1.413692 1.654508 0.596751
v -1.407017 1.667050 0.805853
v -1.402240 1.748097 0.246229
v -1.405774 1.755460 0.600226
v -1.404703 1.355574 0.000000
v -1.418990 1.537056 0.803344
v -1.412799 1.527292 0.633711
v -1.411373 1.524154 0.594659
v -1.413454 1.522848 0.444475
v -1.406106 1.519919 0.412373
v -1.410079 1.520655 0.268332
v -1.407060 1.514366 0.237545
v -1.411722 1.510373 0.094460
v -1.420704 1.533379 -0.805819
v -1.417361 1.667840 -0.804808
v -1.409735 1.748864 -0.256852
v -1.407675 1.641749 0.062189
v -1.411932 1.646654 -0.105386
v -1.410938 1.646367 -0.079925
v -1.416798 1.649328 -0.274813
v -1.417074 1.648764 -0.249386
v -1.415941 1.655964 -0.447157
v -1.415997 1.654551 -0.420494
v -1.415079 1.666724 -0.628331
v -1.415708 1.665708 -0.600465
v -1.403299 1.748096 -0.089114
v -1.410283 1.755457 -0.427225
v -1.411151 1.774528 -0.605493
v -1.411051 1.531927 -0.640160
v -1.412442 1.530633 -0.600153
v -1.410269 1.526825 -0.452547
v -1.411354 1.524154 -0.421430
v -1.412769 1.522848 -0.278906
v -1.417885 1.519919 -0.254868
v -1.415827 1.520655 -0.111742
v -1.411497 1.514366 -0.083482
v -1.412084 1.510373 0.057226
v -1.404703 1.355454 -0.417023
v -1.694275 0.000000 -0.502991
v -1.784281 0.000000 -0.099875
v -0.033279 2.792609 -0.000000
v -1.694275 0.000000 0.516081
v -1.441054 0.903871 -0.427815
v -1.048600 1.950728 0.000000
v -1.404703 1.355697 0.427876
v -1.441054 0.903871 0.438949
v -0.662355 2.238860 0.000000
v -1.441054 0.903871 0.000000
v -1.541765 0.451935 -0.457714
v -1.541765 0.451935 0.000000
v -0.193664 2.635404 0.000000
v -1.541765 0.451935 0.469626
v 0.033279 2.792609 -0.000000
v 2.224219 1.773664 -0.867280
v 2.217261 1.500655 -0.882046
v 1.381335 1.696025 -0.807056
v 1.562474 1.669639 -0.814374
v 1.537484 1.672116 -0.813133
v 1.729049 1.652465 -0.824546
v 1.703789 1.655737 -0.822792
v 1.897340 1.646462 -0.838117
v 1.871830 1.646290 -0.835853
v 2.067642 1.644644 -0.854713
v 2.041985 1.643581 -0.852081
v 2.222796 1.636080 -0.879199
v 1.556133 1.773434 -0.809534
v 2.184570 1.710294 -0.000000
v 1.722281 1.756537 -0.818936
v 1.890193 1.749797 -0.831756
v 2.194394 1.717438 -0.328902
v 2.059733 1.761339 -0.847964
v 2.070573 1.510300 -0.862027
v 2.034880 1.512316 -0.846500
v 1.896051 1.517328 -0.840071
v 1.866972 1.510215 -0.832226
v 1.727195 1.514545 -0.827123
v 1.695500 1.520496 -0.821178
v 1.559183 1.528162 -0.817391
v 1.532629 1.534945 -0.813538
v 1.405534 1.562294 -0.809571
v 2.189751 1.609973 -0.014782
v 2.192585 1.614851 -0.179271
v 2.192031 1.614595 -0.154230
v 2.197398 1.617528 -0.347719
v 2.196544 1.616976 -0.321966
v 2.204172 1.624103 -0.521851
v 2.203027 1.622727 -0.495134
v 2.212637 1.634838 -0.703008
v 2.211293 1.633769 -0.675201
v 2.038302 1.723975 -0.265907
v 2.030807 1.720186 -0.000000
v 2.188472 1.716676 -0.162724
v 2.202307 1.724033 -0.500571
v 2.212142 1.743111 -0.679340
v 2.210045 1.499202 -0.715450
v 2.199729 1.497311 -0.676117
v 2.199533 1.493937 -0.528186
v 2.194813 1.491430 -0.497943
v 2.195315 1.490124 -0.353379
v 2.191723 1.487194 -0.325761
v 2.192901 1.487931 -0.183758
v 2.190617 1.481642 -0.158050
v 2.192438 1.477649 -0.017733
v 2.051500 1.738352 -0.592817
v 1.869988 1.719494 -0.000000
v 1.875982 1.722723 -0.264205
v 1.885583 1.736005 -0.585404
v 1.708980 1.724041 -0.000000
v 1.713070 1.729102 -0.262398
v 1.719429 1.743665 -0.578329
v 1.548236 1.733972 -0.000000
v 1.550432 1.743108 -0.260925
v 1.554260 1.759512 -0.572805
v 1.386534 1.782601 -0.569153
v 1.384657 1.764132 -0.260035
v 1.384065 1.756558 -0.000000
v 1.048600 1.978120 -0.000000
v 0.662355 2.238860 -0.000000
v 1.391940 1.602338 -0.000000
v 1.441054 0.903871 -0.322669
v 1.404702 1.353418 -0.284176
v 1.694275 0.000000 -0.517858
v 1.541765 0.451936 -0.392614
v 1.323068 1.602338 -0.000000
v 1.328710 1.352380 -0.000000
v 1.344781 0.903871 -0.000000
v 1.389305 0.451936 -0.000000
v 1.456729 0.000000 -0.000000
v 1.456729 0.000000 -0.517858
v 1.328710 1.353418 -0.284176
v 1.344781 0.903871 -0.322669
v 1.389305 0.451936 -0.392614
v 2.189751 1.609973 -0.000000
v 1.048600 1.981157 0.605410
v 0.160249 2.668157 -0.000000
v 2.224219 1.773664 0.867280
v 2.236082 1.516878 0.877373
v 1.397910 1.684888 0.801727
v 1.562474 1.669639 0.814374
v 1.537484 1.672116 0.813132
v 1.729049 1.652465 0.824546
v 1.703789 1.655737 0.822792
v 1.897340 1.646462 0.838116
v 1.871830 1.646290 0.835853
v 2.067642 1.644644 0.854713
v 2.041985 1.643581 0.852081
v 2.222796 1.636080 0.879199
v 1.556133 1.773434 0.809534
v 1.722281 1.756537 0.818936
v 1.890193 1.749797 0.831756
v 2.194394 1.717438 0.328902
v 2.059733 1.761339 0.847964
v 2.077007 1.503523 0.858745
v 2.038023 1.512512 0.846357
v 1.899195 1.517524 0.839928
v 1.870116 1.510412 0.832083
v 1.730339 1.514741 0.826980
v 1.698644 1.520692 0.821035
v 1.562327 1.528358 0.817248
v 1.532629 1.534945 0.813538
v 1.408352 1.538983 0.802117
v 2.189751 1.609973 0.014782
v 2.192585 1.614851 0.179271
v 2.192031 1.614595 0.154230
v 2.197398 1.617528 0.347719
v 2.196544 1.616976 0.321966
v 2.204172 1.624103 0.521851
v 2.203027 1.622727 0.495134
v 2.212637 1.634838 0.703008
v 2.211293 1.633769 0.675201
v 2.038302 1.723975 0.265907
v 2.188472 1.716676 0.162724
v 2.202307 1.724033 0.500571
v 2.212142 1.743111 0.679340
v 2.210045 1.499202 0.715450
v 2.199729 1.497311 0.676117
v 2.199533 1.493937 0.528185
v 2.194813 1.491430 0.497943
v 2.195315 1.490124 0.353379
v 2.191723 1.487194 0.325761
v 2.192901 1.487931 0.183758
v 2.190617 1.481642 0.158050
v 2.192438 1.477649 0.017733
v 2.051500 1.738352 0.592817
v 1.875982 1.722723 0.264205
v 1.885583 1.736005 0.585404
v 1.713070 1.729102 0.262398
v 1.719429 1.743665 0.578329
v 1.550432 1.743108 0.260924
v 1.554260 1.759512 0.572805
v 1.386534 1.782601 0.569153
v 1.384657 1.764132 0.260034
v 1.441054 0.903871 0.322669
v 1.404702 1.353418 0.284176
v 1.694275 0.000000 0.517858
v 1.541765 0.451936 0.392614
v 1.456729 0.000000 0.517858
v 1.328710 1.353418 0.284176
v 1.344781 0.903871 0.322669
v 1.389305 0.451936 0.392614
v -1.647556 0.138444 -0.951217
v -0.000000 0.101170 -1.916957
v -1.253531 0.138444 -1.178707
v -0.823778 0.138444 -1.426825
v -0.410235 0.138444 -1.665584
v -1.647556 0.138444 0.951217
v 0.000000 0.138444 1.902433
v -1.246097 0.141759 1.196994
v -0.831934 0.116950 1.441624
v -0.341385 0.074443 1.763422
v 1.655038 0.116270 -0.955537
v 0.429243 0.127802 -1.670993
v 0.780073 0.094912 -1.470729
v 1.241322 0.138444 -1.185756
v 1.647556 0.138444 0.951217
v 0.469797 0.110779 1.635685
v 0.827778 0.114739 1.433753
v 1.247327 0.138444 1.182289
v -1.647556 0.138444 0.501850
v -1.647556 0.138444 0.000000
v -1.647556 0.138444 -0.489121
v 1.647556 0.138444 -0.479492
v 1.436075 0.138444 -0.000000
v 1.436075 0.138444 -0.479492
v 1.647556 0.138444 0.479492
v 1.436075 0.138444 0.479492
v 1.541815 0.138444 0.479492
v 1.647556 0.138444 0.715354
v 1.541815 0.138444 -0.479492
v 1.647556 0.138444 -0.715354
v -1.647556 0.138444 -0.720169
v -1.647556 0.138444 -0.244560
v -1.647556 0.138444 0.250925
v -1.647556 0.138444 0.726534
v 1.470276 0.088648 1.061425
v 1.034750 0.114739 1.314257
v 0.647771 0.110779 1.532932
v 0.227782 0.084296 1.779711
v 1.448180 0.116270 -1.074966
v 1.018828 0.177055 -1.296779
v 0.627301 0.094938 -1.564033
v 0.211760 0.101046 -1.800575
v -0.115614 0.138444 1.835684
v -0.617843 0.116950 1.565229
v -1.051421 0.088978 1.339701
v -1.418974 0.105495 1.113990
v -0.205118 0.138444 -1.784009
v -0.617007 0.138444 -1.546205
v -1.038654 0.138444 -1.302766
v -1.450543 0.138444 -1.064962
v 0.265237 1.799182 1.379123
v -0.950187 1.810575 0.961594
v -0.595873 1.805952 1.159421
v -0.008017 1.843823 1.503921
v 0.365560 1.806660 1.305731
v -0.232602 1.824677 1.366372
v 0.131617 1.819045 1.431333
v -0.137604 1.824369 1.449284
v -0.694391 1.803820 1.094757
v -1.059144 1.835398 0.857313
v -1.163697 1.832300 0.811618
v -0.356744 1.809518 1.313217
v -1.268802 1.842412 0.602214
v -1.303854 1.814486 0.471948
v -1.268215 1.864261 -0.724320
v -1.330538 1.799921 -0.333292
v -1.190523 1.797267 -0.859678
v -0.405915 1.785788 -1.327331
v -1.303546 1.813430 0.346470
v -1.299567 1.824706 -0.481770
v -0.928353 1.772445 -1.040617
v -0.605889 1.785691 -1.194590
v -1.320358 1.788886 0.059469
v -1.323289 1.824729 -0.605473
v -0.267508 1.801116 -1.389716
v -1.321216 1.794988 -0.068491
v -1.280039 1.845061 0.739031
v -0.730774 1.772395 -1.134680
v -1.062605 1.787124 -0.940001
v 0.407544 1.786559 -1.316632
v 1.338189 1.829406 -0.783219
v 1.072350 1.779101 -0.965582
v 1.389239 1.793340 -0.708822
v 0.145979 1.801298 -1.455397
v -0.009899 1.811447 -1.572757
v 0.621034 1.765186 -1.212017
v 0.948015 1.788520 -1.009297
v 1.202239 1.806099 -0.871379
v -0.151880 1.808049 -1.474024
v 0.295228 1.778547 -1.398153
v 0.737263 1.781183 -1.127853
v 1.721790 1.754319 -0.777488
v 1.888458 1.744608 -0.739075
v 2.055844 1.750482 -0.727459
v 2.147867 1.741207 -0.644721
v 1.555665 1.769955 -0.750372
v 2.120184 1.755975 -0.742647
v 1.357920 1.814219 0.785922
v 1.555498 1.768712 0.729243
v 2.140008 1.713161 -0.000000
v 2.160306 1.728021 0.526262
v 2.146732 1.719434 0.309667
v 2.058144 1.756904 0.798733
v 2.147408 1.719406 -0.309940
v 1.357920 1.814219 0.785922
v 1.208360 1.799126 0.881973
v 2.168798 1.741827 0.655995
v 1.889147 1.746669 0.775891
v 1.387565 1.795574 0.765041
v 2.166356 1.727447 -0.522561
v 2.154166 1.718343 -0.186296
v 2.145309 1.718774 0.192381
v 1.721575 1.753353 0.759416
v 2.140062 1.759607 0.769326
v 1.068668 1.810428 0.909740
v 0.616232 1.774395 1.196933
v 0.943214 1.779327 1.028573
v 0.719151 1.795603 1.109164
v -0.027241 0.270202 -2.275226
v 0.027240 0.270202 -2.275227
v -0.027241 0.291777 -2.225891
v 0.027240 0.291777 -2.225891
v -0.059662 -0.000000 -2.199118
v 0.059661 -0.000000 -2.199118
v 0.059661 -0.000000 -2.078491
v -0.059662 -0.000000 -2.078491
v -0.024035 1.784039 -1.617983
v 0.002724 1.784039 -1.617983
v -0.024035 1.763246 -1.601639
v 0.002724 1.763246 -1.601639
v -0.013380 0.272112 -2.233295
v 0.013379 0.272112 -2.233295
v 0.013379 0.245928 -2.226500
v -0.013380 0.245928 -2.226500
v 1.932349 0.270203 -1.257400
v 1.974978 0.270202 -1.223473
v 1.901627 0.291777 -1.218798
v 1.944256 0.291777 -1.184871
v 1.859588 0.000000 -1.218038
v 1.952950 0.000000 -1.143733
v 1.877833 -0.000000 -1.049350
v 1.784470 -0.000000 -1.123656
v 1.373709 1.789409 -0.820529
v 1.387089 1.789409 -0.797354
v 1.359555 1.768616 -0.812357
v 1.372935 1.768616 -0.789182
v 1.917083 0.272112 -1.215959
v 1.938021 0.272112 -1.199296
v 1.933789 0.245928 -1.193979
v 1.912852 0.245928 -1.210643
v 1.984024 0.270203 1.114022
v 1.956784 0.270202 1.161205
v 1.941299 0.291777 1.089355
v 1.914058 0.291777 1.136537
v 1.934322 -0.000000 1.047891
v 1.874661 0.000000 1.151227
v 1.770196 -0.000000 1.090914
v 1.829857 -0.000000 0.987577
v 1.413232 1.784039 0.788177
v 1.399852 1.784039 0.811351
v 1.399078 1.763246 0.780005
v 1.385698 1.763246 0.803179
v 1.940781 0.272112 1.105061
v 1.927401 0.272112 1.128235
v 1.921516 0.245928 1.124838
v 1.934896 0.245928 1.101663
v 0.027240 0.270202 2.275227
v -0.027241 0.270203 2.275227
v 0.027240 0.291777 2.225892
v -0.027241 0.291777 2.225892
v 0.059660 -0.000000 2.199118
v -0.059662 0.000000 2.199118
v -0.059661 -0.000000 2.078492
v 0.059662 -0.000000 2.078491
v 0.024035 1.784039 1.617983
v -0.002725 1.784039 1.617983
v 0.024035 1.763246 1.601639
v -0.002725 1.763246 1.601639
v 0.013379 0.272112 2.233296
v -0.013380 0.272112 2.233296
v -0.013380 0.245928 2.226501
v 0.013380 0.245928 2.226501
v -1.956784 0.270202 1.161204
v -1.984025 0.270202 1.114022
v -1.914059 0.291777 1.136537
v -1.941299 0.291777 1.089354
v -1.874662 -0.000000 1.151226
v -1.934323 0.000000 1.047890
v -1.829857 -0.000000 0.987577
v -1.770196 -0.000000 1.090914
v -1.389197 1.784039 0.829806
v -1.402577 1.784039 0.806632
v -1.375043 1.763246 0.821634
v -1.388423 1.763246 0.798460
v -1.927401 0.272112 1.128235
v -1.940781 0.272112 1.105060
v -1.934896 0.245927 1.101663
v -1.921517 0.245927 1.124837
v -1.984024 0.270202 -1.114023
v -1.956783 0.270202 -1.161206
v -1.941299 0.291777 -1.089355
v -1.914058 0.291777 -1.136538
v -1.934322 -0.000000 -1.047892
v -1.874660 0.000000 -1.151228
v -1.770195 -0.000000 -1.090914
v -1.829857 -0.000000 -0.987578
v -1.413232 1.784039 -0.788177
v -1.399852 1.784038 -0.811351
v -1.399077 1.763245 -0.780005
v -1.385698 1.763246 -0.803180
v -1.940780 0.272112 -1.105062
v -1.927400 0.272112 -1.128236
v -1.921516 0.245927 -1.124838
v -1.934896 0.245927 -1.101664
v 2.538300 0.270203 -1.421724
v 2.584503 0.270202 -1.392854
v 2.512156 0.291777 -1.379886
v 2.558360 0.291777 -1.351015
v 2.470475 0.000000 -1.374361
v 2.571666 -0.000000 -1.311130
v 2.507743 -0.000000 -1.208833
v 2.406552 -0.000000 -1.272064
v 2.208662 1.763353 -0.888558
v 2.231355 1.763353 -0.874377
v 2.200001 1.742560 -0.874697
v 2.222694 1.742560 -0.860517
v 2.527835 0.272112 -1.378820
v 2.550528 0.272112 -1.364639
v 2.546927 0.245928 -1.358877
v 2.524234 0.245927 -1.373057
v 2.585886 0.270203 1.386386
v 2.539683 0.270202 1.415257
v 2.559743 0.291777 1.344547
v 2.513540 0.291777 1.373418
v 2.573049 0.000000 1.304662
v 2.471858 0.000000 1.367892
v 2.407936 -0.000000 1.265596
v 2.509127 -0.000000 1.202364
v 2.225740 1.763101 0.856318
v 2.203046 1.763101 0.870498
v 2.217079 1.742308 0.842457
v 2.194385 1.742308 0.856638
v 2.551911 0.272112 1.358171
v 2.529218 0.272112 1.372352
v 2.525617 0.245928 1.366589
v 2.548311 0.245927 1.352409
v 2.466559 0.072750 -1.306916
v 0.027241 0.042795 2.128078
v -0.027241 0.092690 -2.147680
v 2.547199 0.089030 1.324472
v -1.892669 0.086483 1.124187
v -1.886333 0.068331 -1.120531
v 1.882131 0.070080 -1.194301
v -1.837811 0.067666 -1.092516
v 1.844091 0.086125 1.096141
v 1.892668 0.086482 1.124188
v -1.864669 0.066542 -1.045113
v 1.871127 0.085524 1.048841
v 2.496378 0.073882 -1.354634
v 2.501074 0.089399 1.353469
v 0.027240 0.038965 2.182045
v 2.471283 0.088793 1.305792
v -0.027241 0.094031 -2.204234
v 1.924556 0.069269 -1.160118
v -1.919700 0.085881 1.076883
v 1.889566 0.068226 -1.116155
v -1.871128 0.085524 1.048841
v 2.517409 0.088423 1.276798
v -1.844092 0.086126 1.096142
v 1.847136 0.069037 -1.150331
v -1.913182 0.067206 -1.073122
v 2.542433 0.073192 -1.325528
v 1.919699 0.085880 1.076884
v 2.512619 0.072060 -1.277815
v 0.027240 0.094031 -2.204234
v -0.027241 0.038965 2.182045
v 0.027240 0.092690 -2.147680
v -0.027241 0.042795 2.128078
v -0.066508 3.118075 -0.384662
v -0.067817 3.230917 -0.451050
v -0.002902 3.307300 -0.011435
v -0.001223 3.122046 -0.011900
v -0.050597 2.981809 -0.443654
v 0.000457 2.999876 -0.012366
v -0.067962 3.117918 -0.301340
v -0.069271 3.230759 -0.367728
v -0.052051 2.981652 -0.360332
v -0.016860 2.805309 0.000000
v -0.016860 3.312534 0.000000
v -0.008430 2.805309 -0.014601
v -0.008430 3.312534 -0.014601
v 0.008430 2.805309 -0.014601
v 0.008430 3.312534 -0.014601
v 0.016860 2.805309 0.000000
v 0.016860 3.312534 0.000000
v 0.008430 2.805309 0.014601
v 0.008430 3.312534 0.014601
v -0.008430 2.805309 0.014601
v -0.008430 3.312534 0.014601
v -0.026088 2.873396 0.000000
v -0.045185 2.854298 0.000000
v -0.050397 2.841715 0.000000
v -0.052175 2.828211 0.000000
v -0.050397 2.814707 0.000000
v -0.045185 2.802123 0.000000
v -0.026088 2.783026 0.000000
v -0.013504 2.777813 0.000000
v -0.011695 2.878608 -0.006752
v -0.022593 2.873396 -0.013044
v -0.031951 2.865104 -0.018447
v -0.039131 2.854298 -0.022593
v -0.043645 2.841715 -0.025199
v -0.045185 2.828211 -0.026088
v -0.043645 2.814707 -0.025199
v -0.039131 2.802123 -0.022593
v -0.031951 2.791317 -0.018447
v -0.022593 2.783026 -0.013044
v -0.011695 2.777813 -0.006752
v -0.006752 2.878608 -0.011695
v -0.013044 2.873396 -0.022593
v -0.018447 2.865104 -0.031951
v -0.022593 2.854298 -0.039131
v -0.025199 2.841715 -0.043645
v -0.026088 2.828211 -0.045185
v -0.025199 2.814707 -0.043645
v -0.022593 2.802123 -0.039131
v -0.018447 2.791317 -0.031951
v -0.013044 2.783026 -0.022593
v -0.006752 2.777813 -0.011695
v 0.000000 2.878608 -0.013504
v 0.000000 2.873396 -0.026088
v 0.000000 2.865104 -0.036893
v 0.000000 2.854298 -0.045185
v 0.000000 2.841715 -0.050397
v 0.000000 2.828211 -0.052175
v 0.000000 2.814707 -0.050397
v 0.000000 2.802123 -0.045185
v 0.000000 2.791317 -0.036893
v 0.000000 2.783026 -0.026088
v 0.000000 2.777813 -0.013504
v 0.006752 2.878608 -0.011695
v 0.013044 2.873396 -0.022593
v 0.018447 2.865104 -0.031951
v 0.022593 2.854298 -0.039131
v 0.025199 2.841715 -0.043645
v 0.026088 2.828211 -0.045185
v 0.025199 2.814707 -0.043645
v 0.022593 2.802123 -0.039131
v 0.018447 2.791317 -0.031951
v 0.013044 2.783026 -0.022593
v 0.006752 2.777813 -0.011695
v 0.011695 2.878608 -0.006752
v 0.022593 2.873396 -0.013044
v 0.031951 2.865104 -0.018447
v 0.039131 2.854298 -0.022593
v 0.043645 2.841715 -0.025199
v 0.045185 2.828211 -0.026088
v 0.043645 2.814707 -0.025199
v 0.039131 2.802123 -0.022593
v 0.031951 2.791317 -0.018447
v 0.022593 2.783026 -0.013044
v 0.011695 2.777813 -0.006752
v 0.013504 2.878608 0.000000
v 0.026088 2.873396 -0.000000
v 0.036893 2.865104 0.000000
v 0.045185 2.854298 -0.000000
v 0.050397 2.841715 -0.000000
v 0.052175 2.828211 -0.000000
v 0.050397 2.814707 -0.000000
v 0.045185 2.802123 -0.000000
v 0.036893 2.791317 0.000000
v 0.026088 2.783026 -0.000000
v 0.013504 2.777813 0.000000
v 0.011695 2.878608 0.006752
v 0.022593 2.873396 0.013044
v 0.031951 2.865104 0.018447
v 0.039131 2.854298 0.022593
v 0.043645 2.841715 0.025199
v 0.045185 2.828211 0.026088
v 0.043645 2.814707 0.025199
v 0.039131 2.802123 0.022593
v 0.031951 2.791317 0.018447
v 0.022593 2.783026 0.013044
v 0.011695 2.777813 0.006752
v 0.000000 2.880386 0.000000
v 0.006752 2.878608 0.011695
v 0.013044 2.873396 0.022593
v 0.018447 2.865104 0.031951
v 0.022593 2.854298 0.039131
v 0.025199 2.841715 0.043645
v 0.026088 2.828211 0.045185
v 0.025199 2.814707 0.043645
v 0.022593 2.802123 0.039131
v 0.018447 2.791317 0.031951
v 0.013044 2.783026 0.022593
v 0.006752 2.777813 0.011695
v 0.000000 2.878608 0.013504
v 0.000000 2.873396 0.026088
v 0.000000 2.865104 0.036893
v 0.000000 2.854298 0.045185
v 0.000000 2.841715 0.050397
v 0.000000 2.828211 0.052175
v 0.000000 2.814707 0.050397
v 0.000000 2.802123 0.045185
v 0.000000 2.791317 0.036893
v 0.000000 2.783026 0.026088
v 0.000000 2.777813 0.013504
v -0.006752 2.878608 0.011695
v -0.013044 2.873396 0.022593
v -0.018447 2.865104 0.031951
v -0.022593 2.854298 0.039131
v -0.025199 2.841715 0.043645
v -0.026088 2.828211 0.045185
v -0.025199 2.814707 0.043645
v -0.022593 2.802123 0.039131
v -0.018447 2.791317 0.031951
v -0.013044 2.783026 0.022593
v -0.006752 2.777813 0.011695
v -0.011695 2.878608 0.006752
v -0.022593 2.873396 0.013044
v -0.031951 2.865104 0.018447
v -0.039131 2.854298 0.022593
v -0.043645 2.841715 0.025199
v -0.045185 2.828211 0.026088
v -0.043645 2.814707 0.025199
v -0.039131 2.802123 0.022593
v -0.031951 2.791317 0.018447
v -0.022593 2.783026 0.013044
v -0.011695 2.777813 0.006752
v 0.000000 2.776036 0.000000
v -0.013504 2.878608 0.000000
v -0.036893 2.865104 -0.000000
v -0.036893 2.791317 -0.000000
vt 0.468845 0.342646
vt 0.468845 0.342647
vt 0.468845 0.342647
vt 0.468845 0.342646
vt 0.531607 0.344268
vt 0.531607 0.344268
vt 0.531607 0.344268
vt 0.531607 0.344268
vt 0.468844 0.342646
vt 0.468844 0.342647
vt 0.468844 0.342647
vt 0.531605 0.344267
vt 0.531605 0.344267
vt 0.531605 0.344267
vt 0.531605 0.344268
vt 0.531605 0.344267
vt 0.531605 0.344267
vt 0.531605 0.344268
vt 0.531605 0.344267
vt 0.531605 0.344267
vt 0.531605 0.344268
vt 0.531605 0.344267
vt 0.531605 0.344267
vt 0.531605 0.344267
vt 0.531605 0.344267
vt 0.531605 0.344267
vt 0.531605 0.344267
vt 0.531605 0.344267
vt 0.531605 0.344267
vt 0.531605 0.344267
vt 0.531605 0.344267
vt 0.531605 0.344267
vt 0.531605 0.344268
vt 0.531605 0.344268
vt 0.531605 0.344267
vt 0.531605 0.344267
vt 0.531605 0.344268
vt 0.531605 0.344267
vt 0.531605 0.344267
vt 0.531605 0.344268
vt 0.531605 0.344267
vt 0.531605 0.344267
vt 0.531605 0.344268
vt 0.531605 0.344267
vt 0.531605 0.344267
vt 0.531605 0.344267
vt 0.531605 0.344267
vt 0.531605 0.344267
vt 0.531605 0.344267
vt 0.531605 0.344267
vt 0.531605 0.344267
vt 0.531605 0.344267
vt 0.531605 0.344267
vt 0.531605 0.344267
vt 0.531605 0.344267
vt 0.468846 0.342645
vt 0.468846 0.342646
vt 0.468845 0.342645
vt 0.468845 0.342646
vt 0.468844 0.342647
vt 0.719592 0.966309
vt 0.719592 0.966309
vt 0.719592 0.966309
vt 0.719592 0.966309
vt 0.468845 0.342643
vt 0.468845 0.342645
vt 0.468845 0.342643
vt 0.719593 0.966309
vt 0.719592 0.966309
vt 0.468845 0.342645
vt 0.468844 0.342645
vt 0.719592 0.966309
vt 0.719592 0.966309
vt 0.719593 0.966309
vt 0.468846 0.342643
vt 0.531605 0.344268
vt 0.531605 0.344268
vt 0.531606 0.344268
vt 0.531606 0.344268
vt 0.531606 0.344268
vt 0.531606 0.344268
vt 0.531606 0.344268
vt 0.531607 0.344268
vt 0.468845 0.342647
vt 0.468845 0.342647
vt 0.531606 0.344268
vt 0.531606 0.344268
vt 0.531606 0.344268
vt 0.531606 0.344268
vt 0.468846 0.342647
vt 0.468846 0.342647
vt 0.531606 0.344268
vt 0.531606 0.344268
vt 0.468845 0.342647
vt 0.468845 0.342643
vt 0.468844 0.342643
vt 0.468846 0.342643
vt 0.468845 0.342643
vt 0.468846 0.342643
vt 0.468845 0.342643
vt 0.468845 0.342643
vt 0.468845 0.342643
vt 0.468845 0.342643
vt 0.468844 0.342642
vt 0.468844 0.342643
vt 0.468845 0.342646
vt 0.468845 0.342646
vt 0.468845 0.342647
vt 0.468845 0.342647
vt 0.531607 0.344268
vt 0.531607 0.344268
vt 0.531607 0.344268
vt 0.531607 0.344268
vt 0.468844 0.342646
vt 0.468844 0.342647
vt 0.468844 0.342647
vt 0.531605 0.344267
vt 0.531605 0.344267
vt 0.531605 0.344267
vt 0.531605 0.344267
vt 0.531605 0.344268
vt 0.531605 0.344267
vt 0.531605 0.344267
vt 0.531605 0.344268
vt 0.531605 0.344267
vt 0.531605 0.344267
vt 0.531605 0.344268
vt 0.531605 0.344267
vt 0.531605 0.344267
vt 0.531605 0.344267
vt 0.531605 0.344267
vt 0.531605 0.344267
vt 0.531605 0.344267
vt 0.531605 0.344267
vt 0.531605 0.344267
vt 0.531605 0.344267
vt 0.531605 0.344268
vt 0.531605 0.344268
vt 0.531605 0.344267
vt 0.531605 0.344267
vt 0.531605 0.344268
vt 0.531605 0.344267
vt 0.531605 0.344267
vt 0.531605 0.344268
vt 0.531605 0.344267
vt 0.531605 0.344267
vt 0.531605 0.344268
vt 0.531605 0.344267
vt 0.531605 0.344267
vt 0.531605 0.344267
vt 0.531605 0.344267
vt 0.531605 0.344267
vt 0.531605 0.344267
vt 0.531605 0.344267
vt 0.531605 0.344267
vt 0.531605 0.344267
vt 0.531605 0.344267
vt 0.531605 0.344267
vt 0.531605 0.344267
vt 0.531605 0.344267
vt 0.468846 0.342645
vt 0.468845 0.342645
vt 0.468846 0.342646
vt 0.468845 0.342646
vt 0.468844 0.342647
vt 0.719592 0.966309
vt 0.719592 0.966309
vt 0.719592 0.966309
vt 0.719592 0.966309
vt 0.468845 0.342643
vt 0.468845 0.342643
vt 0.468845 0.342645
vt 0.719593 0.966309
vt 0.719593 0.966309
vt 0.468845 0.342645
vt 0.468844 0.342645
vt 0.719592 0.966309
vt 0.719592 0.966309
vt 0.719593 0.966309
vt 0.468846 0.342643
vt 0.531605 0.344268
vt 0.531605 0.344268
vt 0.531606 0.344268
vt 0.531606 0.344268
vt 0.531606 0.344268
vt 0.531606 0.344268
vt 0.531606 0.344268
vt 0.531607 0.344268
vt 0.468845 0.342647
vt 0.468845 0.342647
vt 0.531606 0.344268
vt 0.531606 0.344268
vt 0.531606 0.344268
vt 0.531606 0.344268
vt 0.468846 0.342647
vt 0.468846 0.342647
vt 0.531606 0.344268
vt 0.531606 0.344268
vt 0.468845 0.342647
vt 0.468845 0.342643
vt 0.468844 0.342643
vt 0.468846 0.342643
vt 0.468846 0.342642
vt 0.468845 0.342643
vt 0.468845 0.342642
vt 0.468845 0.342642
vt 0.468845 0.342642
vt 0.468844 0.342642
vt 0.468844 0.342643
vt 0.468844 0.342643
vt 0.531607 0.344267
vt 0.531606 0.344268
vt 0.531606 0.344268
vt 0.531606 0.344267
vt 0.468846 0.342647
vt 0.468846 0.342647
vt 0.468846 0.342647
vt 0.531605 0.344267
vt 0.531606 0.344268
vt 0.531605 0.344268
vt 0.468844 0.342647
vt 0.468844 0.342647
vt 0.468844 0.342647
vt 0.468844 0.342647
vt 0.468844 0.342647
vt 0.468844 0.342647
vt 0.468843 0.342647
vt 0.468843 0.342647
vt 0.468843 0.342647
vt 0.468843 0.342647
vt 0.468843 0.342647
vt 0.468843 0.342646
vt 0.468843 0.342646
vt 0.468844 0.342646
vt 0.468843 0.342646
vt 0.468844 0.342646
vt 0.468844 0.342646
vt 0.468844 0.342646
vt 0.468844 0.342646
vt 0.468844 0.342647
vt 0.468844 0.342647
vt 0.468844 0.342647
vt 0.468844 0.342647
vt 0.468844 0.342647
vt 0.468844 0.342647
vt 0.468844 0.342647
vt 0.468844 0.342647
vt 0.468844 0.342647
vt 0.468844 0.342647
vt 0.468844 0.342647
vt 0.468843 0.342647
vt 0.468843 0.342647
vt 0.468843 0.342647
vt 0.468843 0.342647
vt 0.468843 0.342646
vt 0.468843 0.342646
vt 0.468844 0.342646
vt 0.468843 0.342646
vt 0.468844 0.342646
vt 0.468844 0.342646
vt 0.468844 0.342646
vt 0.468844 0.342646
vt 0.468844 0.342646
vt 0.468844 0.342646
vt 0.531607 0.344266
vt 0.531607 0.344267
vt 0.531607 0.344266
vt 0.531606 0.344267
vt 0.531606 0.344268
vt 0.719592 0.966309
vt 0.719592 0.966309
vt 0.719592 0.966309
vt 0.719592 0.966309
vt 0.531607 0.344264
vt 0.531606 0.344266
vt 0.531606 0.344264
vt 0.531606 0.344266
vt 0.531605 0.344266
vt 0.719592 0.966309
vt 0.719592 0.966309
vt 0.531607 0.344264
vt 0.468844 0.342647
vt 0.468844 0.342647
vt 0.468844 0.342647
vt 0.468845 0.342647
vt 0.468845 0.342647
vt 0.468845 0.342647
vt 0.468845 0.342647
vt 0.468845 0.342647
vt 0.531606 0.344268
vt 0.531606 0.344268
vt 0.468845 0.342647
vt 0.468845 0.342647
vt 0.468845 0.342647
vt 0.468845 0.342647
vt 0.531607 0.344268
vt 0.468845 0.342647
vt 0.468845 0.342647
vt 0.531607 0.344268
vt 0.531606 0.344264
vt 0.531605 0.344264
vt 0.531607 0.344263
vt 0.531607 0.344263
vt 0.531607 0.344263
vt 0.531606 0.344263
vt 0.531606 0.344263
vt 0.531606 0.344263
vt 0.531606 0.344263
vt 0.531605 0.344263
vt 0.531606 0.344263
vt 0.531607 0.344267
vt 0.531606 0.344267
vt 0.531606 0.344268
vt 0.531606 0.344268
vt 0.468846 0.342647
vt 0.468846 0.342647
vt 0.468846 0.342647
vt 0.531605 0.344267
vt 0.531605 0.344268
vt 0.531606 0.344268
vt 0.468844 0.342647
vt 0.468844 0.342647
vt 0.468844 0.342647
vt 0.468844 0.342647
vt 0.468844 0.342647
vt 0.468844 0.342647
vt 0.468843 0.342647
vt 0.468843 0.342647
vt 0.468843 0.342647
vt 0.468843 0.342647
vt 0.468843 0.342647
vt 0.468843 0.342646
vt 0.468843 0.342646
vt 0.468844 0.342646
vt 0.468843 0.342646
vt 0.468844 0.342646
vt 0.468844 0.342646
vt 0.468844 0.342646
vt 0.468844 0.342646
vt 0.468844 0.342647
vt 0.468844 0.342647
vt 0.468844 0.342647
vt 0.468844 0.342647
vt 0.468844 0.342647
vt 0.468844 0.342647
vt 0.468844 0.342647
vt 0.468844 0.342647
vt 0.468844 0.342647
vt 0.468844 0.342647
vt 0.468844 0.342647
vt 0.468843 0.342647
vt 0.468843 0.342647
vt 0.468843 0.342647
vt 0.468843 0.342647
vt 0.468843 0.342646
vt 0.468843 0.342646
vt 0.468844 0.342646
vt 0.468843 0.342646
vt 0.468844 0.342646
vt 0.468844 0.342646
vt 0.468844 0.342646
vt 0.468844 0.342646
vt 0.468844 0.342646
vt 0.468844 0.342646
vt 0.531607 0.344266
vt 0.531607 0.344266
vt 0.531607 0.344267
vt 0.531606 0.344267
vt 0.531606 0.344268
vt 0.719592 0.966309
vt 0.719592 0.966309
vt 0.719592 0.966309
vt 0.719592 0.966309
vt 0.531607 0.344264
vt 0.531606 0.344264
vt 0.531606 0.344266
vt 0.719593 0.966309
vt 0.531606 0.344266
vt 0.531605 0.344266
vt 0.719592 0.966309
vt 0.719592 0.966309
vt 0.531607 0.344264
vt 0.468844 0.342647
vt 0.468844 0.342647
vt 0.468844 0.342647
vt 0.468845 0.342647
vt 0.468845 0.342647
vt 0.468845 0.342647
vt 0.468845 0.342647
vt 0.468845 0.342647
vt 0.531606 0.344268
vt 0.531606 0.344268
vt 0.468845 0.342647
vt 0.468845 0.342647
vt 0.468845 0.342647
vt 0.468845 0.342647
vt 0.531607 0.344268
vt 0.468845 0.342647
vt 0.468845 0.342647
vt 0.531607 0.344268
vt 0.531606 0.344264
vt 0.531605 0.344264
vt 0.531607 0.344263
vt 0.531607 0.344263
vt 0.531607 0.344263
vt 0.531606 0.344263
vt 0.531606 0.344263
vt 0.531606 0.344263
vt 0.531606 0.344263
vt 0.531606 0.344263
vt 0.531605 0.344263
vt 0.531607 0.344267
vt 0.531606 0.344268
vt 0.531606 0.344268
vt 0.531606 0.344267
vt 0.468846 0.342647
vt 0.468846 0.342647
vt 0.468846 0.342647
vt 0.531605 0.344267
vt 0.531606 0.344268
vt 0.468844 0.342647
vt 0.468844 0.342647
vt 0.468844 0.342647
vt 0.468844 0.342647
vt 0.468844 0.342647
vt 0.468844 0.342647
vt 0.468843 0.342647
vt 0.468843 0.342647
vt 0.468843 0.342647
vt 0.468843 0.342647
vt 0.468843 0.342647
vt 0.468843 0.342646
vt 0.468843 0.342646
vt 0.468844 0.342646
vt 0.468843 0.342646
vt 0.468844 0.342646
vt 0.468844 0.342646
vt 0.468844 0.342646
vt 0.468844 0.342646
vt 0.468844 0.342647
vt 0.468844 0.342647
vt 0.468844 0.342647
vt 0.468844 0.342647
vt 0.468844 0.342647
vt 0.468844 0.342647
vt 0.468844 0.342647
vt 0.468844 0.342647
vt 0.468844 0.342647
vt 0.468844 0.342647
vt 0.468843 0.342647
vt 0.468843 0.342647
vt 0.468843 0.342647
vt 0.468843 0.342647
vt 0.468843 0.342646
vt 0.468843 0.342646
vt 0.468844 0.342646
vt 0.468843 0.342646
vt 0.468844 0.342646
vt 0.468844 0.342646
vt 0.468844 0.342646
vt 0.468844 0.342646
vt 0.468844 0.342646
vt 0.468844 0.342646
vt 0.531607 0.344266
vt 0.531607 0.344267
vt 0.531607 0.344266
vt 0.531606 0.344267
vt 0.531606 0.344268
vt 0.719592 0.966309
vt 0.719592 0.966309
vt 0.531607 0.344264
vt 0.531606 0.344266
vt 0.531606 0.344264
vt 0.531606 0.344266
vt 0.531605 0.344266
vt 0.719592 0.966309
vt 0.531607 0.344264
vt 0.468844 0.342647
vt 0.468844 0.342647
vt 0.468844 0.342647
vt 0.468845 0.342647
vt 0.468845 0.342647
vt 0.468845 0.342647
vt 0.468845 0.342647
vt 0.468845 0.342647
vt 0.531606 0.344268
vt 0.531606 0.344268
vt 0.468845 0.342647
vt 0.468845 0.342647
vt 0.468845 0.342647
vt 0.468845 0.342647
vt 0.531607 0.344268
vt 0.468845 0.342647
vt 0.468845 0.342647
vt 0.531607 0.344268
vt 0.531606 0.344264
vt 0.531605 0.344264
vt 0.531607 0.344263
vt 0.531607 0.344263
vt 0.531607 0.344263
vt 0.531606 0.344263
vt 0.531606 0.344263
vt 0.531606 0.344263
vt 0.531606 0.344263
vt 0.531605 0.344263
vt 0.531606 0.344263
vt 0.720685 0.966671
vt 0.720686 0.966671
vt 0.720687 0.966671
vt 0.720686 0.966671
vt 0.531605 0.344267
vt 0.531605 0.344267
vt 0.531605 0.344268
vt 0.531605 0.344268
vt 0.531605 0.344267
vt 0.531605 0.344267
vt 0.531605 0.344268
vt 0.531605 0.344267
vt 0.531605 0.344267
vt 0.531605 0.344268
vt 0.531605 0.344267
vt 0.531605 0.344267
vt 0.531605 0.344268
vt 0.531605 0.344267
vt 0.531605 0.344267
vt 0.531605 0.344267
vt 0.531605 0.344267
vt 0.531605 0.344267
vt 0.531605 0.344267
vt 0.531605 0.344267
vt 0.531605 0.344267
vt 0.531605 0.344267
vt 0.531605 0.344267
vt 0.531605 0.344267
vt 0.531605 0.344267
vt 0.531605 0.344268
vt 0.531605 0.344267
vt 0.531605 0.344267
vt 0.531605 0.344268
vt 0.531605 0.344267
vt 0.531605 0.344267
vt 0.531605 0.344268
vt 0.531605 0.344267
vt 0.531605 0.344267
vt 0.531605 0.344268
vt 0.531605 0.344267
vt 0.531605 0.344267
vt 0.531605 0.344268
vt 0.531605 0.344267
vt 0.531605 0.344267
vt 0.531605 0.344267
vt 0.531605 0.344267
vt 0.531605 0.344267
vt 0.531605 0.344267
vt 0.531605 0.344267
vt 0.531605 0.344267
vt 0.531605 0.344267
vt 0.531605 0.344267
vt 0.719591 0.966309
vt 0.719591 0.966309
vt 0.719591 0.966309
vt 0.719591 0.966309
vt 0.719591 0.966309
vt 0.719591 0.966309
vt 0.719591 0.966309
vt 0.719591 0.966309
vt 0.719591 0.966309
vt 0.719591 0.966309
vt 0.719591 0.966309
vt 0.719591 0.966309
vt 0.719591 0.966309
vt 0.719591 0.966309
vt 0.719591 0.966309
vt 0.719591 0.966309
vt 0.719591 0.966309
vt 0.719591 0.966309
vt 0.719591 0.966309
vt 0.719591 0.966309
vt 0.719591 0.966309
vt 0.719591 0.966309
vt 0.719591 0.966309
vt 0.719591 0.966309
vt 0.719591 0.966309
vt 0.719591 0.966309
vt 0.719591 0.966309
vt 0.719591 0.966309
vt 0.468843 0.342645
vt 0.468843 0.342646
vt 0.468843 0.342646
vt 0.468843 0.342645
vt 0.468843 0.342643
vt 0.468843 0.342643
vt 0.468843 0.342642
vt 0.468843 0.342643
vt 0.468843 0.342643
vt 0.468844 0.342647
vt 0.468844 0.342647
vt 0.468844 0.342647
vt 0.468844 0.342647
vt 0.468843 0.342647
vt 0.468843 0.342646
vt 0.468843 0.342645
vt 0.468843 0.342647
vt 0.468843 0.342647
vt 0.592121 0.342850
vt 0.592121 0.342850
vt 0.592121 0.342850
vt 0.592121 0.342850
vt 0.592121 0.342852
vt 0.592121 0.342853
vt 0.592121 0.342853
vt 0.592121 0.342852
vt 0.592121 0.342854
vt 0.468843 0.342643
vt 0.468843 0.342643
vt 0.468843 0.342643
vt 0.531605 0.344267
vt 0.719591 0.966309
vt 0.719591 0.966309
vt 0.719591 0.966309
vt 0.719591 0.966309
vt 0.531605 0.344267
vt 0.531605 0.344268
vt 0.531605 0.344268
vt 0.531605 0.344267
vt 0.531605 0.344267
vt 0.531605 0.344268
vt 0.531605 0.344267
vt 0.531605 0.344267
vt 0.531605 0.344268
vt 0.531605 0.344267
vt 0.531605 0.344267
vt 0.531605 0.344268
vt 0.531605 0.344267
vt 0.531605 0.344267
vt 0.531605 0.344267
vt 0.531605 0.344267
vt 0.531605 0.344267
vt 0.531605 0.344267
vt 0.531605 0.344267
vt 0.531605 0.344267
vt 0.531605 0.344267
vt 0.531605 0.344267
vt 0.531605 0.344267
vt 0.531605 0.344267
vt 0.531605 0.344267
vt 0.531605 0.344267
vt 0.531605 0.344268
vt 0.531605 0.344267
vt 0.531605 0.344267
vt 0.531605 0.344268
vt 0.531605 0.344267
vt 0.531605 0.344267
vt 0.531605 0.344268
vt 0.531605 0.344267
vt 0.531605 0.344267
vt 0.531605 0.344268
vt 0.531605 0.344267
vt 0.531605 0.344267
vt 0.531605 0.344267
vt 0.531605 0.344267
vt 0.531605 0.344267
vt 0.531605 0.344267
vt 0.531605 0.344267
vt 0.531605 0.344267
vt 0.531605 0.344267
vt 0.531605 0.344267
vt 0.531605 0.344267
vt 0.719591 0.966309
vt 0.719591 0.966309
vt 0.719591 0.966309
vt 0.719591 0.966309
vt 0.719591 0.966309
vt 0.719591 0.966309
vt 0.719591 0.966309
vt 0.719591 0.966309
vt 0.719591 0.966309
vt 0.719591 0.966309
vt 0.719591 0.966309
vt 0.719591 0.966309
vt 0.719591 0.966309
vt 0.719591 0.966309
vt 0.719591 0.966309
vt 0.719591 0.966309
vt 0.719591 0.966309
vt 0.719591 0.966309
vt 0.468843 0.342645
vt 0.468843 0.342645
vt 0.468843 0.342646
vt 0.468843 0.342646
vt 0.468843 0.342643
vt 0.468843 0.342643
vt 0.468843 0.342643
vt 0.468843 0.342643
vt 0.468843 0.342643
vt 0.468844 0.342647
vt 0.468844 0.342647
vt 0.468844 0.342647
vt 0.468844 0.342647
vt 0.468843 0.342645
vt 0.468843 0.342646
vt 0.719591 0.966309
vt 0.592121 0.342850
vt 0.592121 0.342850
vt 0.592121 0.342852
vt 0.592121 0.342853
vt 0.468843 0.342643
vt 0.468843 0.342643
vt 0.468843 0.342643
vt 0.719592 0.966309
vt 0.531606 0.344268
vt 0.531606 0.344268
vt 0.531606 0.344268
vt 0.531606 0.344268
vt 0.531606 0.344268
vt 0.531606 0.344268
vt 0.468845 0.342647
vt 0.468845 0.342647
vt 0.468845 0.342647
vt 0.468845 0.342647
vt 0.592122 0.342849
vt 0.592122 0.342849
vt 0.592121 0.342849
vt 0.592121 0.342849
vt 0.592122 0.342849
vt 0.592121 0.342849
vt 0.592121 0.342849
vt 0.592122 0.342849
vt 0.592121 0.342849
vt 0.592123 0.342849
vt 0.592123 0.342849
vt 0.592122 0.342849
vt 0.592124 0.342849
vt 0.592123 0.342849
vt 0.592123 0.342849
vt 0.592123 0.342849
vt 0.592123 0.342849
vt 0.592123 0.342849
vt 0.592124 0.342849
vt 0.592122 0.342849
vt 0.592123 0.342849
vt 0.592123 0.342849
vt 0.592124 0.342849
vt 0.592122 0.342849
vt 0.592123 0.342849
vt 0.592122 0.342849
vt 0.724822 0.964548
vt 0.724822 0.964548
vt 0.724822 0.964548
vt 0.724822 0.964548
vt 0.724822 0.964548
vt 0.724822 0.964548
vt 0.724822 0.964548
vt 0.724822 0.964548
vt 0.724822 0.964548
vt 0.724822 0.964548
vt 0.724822 0.964548
vt 0.724822 0.964548
vt 0.724822 0.964548
vt 0.724822 0.964548
vt 0.724823 0.964548
vt 0.724822 0.964548
vt 0.724823 0.964548
vt 0.724823 0.964548
vt 0.724823 0.964548
vt 0.724823 0.964548
vt 0.724823 0.964548
vt 0.724824 0.964548
vt 0.724824 0.964548
vt 0.724823 0.964548
vt 0.724824 0.964548
vt 0.724824 0.964548
vt 0.724824 0.964548
vt 0.724824 0.964548
vt 0.724824 0.964548
vt 0.724824 0.964548
vt 0.724823 0.964548
vt 0.724823 0.964548
vt 0.724823 0.964548
vt 0.724824 0.964548
vt 0.724823 0.964548
vt 0.724824 0.964548
vt 0.724824 0.964548
vt 0.724824 0.964548
vt 0.724824 0.964548
vt 0.724824 0.964548
vt 0.724824 0.964548
vt 0.724824 0.964548
vt 0.724823 0.964548
vt 0.724823 0.964548
vt 0.724823 0.964548
vt 0.724824 0.964548
vt 0.724824 0.964548
vt 0.724823 0.964548
vt 0.724824 0.964548
vt 0.724824 0.964548
vt 0.724824 0.964548
vt 0.724824 0.964548
vt 0.724824 0.964548
vt 0.724824 0.964548
vt 0.724823 0.964548
vt 0.724823 0.964548
vt 0.724823 0.964548
vt 0.724824 0.964548
vt 0.724823 0.964548
vt 0.724824 0.964548
vt 0.724824 0.964548
vt 0.724824 0.964548
vt 0.724824 0.964548
vt 0.724824 0.964548
vt 0.724823 0.964548
vt 0.724823 0.964548
vt 0.724823 0.964548
vt 0.724824 0.964548
vt 0.724824 0.964548
vt 0.724823 0.964548
vt 0.724824 0.964548
vt 0.724824 0.964548
vt 0.724824 0.964548
vt 0.724824 0.964548
vt 0.719593 0.966309
vt 0.719593 0.966309
vt 0.719592 0.966309
vt 0.719592 0.966309
vt 0.719593 0.966309
vt 0.719593 0.966309
vt 0.719593 0.966309
vt 0.719592 0.966309
vt 0.719593 0.966309
vt 0.719593 0.966309
vt 0.719592 0.966309
vt 0.719592 0.966309
vt 0.719592 0.966309
vt 0.719592 0.966309
vt 0.719592 0.966309
vt 0.719592 0.966309
vt 0.719593 0.966309
vt 0.719593 0.966309
vt 0.719593 0.966309
vt 0.719593 0.966309
vt 0.719591 0.966309
vt 0.719592 0.966309
vt 0.719592 0.966309
vt 0.719592 0.966309
vt 0.719592 0.966309
vt 0.719592 0.966309
vt 0.719593 0.966309
vt 0.719593 0.966309
vt 0.719593 0.966309
vt 0.719592 0.966309
vt 0.719592 0.966309
vt 0.719592 0.966309
vt 0.719592 0.966309
vt 0.719592 0.966309
vt 0.719593 0.966309
vt 0.719593 0.966309
vt 0.719593 0.966309
vt 0.719592 0.966309
vt 0.719593 0.966309
vt 0.719591 0.966309
vt 0.531605 0.344268
vt 0.531605 0.344268
vt 0.468843 0.342647
vt 0.468843 0.342647
vt 0.468844 0.342647
vt 0.468844 0.342647
vt 0.468844 0.342647
vt 0.468844 0.342647
vt 0.468844 0.342647
vt 0.468844 0.342647
vt 0.468844 0.342647
vt 0.468844 0.342647
vt 0.468844 0.342647
vt 0.468844 0.342647
vt 0.468844 0.342647
vt 0.468844 0.342647
vt 0.468844 0.342647
vt 0.468844 0.342647
vt 0.468844 0.342647
vt 0.468844 0.342647
vt 0.468844 0.342647
vt 0.468844 0.342647
vt 0.468844 0.342647
vt 0.468844 0.342647
vt 0.468844 0.342647
vt 0.468844 0.342647
vt 0.531605 0.344268
vt 0.531605 0.344268
vt 0.468844 0.342647
vt 0.468843 0.342647
vt 0.468843 0.342647
vt 0.468844 0.342647
vt 0.468844 0.342647
vt 0.468844 0.342647
vt 0.468844 0.342647
vt 0.468844 0.342647
vt 0.468844 0.342647
vt 0.468844 0.342647
vt 0.468844 0.342647
vt 0.468844 0.342647
vt 0.719592 0.966309
vt 0.719591 0.966309
vt 0.468844 0.342647
vt 0.468844 0.342647
vt 0.719592 0.966309
vt 0.719592 0.966309
vt 0.719592 0.966309
vt 0.719592 0.966309
vt 0.719697 0.965574
vt 0.719697 0.965574
vt 0.719697 0.965574
vt 0.719697 0.965574
vt 0.972204 0.906242
vt 0.972203 0.906242
vt 0.972203 0.906240
vt 0.972204 0.906240
vt 0.972204 0.906245
vt 0.972203 0.906245
vt 0.719697 0.965574
vt 0.719697 0.965574
vt 0.972207 0.906245
vt 0.719706 0.965559
vt 0.908268 0.968018
vt 0.908268 0.968018
vt 0.908268 0.968018
vt 0.908268 0.968018
vt 0.908268 0.968018
vt 0.908268 0.968018
vt 0.908268 0.968018
vt 0.908268 0.968018
vt 0.719697 0.965574
vt 0.719697 0.965574
vt 0.719697 0.965574
vt 0.719697 0.965574
vt 0.972204 0.906242
vt 0.972202 0.906242
vt 0.972202 0.906240
vt 0.972204 0.906240
vt 0.972204 0.906245
vt 0.972202 0.906245
vt 0.719697 0.965574
vt 0.719697 0.965574
vt 0.972207 0.906245
vt 0.719706 0.965559
vt 0.908268 0.968018
vt 0.908268 0.968018
vt 0.908268 0.968018
vt 0.908268 0.968018
vt 0.908268 0.968018
vt 0.908268 0.968018
vt 0.908268 0.968018
vt 0.908268 0.968018
vt 0.719697 0.965574
vt 0.719697 0.965574
vt 0.719697 0.965574
vt 0.719697 0.965574
vt 0.972204 0.906242
vt 0.972202 0.906242
vt 0.972203 0.906240
vt 0.972204 0.906240
vt 0.972204 0.906245
vt 0.972203 0.906245
vt 0.719697 0.965574
vt 0.719697 0.965574
vt 0.972207 0.906245
vt 0.719706 0.965559
vt 0.908268 0.968018
vt 0.908268 0.968018
vt 0.908268 0.968018
vt 0.908268 0.968018
vt 0.908268 0.968018
vt 0.908268 0.968018
vt 0.908268 0.968018
vt 0.908268 0.968018
vt 0.719697 0.965574
vt 0.719697 0.965574
vt 0.719697 0.965574
vt 0.719697 0.965574
vt 0.972204 0.906242
vt 0.972202 0.906242
vt 0.972202 0.906240
vt 0.972204 0.906240
vt 0.972204 0.906245
vt 0.972202 0.906245
vt 0.719697 0.965574
vt 0.719697 0.965574
vt 0.972207 0.906245
vt 0.719706 0.965559
vt 0.908268 0.968018
vt 0.908268 0.968018
vt 0.908268 0.968018
vt 0.908268 0.968018
vt 0.908268 0.968018
vt 0.908268 0.968018
vt 0.908268 0.968018
vt 0.908268 0.968018
vt 0.719697 0.965574
vt 0.719697 0.965574
vt 0.719697 0.965574
vt 0.719697 0.965574
vt 0.972204 0.906242
vt 0.972202 0.906242
vt 0.972203 0.906240
vt 0.972204 0.906240
vt 0.972204 0.906245
vt 0.972203 0.906245
vt 0.719697 0.965574
vt 0.719697 0.965574
vt 0.972207 0.906245
vt 0.719706 0.965559
vt 0.908268 0.968018
vt 0.908268 0.968018
vt 0.908268 0.968018
vt 0.908268 0.968018
vt 0.908268 0.968018
vt 0.908268 0.968018
vt 0.908268 0.968018
vt 0.908268 0.968018
vt 0.719697 0.965574
vt 0.719697 0.965574
vt 0.719697 0.965574
vt 0.719697 0.965574
vt 0.972204 0.906242
vt 0.972202 0.906242
vt 0.972202 0.906240
vt 0.972204 0.906240
vt 0.972204 0.906245
vt 0.972202 0.906245
vt 0.719697 0.965574
vt 0.719697 0.965574
vt 0.972207 0.906245
vt 0.719706 0.965559
vt 0.908268 0.968018
vt 0.908268 0.968018
vt 0.908268 0.968018
vt 0.908268 0.968018
vt 0.908268 0.968018
vt 0.908268 0.968018
vt 0.908268 0.968018
vt 0.908268 0.968018
vt 0.719697 0.965574
vt 0.719697 0.965574
vt 0.719697 0.965574
vt 0.719697 0.965574
vt 0.972204 0.906242
vt 0.972202 0.906242
vt 0.972202 0.906240
vt 0.972204 0.906240
vt 0.972204 0.906245
vt 0.972202 0.906245
vt 0.719697 0.965574
vt 0.719697 0.965574
vt 0.972207 0.906245
vt 0.719706 0.965559
vt 0.908268 0.968018
vt 0.908268 0.968018
vt 0.908268 0.968018
vt 0.908268 0.968018
vt 0.908268 0.968018
vt 0.908268 0.968018
vt 0.908268 0.968018
vt 0.908268 0.968018
vt 0.719697 0.965574
vt 0.719697 0.965574
vt 0.719697 0.965574
vt 0.719697 0.965574
vt 0.972204 0.906242
vt 0.972202 0.906242
vt 0.972203 0.906240
vt 0.972204 0.906240
vt 0.972204 0.906245
vt 0.972203 0.906245
vt 0.719697 0.965574
vt 0.719697 0.965574
vt 0.972207 0.906245
vt 0.719706 0.965559
vt 0.908268 0.968018
vt 0.908268 0.968018
vt 0.908268 0.968018
vt 0.908268 0.968018
vt 0.908268 0.968018
vt 0.908268 0.968018
vt 0.908268 0.968018
vt 0.908268 0.968018
vt 0.719697 0.965574
vt 0.719697 0.965574
vt 0.719697 0.965574
vt 0.719697 0.965574
vt 0.719697 0.965574
vt 0.719697 0.965574
vt 0.719697 0.965574
vt 0.719697 0.965574
vt 0.972203 0.906237
vt 0.972202 0.906237
vt 0.972203 0.906237
vt 0.972202 0.906237
vt 0.972203 0.906237
vt 0.972202 0.906237
vt 0.972202 0.906237
vt 0.972203 0.906237
vt 0.719898 0.969631
vt 0.719898 0.969631
vt 0.719898 0.969631
vt 0.719898 0.969631
vt 0.843990 0.971185
vt 0.843990 0.971185
vt 0.843990 0.971185
vt 0.843990 0.971185
vt 0.843990 0.971185
vt 0.843990 0.971185
vt 0.784209 0.969067
vt 0.784209 0.969067
vt 0.784209 0.969067
vt 0.784209 0.969067
vt 0.784209 0.969067
vt 0.970001 0.965104
vt 0.970001 0.965104
vt 0.970001 0.965104
vt 0.970001 0.965104
vt 0.970001 0.965104
vt 0.970001 0.965104
vt 0.970001 0.965104
vt 0.970001 0.965104
vt 0.970001 0.965104
vt 0.970001 0.965104
vt 0.970001 0.965104
vt 0.970001 0.965104
vt 0.970035 0.965105
vt 0.970035 0.965113
vt 0.970026 0.965113
vt 0.970026 0.965105
vt 0.970035 0.965046
vt 0.970035 0.965055
vt 0.970026 0.965055
vt 0.970026 0.965046
vt 0.970035 0.965130
vt 0.970030 0.965138
vt 0.970026 0.965130
vt 0.970035 0.965071
vt 0.970035 0.965080
vt 0.970026 0.965080
vt 0.970026 0.965071
vt 0.970035 0.965096
vt 0.970026 0.965096
vt 0.970030 0.965038
vt 0.970035 0.965121
vt 0.970026 0.965121
vt 0.970035 0.965063
vt 0.970026 0.965063
vt 0.970035 0.965088
vt 0.970026 0.965088
vt 0.970018 0.965071
vt 0.970018 0.965063
vt 0.970018 0.965096
vt 0.970018 0.965088
vt 0.970018 0.965121
vt 0.970018 0.965113
vt 0.970018 0.965055
vt 0.970018 0.965080
vt 0.970018 0.965105
vt 0.970018 0.965046
vt 0.970018 0.965130
vt 0.970010 0.965130
vt 0.970010 0.965080
vt 0.970010 0.965071
vt 0.970010 0.965105
vt 0.970010 0.965096
vt 0.970010 0.965046
vt 0.970010 0.965121
vt 0.970010 0.965063
vt 0.970010 0.965088
vt 0.970010 0.965113
vt 0.970010 0.965055
vt 0.970001 0.965063
vt 0.970001 0.965055
vt 0.970001 0.965088
vt 0.970001 0.965080
vt 0.970001 0.965113
vt 0.970001 0.965105
vt 0.970001 0.965046
vt 0.970001 0.965130
vt 0.970001 0.965071
vt 0.970001 0.965096
vt 0.970001 0.965121
vt 0.969993 0.965130
vt 0.969993 0.965121
vt 0.969993 0.965071
vt 0.969993 0.965063
vt 0.969993 0.965096
vt 0.969993 0.965088
vt 0.969993 0.965113
vt 0.969993 0.965055
vt 0.969993 0.965080
vt 0.969993 0.965105
vt 0.969993 0.965046
vt 0.969985 0.965055
vt 0.969985 0.965046
vt 0.969985 0.965130
vt 0.969985 0.965080
vt 0.969985 0.965071
vt 0.969985 0.965105
vt 0.969985 0.965096
vt 0.969985 0.965121
vt 0.969985 0.965063
vt 0.969985 0.965088
vt 0.969985 0.965113
vt 0.969976 0.965121
vt 0.969976 0.965113
vt 0.969976 0.965063
vt 0.969976 0.965055
vt 0.969976 0.965088
vt 0.969976 0.965080
vt 0.969976 0.965105
vt 0.969976 0.965046
vt 0.969976 0.965130
vt 0.969976 0.965071
vt 0.969976 0.965096
vt 0.969968 0.965046
vt 0.969968 0.965130
vt 0.969968 0.965121
vt 0.969968 0.965071
vt 0.969968 0.965063
vt 0.969968 0.965096
vt 0.969968 0.965088
vt 0.969968 0.965113
vt 0.969968 0.965055
vt 0.969968 0.965080
vt 0.969968 0.965105
vt 0.969960 0.965113
vt 0.969960 0.965105
vt 0.969960 0.965055
vt 0.969960 0.965046
vt 0.969960 0.965130
vt 0.969960 0.965080
vt 0.969960 0.965071
vt 0.969960 0.965096
vt 0.969960 0.965121
vt 0.969960 0.965063
vt 0.969960 0.965088
vt 0.970060 0.965113
vt 0.970060 0.965121
vt 0.970051 0.965121
vt 0.970051 0.965113
vt 0.970060 0.965055
vt 0.970060 0.965063
vt 0.970051 0.965063
vt 0.970051 0.965055
vt 0.970060 0.965080
vt 0.970060 0.965088
vt 0.970051 0.965088
vt 0.970051 0.965080
vt 0.970060 0.965105
vt 0.970051 0.965105
vt 0.970060 0.965046
vt 0.970051 0.965046
vt 0.970060 0.965130
vt 0.970055 0.965138
vt 0.970051 0.965130
vt 0.970060 0.965071
vt 0.970051 0.965071
vt 0.970060 0.965096
vt 0.970051 0.965096
vt 0.970055 0.965038
vt 0.970043 0.965105
vt 0.970043 0.965096
vt 0.970043 0.965046
vt 0.970043 0.965130
vt 0.970043 0.965121
vt 0.970043 0.965071
vt 0.970043 0.965063
vt 0.970043 0.965088
vt 0.970043 0.965113
vt 0.970043 0.965055
vt 0.970043 0.965080
vn -0.4960 0.0092 -0.8683
vn -0.1710 0.8405 -0.5141
vn -0.4833 -0.0060 -0.8754
vn -0.5245 0.0854 -0.8471
vn -0.4868 0.0802 -0.8698
vn -0.4904 0.0748 -0.8683
vn -0.4860 0.0731 -0.8709
vn -0.4657 0.0687 -0.8823
vn -0.4684 0.0774 -0.8801
vn -0.4912 0.0785 -0.8675
vn -0.5103 0.0079 -0.8599
vn -0.5076 -0.0195 -0.8614
vn -0.5016 -0.0040 -0.8651
vn -0.4989 0.0423 -0.8656
vn -0.4982 0.0599 -0.8650
vn -0.5047 0.0485 -0.8619
vn -0.5004 0.0635 -0.8635
vn -0.5308 0.0773 -0.8440
vn -0.5203 0.0771 -0.8505
vn -0.5325 0.0784 -0.8428
vn -0.4907 0.0724 -0.8683
vn -0.5000 0.0566 -0.8642
vn -0.4812 0.0409 -0.8756
vn -0.5086 0.0185 -0.8608
vn -0.5215 0.0173 -0.8530
vn -0.4924 -0.0336 -0.8697
vn -0.5040 -0.0339 -0.8631
vn -0.5299 -0.0042 -0.8481
vn -0.4952 0.0813 -0.8650
vn -0.4984 0.0802 -0.8632
vn -0.5008 -0.0149 -0.8654
vn -0.3221 0.7673 -0.5545
vn -0.4880 0.2175 -0.8453
vn -0.3155 0.7647 -0.5619
vn -0.3128 0.8132 -0.4908
vn -0.2686 0.8132 -0.5163
vn -0.2986 0.8668 -0.3995
vn -0.3291 0.8643 -0.3803
vn -0.2889 0.8549 -0.4309
vn -0.2804 0.8591 -0.4283
vn -0.2905 0.8626 -0.4142
vn -0.2242 0.8536 -0.4702
vn -0.2653 0.8383 -0.4763
vn -0.2352 0.8445 -0.4812
vn -0.5023 -0.0138 -0.8646
vn -0.5097 -0.0055 -0.8604
vn -0.5196 0.0087 -0.8544
vn -0.3500 0.7142 -0.6062
vn -0.5342 0.0184 -0.8451
vn -0.4926 0.0024 -0.8703
vn -0.4969 -0.0011 -0.8678
vn -0.4738 0.3197 -0.8206
vn -0.4959 0.0092 0.8683
vn -0.2150 0.8431 0.4929
vn -0.4833 -0.0060 0.8754
vn -0.5228 0.0801 0.8487
vn -0.4868 0.0802 0.8698
vn -0.4904 0.0748 0.8683
vn -0.4860 0.0731 0.8709
vn -0.4657 0.0687 0.8823
vn -0.4684 0.0774 0.8801
vn -0.4912 0.0785 0.8675
vn -0.5103 0.0079 0.8599
vn -0.5076 -0.0195 0.8614
vn -0.5016 -0.0040 0.8651
vn -0.4989 0.0423 0.8656
vn -0.4982 0.0599 0.8650
vn -0.5047 0.0485 0.8619
vn -0.5004 0.0635 0.8635
vn -0.5308 0.0773 0.8440
vn -0.5203 0.0771 0.8505
vn -0.5325 0.0784 0.8428
vn -0.4907 0.0724 0.8683
vn -0.5000 0.0566 0.8642
vn -0.4812 0.0409 0.8756
vn -0.5086 0.0185 0.8608
vn -0.5215 0.0173 0.8530
vn -0.4924 -0.0336 0.8697
vn -0.5040 -0.0339 0.8631
vn -0.5299 -0.0042 0.8481
vn -0.4952 0.0813 0.8650
vn -0.4984 0.0802 0.8632
vn -0.5008 -0.0149 0.8654
vn -0.3227 0.7612 0.5625
vn -0.4880 0.2175 0.8453
vn -0.3293 0.7632 0.5560
vn -0.3128 0.8132 0.4908
vn -0.2681 0.8134 0.5162
vn -0.2986 0.8668 0.3995
vn -0.3291 0.8643 0.3803
vn -0.2889 0.8549 0.4309
vn -0.2822 0.8591 0.4269
vn -0.2905 0.8626 0.4142
vn -0.2236 0.8533 0.4710
vn -0.2658 0.8377 0.4771
vn -0.2356 0.8439 0.4819
vn -0.5023 -0.0139 0.8646
vn -0.5094 -0.0057 0.8605
vn -0.5196 0.0087 0.8544
vn -0.3500 0.7142 0.6062
vn -0.5266 0.0137 0.8500
vn -0.4926 0.0027 0.8703
vn -0.4970 -0.0010 0.8678
vn -0.4812 0.3483 0.8045
vn -0.4618 0.3600 0.8106
vn -0.4812 0.3527 0.8025
vn -0.4410 0.3510 0.8260
vn 0.5041 0.0092 -0.8636
vn 0.3598 0.8405 -0.4052
vn 0.5391 0.0071 -0.8422
vn 0.4714 0.0854 -0.8778
vn 0.5099 0.0802 -0.8565
vn 0.5068 0.0748 -0.8588
vn 0.5113 0.0731 -0.8563
vn 0.5312 0.0687 -0.8444
vn 0.5280 0.0774 -0.8457
vn 0.5057 0.0785 -0.8592
vn 0.4896 0.0079 -0.8719
vn 0.4921 -0.0195 -0.8703
vn 0.4983 -0.0040 -0.8670
vn 0.5002 0.0423 -0.8649
vn 0.5056 0.0845 -0.8586
vn 0.4941 0.0485 -0.8681
vn 0.4976 0.0635 -0.8651
vn 0.4655 0.0773 -0.8817
vn 0.4764 0.0771 -0.8758
vn 0.4636 0.0784 -0.8826
vn 0.5067 0.0724 -0.8591
vn 0.4984 0.0566 -0.8651
vn 0.5177 0.0409 -0.8546
vn 0.4912 0.0185 -0.8708
vn 0.4780 0.0173 -0.8782
vn 0.5070 -0.0336 -0.8613
vn 0.4954 -0.0339 -0.8680
vn 0.4807 0.0086 -0.8768
vn 0.5015 0.0813 -0.8613
vn 0.4984 0.0802 -0.8632
vn 0.4991 -0.0149 -0.8664
vn 0.3094 0.7759 -0.5498
vn 0.4880 0.2175 -0.8453
vn 0.3351 0.7696 -0.5435
vn 0.2692 0.8130 -0.5163
vn 0.3128 0.8132 -0.4908
vn 0.1606 0.8645 -0.4762
vn 0.1643 0.8649 -0.4744
vn 0.2282 0.8555 -0.4649
vn 0.2313 0.8587 -0.4574
vn 0.2134 0.8626 -0.4587
vn 0.2955 0.8532 -0.4298
vn 0.2798 0.8383 -0.4679
vn 0.2991 0.8445 -0.4443
vn 0.4976 -0.0138 -0.8673
vn 0.4903 -0.0055 -0.8715
vn 0.4801 0.0087 -0.8771
vn 0.3500 0.7142 -0.6062
vn 0.4648 0.0184 -0.8852
vn 0.5074 0.0028 -0.8617
vn 0.5030 -0.0010 -0.8643
vn 0.4615 0.3338 -0.8219
vn 0.4808 0.3338 -0.8108
vn 0.4755 0.3175 -0.8204
vn 0.4738 0.3197 -0.8206
vn 0.5045 0.0096 0.8634
vn 0.3598 0.8405 0.4052
vn 0.5883 0.0365 0.8078
vn 0.4714 0.0854 0.8778
vn 0.5099 0.0802 0.8565
vn 0.5068 0.0748 0.8588
vn 0.5113 0.0731 0.8563
vn 0.5312 0.0687 0.8444
vn 0.5280 0.0774 0.8457
vn 0.5057 0.0785 0.8592
vn 0.4896 0.0079 0.8719
vn 0.4921 -0.0195 0.8703
vn 0.4983 -0.0040 0.8670
vn 0.5002 0.0423 0.8649
vn 0.5315 0.1366 0.8360
vn 0.4941 0.0485 0.8681
vn 0.4976 0.0635 0.8651
vn 0.4655 0.0773 0.8817
vn 0.4764 0.0771 0.8758
vn 0.4636 0.0784 0.8826
vn 0.5067 0.0724 0.8591
vn 0.4984 0.0566 0.8651
vn 0.5177 0.0409 0.8546
vn 0.4912 0.0185 0.8708
vn 0.4780 0.0173 0.8782
vn 0.5070 -0.0336 0.8613
vn 0.4955 -0.0339 0.8680
vn 0.4695 -0.0042 0.8829
vn 0.5015 0.0813 0.8613
vn 0.4984 0.0802 0.8632
vn 0.4991 -0.0149 0.8664
vn 0.3262 0.7583 0.5644
vn 0.4880 0.2175 0.8453
vn 0.3186 0.7607 0.5656
vn 0.2692 0.8130 0.5163
vn 0.3128 0.8132 0.4908
vn 0.2037 0.8677 0.4535
vn 0.1643 0.8649 0.4744
vn 0.2282 0.8555 0.4649
vn 0.2297 0.8605 0.4547
vn 0.2134 0.8626 0.4587
vn 0.2957 0.8532 0.4297
vn 0.2798 0.8383 0.4679
vn 0.2991 0.8445 0.4443
vn 0.4976 -0.0138 0.8673
vn 0.4903 -0.0055 0.8715
vn 0.4801 0.0087 0.8771
vn 0.3500 0.7141 0.6062
vn 0.4648 0.0184 0.8852
vn 0.5074 0.0040 0.8617
vn 0.5028 -0.0007 0.8644
vn 0.4805 0.3023 0.8233
vn 0.4698 0.3096 0.8267
vn 0.4738 0.3197 0.8206
vn 0.4759 0.3068 0.8242
vn -0.9999 0.0091 -0.0046
vn -0.5343 0.8431 -0.0602
vn -0.9998 -0.0060 -0.0192
vn -0.9964 0.0801 0.0284
vn -0.9967 0.0802 -0.0134
vn -0.9972 0.0748 -0.0095
vn -0.9972 0.0731 -0.0146
vn -0.9969 0.0687 -0.0378
vn -0.9964 0.0774 -0.0344
vn -0.9969 0.0785 -0.0083
vn -0.9999 0.0079 0.0120
vn -0.9998 -0.0195 0.0090
vn -1.0000 -0.0040 0.0019
vn -0.9991 0.0423 -0.0008
vn -0.9982 0.0599 -0.0010
vn -0.9988 0.0485 0.0061
vn -0.9980 0.0635 0.0016
vn -0.9963 0.0773 0.0377
vn -0.9967 0.0771 0.0254
vn -0.9961 0.0784 0.0398
vn -0.9973 0.0724 -0.0092
vn -0.9984 0.0566 0.0009
vn -0.9989 0.0409 -0.0211
vn -0.9998 0.0185 0.0100
vn -0.9995 0.0173 0.0251
vn -0.9994 -0.0336 -0.0084
vn -0.9994 -0.0339 0.0049
vn -0.9994 -0.0042 0.0348
vn -0.9967 0.0813 -0.0037
vn -0.9968 0.0802 -0.0000
vn -0.9999 -0.0149 0.0010
vn -0.6456 0.7637 -0.0007
vn -0.9761 0.2175 0.0000
vn -0.6453 0.7639 0.0013
vn -0.5814 0.8132 0.0255
vn -0.5811 0.8134 -0.0259
vn -0.4953 0.8668 0.0588
vn -0.4939 0.8643 0.0949
vn -0.5176 0.8549 0.0347
vn -0.5113 0.8589 0.0299
vn -0.5040 0.8626 0.0445
vn -0.5201 0.8531 -0.0417
vn -0.5460 0.8377 -0.0084
vn -0.5352 0.8439 -0.0369
vn -0.9999 -0.0139 0.0027
vn -0.9999 -0.0056 0.0110
vn -0.9997 0.0087 0.0228
vn -0.7000 0.7142 0.0000
vn -0.9994 0.0137 0.0311
vn -1.0000 0.0023 -0.0086
vn -1.0000 -0.0011 -0.0036
vn -0.9475 0.3197 -0.0000
vn 0.4990 0.8632 0.0760
vn -0.1362 0.0691 -0.9883
vn -0.0969 0.0517 -0.9939
vn -0.0752 0.0508 -0.9959
vn -0.0533 0.0456 -0.9975
vn -0.0033 -0.0246 -0.9997
vn -0.0452 0.0438 -0.9980
vn -0.0628 0.0497 -0.9968
vn -0.0886 0.0551 -0.9945
vn -0.1040 0.0504 -0.9933
vn -0.0339 0.0084 -0.9994
vn -0.0434 0.0069 -0.9990
vn -0.0581 -0.0024 -0.9983
vn -0.0721 -0.0116 -0.9973
vn -0.1435 0.0386 -0.9889
vn 0.9981 -0.0124 0.0599
vn 0.9987 0.0007 0.0510
vn 0.9990 0.0156 0.0430
vn 0.9990 0.0294 0.0322
vn 0.9989 0.0424 0.0220
vn 0.9991 0.0367 0.0225
vn 0.9992 0.0237 0.0336
vn 0.9990 0.0094 0.0433
vn 0.9988 -0.0059 0.0481
vn 1.0000 0.0048 0.0018
vn 0.9998 -0.0179 0.0097
vn 0.9990 -0.0403 0.0166
vn 0.9979 -0.0612 0.0216
vn 0.9982 -0.0328 0.0503
vn 0.1464 0.9869 0.0678
vn 0.1000 0.9934 0.0566
vn 0.0469 0.9974 0.0551
vn -0.0255 0.9971 0.0711
vn -0.0035 0.9933 0.1152
vn 0.0483 0.9986 0.0221
vn 0.0443 0.9990 0.0062
vn 0.0636 0.9970 0.0452
vn 0.0285 0.9938 0.1076
vn -0.0059 0.9999 0.0131
vn -0.0098 0.9991 0.0423
vn 0.0338 0.9993 0.0164
vn 0.0438 0.9980 0.0447
vn 0.0739 0.9969 0.0279
vn 0.0917 0.9945 0.0505
vn 0.1311 0.9908 0.0325
vn 0.1317 0.9897 0.0568
vn 0.5578 0.8300 0.0026
vn 0.5509 0.8342 0.0256
vn 0.9968 0.0804 0.0001
vn 0.9761 0.2175 0.0000
vn 0.9475 0.3197 0.0000
vn 0.9990 0.0296 -0.0326
vn 0.9993 0.0378 0.0083
vn 0.9988 0.0487 0.0009
vn 0.5270 0.8496 0.0211
vn 0.0000 -0.0853 0.9964
vn 0.0000 -0.7522 0.6589
vn 0.9987 0.0510 0.0038
vn 0.9891 0.1476 -0.0000
vn 0.9994 0.0358 0.0001
vn 0.9952 0.0980 0.0000
vn 0.9997 0.0226 0.0001
vn 0.0000 -0.1529 0.9882
vn 0.0000 -0.2671 0.9637
vn 0.9987 0.0516 0.0000
vn 0.5009 0.8634 -0.0598
vn -0.1362 0.0691 0.9883
vn -0.0969 0.0517 0.9939
vn -0.0752 0.0508 0.9959
vn -0.0533 0.0456 0.9975
vn -0.0557 0.0114 0.9984
vn -0.0452 0.0438 0.9980
vn -0.0628 0.0497 0.9968
vn -0.0886 0.0551 0.9945
vn -0.1040 0.0504 0.9933
vn -0.0861 0.0011 0.9963
vn -0.0435 0.0049 0.9990
vn -0.0582 -0.0048 0.9983
vn -0.0721 -0.0144 0.9973
vn -0.1359 -0.0034 0.9907
vn 0.9981 -0.0124 -0.0599
vn 0.9987 0.0007 -0.0510
vn 0.9990 0.0156 -0.0430
vn 0.9990 0.0294 -0.0322
vn 0.9989 0.0425 -0.0220
vn 0.9991 0.0367 -0.0225
vn 0.9992 0.0237 -0.0336
vn 0.9990 0.0094 -0.0433
vn 0.9988 -0.0059 -0.0481
vn 1.0000 0.0048 -0.0018
vn 0.9998 -0.0179 -0.0097
vn 0.9990 -0.0403 -0.0166
vn 0.9979 -0.0612 -0.0216
vn 0.9934 0.0372 -0.1084
vn 0.1410 0.9880 -0.0631
vn 0.0997 0.9934 -0.0566
vn 0.0468 0.9974 -0.0553
vn -0.0309 0.9969 -0.0727
vn -0.0115 0.9934 -0.1139
vn 0.0490 0.9986 -0.0219
vn 0.0443 0.9990 -0.0062
vn 0.0635 0.9970 -0.0453
vn 0.0285 0.9938 -0.1076
vn -0.0059 0.9999 -0.0131
vn -0.0098 0.9991 -0.0423
vn 0.0338 0.9993 -0.0164
vn 0.0438 0.9980 -0.0447
vn 0.0739 0.9969 -0.0279
vn 0.0917 0.9945 -0.0505
vn 0.1311 0.9908 -0.0325
vn 0.1317 0.9897 -0.0568
vn 0.5578 0.8300 -0.0026
vn 0.5509 0.8342 -0.0256
vn 0.9968 0.0804 -0.0001
vn 0.9987 0.0376 -0.0330
vn 0.9993 0.0378 -0.0083
vn 0.9988 0.0487 -0.0009
vn 0.5270 0.8496 -0.0211
vn 0.0000 -0.0853 -0.9964
vn 0.0000 -0.7522 -0.6589
vn 0.9987 0.0510 -0.0038
vn 0.9994 0.0358 -0.0001
vn 0.9997 0.0226 -0.0001
vn 0.0000 -0.1529 -0.9882
vn 0.0000 -0.2671 -0.9637
vn 0.6515 0.7586 -0.0038
vn 0.6386 0.7691 -0.0249
vn 0.7000 0.7142 -0.0000
vn -0.0000 1.0000 0.0000
vn 0.0000 -1.0000 0.0000
vn 0.5023 0.0244 0.8644
vn 0.5233 0.0348 0.8514
vn -0.8929 0.4480 0.0453
vn -0.8149 0.5737 -0.0822
vn -0.8412 0.5364 0.0677
vn -0.8479 0.5248 -0.0759
vn 0.4674 0.3553 0.8095
vn 0.4628 0.3505 0.8142
vn 0.4694 0.3717 0.8009
vn 0.4739 0.3240 -0.8188
vn 0.4985 0.4224 -0.7570
vn 0.4038 0.4380 -0.8032
vn -0.3763 0.4459 0.8121
vn -0.3931 0.6180 0.6809
vn -0.3907 0.6018 0.6965
vn -0.3932 0.6221 0.6770
vn -0.4033 0.4629 -0.7894
vn -0.3773 0.6108 -0.6961
vn -0.4106 0.6166 -0.6717
vn -0.3751 0.6107 -0.6974
vn -0.2899 0.8601 0.4197
vn -0.2217 0.8535 0.4716
vn -0.2895 0.8601 -0.4201
vn -0.2222 0.8537 -0.4710
vn -0.5084 0.8601 0.0409
vn -0.5192 0.8535 -0.0438
vn 0.2195 0.8603 -0.4601
vn 0.2968 0.8537 -0.4279
vn 0.2283 0.8555 -0.4649
vn 0.1607 0.9844 0.0718
vn -0.0642 0.9941 0.0875
vn 0.1035 0.9930 0.0572
vn 0.0448 0.9974 0.0558
vn -0.0505 0.9960 0.0736
vn 0.0315 0.9874 0.1548
vn 0.0468 0.9983 0.0355
vn 0.0631 0.9971 0.0424
vn 0.1032 0.9930 -0.0571
vn -0.0560 0.9960 -0.0703
vn 0.0447 0.9984 -0.0349
vn 0.0635 0.9971 -0.0425
vn 0.1459 0.9874 -0.0615
vn 0.0447 0.9975 -0.0552
vn -0.0148 0.9922 -0.1239
vn 0.2968 0.8537 0.4278
vn 0.2283 0.8555 0.4649
vn 0.2195 0.8601 0.4604
vn 0.0000 -0.0543 -0.9985
vn 1.0000 -0.0000 0.0000
vn 0.0000 0.3656 0.9308
vn -0.9444 0.3289 0.0025
vn -0.0000 0.9162 -0.4007
vn 0.0000 0.3770 -0.9262
vn 1.0000 0.0038 0.0078
vn 0.0000 -0.3808 0.9247
vn -1.0000 -0.0038 -0.0078
vn 0.0000 0.6180 0.7862
vn 0.0000 -0.2512 -0.9679
vn 0.6230 0.0673 -0.7793
vn 0.7824 -0.0000 0.6227
vn -0.5796 0.3656 0.7283
vn -0.7104 0.4233 -0.5622
vn 0.2495 0.9162 -0.3135
vn 0.6923 0.4063 -0.5963
vn 0.5895 0.0012 0.8078
vn -0.6911 -0.4098 0.5953
vn -0.5890 -0.0015 -0.8081
vn -0.6809 0.6180 0.3931
vn 0.6028 -0.2512 -0.7574
vn 0.8665 -0.0227 0.4987
vn -0.5000 0.0000 0.8660
vn -0.8061 0.3656 -0.4654
vn 0.4670 0.3541 -0.8103
vn 0.3470 0.9162 0.2003
vn 0.8021 0.3770 0.4631
vn -0.5067 0.0038 0.8621
vn -0.8008 -0.3808 -0.4623
vn 0.5067 -0.0038 -0.8621
vn -0.6809 0.6180 -0.3931
vn 0.8383 -0.2512 0.4840
vn 0.0000 0.4013 0.9159
vn -1.0000 0.0000 -0.0000
vn -0.0000 0.3656 -0.9308
vn 0.7861 0.6180 0.0136
vn 0.0000 0.9162 0.4007
vn 0.0000 0.3770 0.9262
vn -1.0000 0.0038 -0.0078
vn 0.0000 -0.3808 -0.9247
vn 1.0000 -0.0038 0.0078
vn 0.0000 0.6180 -0.7862
vn -0.0000 -0.2512 0.9679
vn -0.8665 -0.0227 0.4987
vn -0.5000 0.0000 -0.8660
vn 0.8061 0.3656 -0.4654
vn 0.4686 0.3519 0.8103
vn -0.3470 0.9162 0.2003
vn -0.8021 0.3770 0.4631
vn -0.4932 0.0038 -0.8699
vn 0.8008 -0.3808 -0.4623
vn 0.4932 -0.0038 0.8699
vn 0.6809 0.6180 -0.3931
vn -0.8383 -0.2512 0.4840
vn -0.8648 0.0804 -0.4957
vn 0.5000 0.0000 -0.8660
vn 0.8061 0.3656 0.4654
vn -0.4484 0.4368 0.7799
vn -0.3470 0.9162 -0.2003
vn -0.8021 0.3770 -0.4631
vn 0.5067 0.0038 -0.8621
vn 0.8008 -0.3808 0.4623
vn -0.5067 -0.0038 0.8621
vn 0.6809 0.6180 0.3931
vn -0.8383 -0.2512 -0.4840
vn 0.5309 0.0427 -0.8463
vn 0.8480 0.0000 0.5299
vn -0.4932 0.3656 0.7893
vn -0.7766 0.4053 -0.4822
vn 0.2123 0.9162 -0.3398
vn 0.4933 0.3651 -0.7895
vn 0.8437 0.0040 0.5369
vn -0.4925 -0.3691 0.7882
vn -0.8437 -0.0040 -0.5369
vn -0.4166 0.6180 0.6667
vn 0.5129 -0.2512 -0.8209
vn 0.5302 -0.0356 0.8471
vn -0.8481 0.0000 0.5299
vn -0.4932 0.3657 -0.7893
vn 0.7958 0.3436 -0.4986
vn 0.2123 0.9162 0.3398
vn 0.4918 0.3725 0.7870
vn -0.8438 -0.0039 0.5367
vn -0.4909 -0.3764 -0.7857
vn 0.8438 0.0039 -0.5366
vn -0.4166 0.6180 -0.6667
vn 0.5129 -0.2512 0.8209
vn -0.0000 0.7570 -0.6534
vn 0.6841 0.6124 -0.3962
vn 0.6485 0.6612 0.3772
vn 0.9444 0.3289 0.0025
vn -0.4035 0.6457 0.6483
vn 0.7058 0.4274 0.5650
vn -0.4208 0.6065 -0.6746
vn -0.4686 0.3519 0.8103
vn -0.7861 0.6180 0.0136
vn -0.4670 0.3541 -0.8103
vn 0.4526 0.4309 -0.7807
vn -0.0000 -0.3738 -0.9275
vn 0.7727 0.4085 0.4859
vn 0.5776 -0.3738 -0.7257
vn -0.7974 0.3424 0.4969
vn 0.8033 -0.3738 0.4638
vn -0.0000 -0.3738 0.9275
vn -0.8033 -0.3738 0.4638
vn -0.8033 -0.3738 -0.4638
vn 0.4915 -0.3738 -0.7866
vn 0.4915 -0.3738 0.7866
vn -0.7824 -0.0000 -0.6227
vn 0.5000 0.0000 0.8660
vn 0.0000 0.5982 0.8014
vn -0.8480 0.0000 -0.5299
vn -0.4684 0.6565 0.5912
vn 0.8480 0.0000 -0.5299
vn -0.6841 0.6124 -0.3962
vn 0.9744 0.0094 -0.2248
vn 0.9743 0.0142 -0.2249
vn 0.9939 0.1085 0.0176
vn 0.9996 0.0219 0.0175
vn 0.9710 0.1809 -0.1560
vn 0.9826 -0.0855 -0.1647
vn -0.8660 0.0000 -0.5000
vn 0.0000 0.0000 -1.0000
vn 0.8660 0.0000 -0.5000
vn 0.8660 0.0000 0.5000
vn 0.0000 0.0000 1.0000
vn -0.8660 0.0000 0.5000
vn -0.7760 0.5954 -0.2079
vn -0.3807 -0.9191 -0.1020
vn -0.1305 0.9908 -0.0350
vn -0.8968 -0.3715 -0.2403
vn -0.8968 0.3715 -0.2403
vn -0.1304 -0.9908 -0.0350
vn -0.3807 0.9191 -0.1020
vn -0.7760 -0.5955 -0.2079
vn -0.9582 0.1261 -0.2568
vn -0.6008 0.7830 -0.1610
vn -0.6008 -0.7830 -0.1610
vn -0.9582 -0.1261 -0.2568
vn -0.5681 -0.5955 -0.5681
vn -0.7015 0.1262 -0.7015
vn -0.4398 0.7830 -0.4398
vn -0.4398 -0.7830 -0.4398
vn -0.7015 -0.1261 -0.7015
vn -0.5681 0.5954 -0.5681
vn -0.2787 -0.9191 -0.2787
vn -0.0955 0.9908 -0.0955
vn -0.6565 -0.3715 -0.6565
vn -0.6565 0.3715 -0.6565
vn -0.0955 -0.9908 -0.0955
vn -0.2787 0.9191 -0.2787
vn -0.0350 0.9908 -0.1305
vn -0.2403 -0.3715 -0.8968
vn -0.2403 0.3715 -0.8968
vn -0.0349 -0.9908 -0.1304
vn -0.1020 0.9191 -0.3807
vn -0.2079 -0.5954 -0.7760
vn -0.2567 0.1261 -0.9582
vn -0.1610 0.7830 -0.6008
vn -0.1610 -0.7830 -0.6008
vn -0.2568 -0.1262 -0.9582
vn -0.2079 0.5954 -0.7760
vn -0.1020 -0.9191 -0.3807
vn 0.1610 -0.7830 -0.6008
vn 0.2567 -0.1261 -0.9582
vn 0.2079 0.5954 -0.7760
vn 0.1020 -0.9191 -0.3807
vn 0.0350 0.9908 -0.1305
vn 0.2403 -0.3715 -0.8968
vn 0.2403 0.3715 -0.8968
vn 0.0349 -0.9908 -0.1304
vn 0.1020 0.9191 -0.3807
vn 0.2079 -0.5955 -0.7760
vn 0.2568 0.1262 -0.9582
vn 0.1610 0.7830 -0.6008
vn 0.2787 0.9191 -0.2787
vn 0.5681 -0.5955 -0.5681
vn 0.7015 0.1261 -0.7015
vn 0.4398 0.7830 -0.4398
vn 0.4398 -0.7830 -0.4398
vn 0.7015 -0.1261 -0.7015
vn 0.5681 0.5954 -0.5681
vn 0.2787 -0.9191 -0.2787
vn 0.0955 0.9908 -0.0955
vn 0.6565 -0.3715 -0.6565
vn 0.6565 0.3715 -0.6565
vn 0.0955 -0.9908 -0.0955
vn 0.3807 -0.9191 -0.1020
vn 0.1305 0.9908 -0.0350
vn 0.8968 -0.3715 -0.2403
vn 0.8968 0.3715 -0.2403
vn 0.1304 -0.9908 -0.0349
vn 0.3807 0.9191 -0.1020
vn 0.7760 -0.5955 -0.2079
vn 0.9582 0.1261 -0.2568
vn 0.6008 0.7830 -0.1610
vn 0.6008 -0.7830 -0.1610
vn 0.9582 -0.1261 -0.2567
vn 0.7760 0.5954 -0.2079
vn 0.6008 0.7830 0.1610
vn 0.6008 -0.7830 0.1610
vn 0.9582 -0.1261 0.2567
vn 0.7760 0.5954 0.2079
vn 0.3807 -0.9191 0.1020
vn 0.1305 0.9908 0.0350
vn 0.8968 -0.3715 0.2403
vn 0.8968 0.3715 0.2403
vn 0.1304 -0.9908 0.0349
vn 0.3807 0.9191 0.1020
vn 0.7760 -0.5955 0.2079
vn 0.9582 0.1261 0.2568
vn 0.0955 -0.9908 0.0955
vn 0.2787 0.9191 0.2787
vn 0.5681 -0.5955 0.5681
vn 0.7015 0.1261 0.7015
vn 0.4398 0.7830 0.4398
vn 0.4398 -0.7830 0.4398
vn 0.7015 -0.1261 0.7015
vn 0.5681 0.5954 0.5681
vn 0.2787 -0.9191 0.2787
vn 0.0955 0.9908 0.0955
vn 0.6565 -0.3715 0.6565
vn 0.6565 0.3715 0.6565
vn 0.2079 0.5954 0.7760
vn 0.1020 -0.9191 0.3807
vn 0.0350 0.9908 0.1304
vn 0.2403 -0.3715 0.8968
vn 0.2403 0.3715 0.8968
vn 0.0349 -0.9908 0.1304
vn 0.1020 0.9191 0.3807
vn 0.2079 -0.5955 0.7760
vn 0.2567 0.1261 0.9582
vn 0.1610 0.7830 0.6008
vn 0.1610 -0.7830 0.6008
vn 0.2568 -0.1261 0.9582
vn -0.1610 0.7830 0.6008
vn -0.1610 -0.7830 0.6008
vn -0.2568 -0.1262 0.9582
vn -0.2079 0.5954 0.7760
vn -0.1020 -0.9191 0.3807
vn -0.0350 0.9908 0.1304
vn -0.2403 -0.3715 0.8968
vn -0.2403 0.3715 0.8968
vn -0.0349 -0.9908 0.1304
vn -0.1020 0.9191 0.3807
vn -0.2079 -0.5955 0.7760
vn -0.2568 0.1261 0.9582
vn -0.6565 0.3715 0.6565
vn -0.0955 -0.9908 0.0955
vn -0.2787 0.9191 0.2787
vn -0.5681 -0.5955 0.5681
vn -0.7015 0.1261 0.7015
vn -0.4398 0.7830 0.4398
vn -0.4398 -0.7830 0.4398
vn -0.7015 -0.1262 0.7015
vn -0.5681 0.5954 0.5681
vn -0.2787 -0.9191 0.2787
vn -0.0955 0.9908 0.0955
vn -0.6565 -0.3715 0.6565
vn -0.7760 0.5954 0.2079
vn -0.3807 -0.9191 0.1020
vn -0.1305 0.9908 0.0350
vn -0.8968 -0.3715 0.2403
vn -0.8968 0.3715 0.2403
vn -0.1304 -0.9908 0.0349
vn -0.3807 0.9191 0.1020
vn -0.7760 -0.5955 0.2079
vn -0.9582 0.1261 0.2567
vn -0.6008 0.7830 0.1610
vn -0.6008 -0.7830 0.1610
vn -0.9582 -0.1261 0.2567
usemtl Medieval
s off
f 71/1/1 29/2/1 19/3/1 31/4/1
f 30/5/2 2/6/2 569/7/2 571/8/2
f 10/9/3 54/10/3 4/11/3
f 28/12/4 2/6/4 30/5/4 26/13/4
f 27/14/5 30/5/5 20/15/5 24/16/5
f 25/17/6 20/15/6 29/18/6 22/19/6
f 23/20/7 29/18/7 19/21/7 21/22/7
f 29/18/8 23/20/8 22/19/8
f 20/15/9 25/17/9 24/16/9
f 30/5/10 27/14/10 26/13/10
f 38/23/11 23/20/11 21/22/11 39/24/11
f 36/25/12 25/17/12 22/19/12 37/26/12
f 34/27/13 27/14/13 24/16/13 35/28/13
f 32/29/14 28/12/14 26/13/14 33/30/14
f 41/31/15 50/32/15 54/33/15 4/34/15
f 51/35/16 48/36/16 53/37/16 54/33/16
f 49/38/17 46/39/17 42/40/17 53/37/17
f 47/41/18 44/42/18 52/43/18 42/40/18
f 45/44/19 43/45/19 19/21/19 52/43/19
f 52/43/20 44/42/20 45/44/20
f 42/40/21 46/39/21 47/41/21
f 53/37/22 48/36/22 49/38/22
f 54/33/23 50/32/23 51/35/23
f 62/46/24 63/47/24 43/45/24 45/44/24
f 60/48/25 61/49/25 44/42/25 47/41/25
f 58/50/26 59/51/26 46/39/26 49/38/26
f 56/52/27 57/53/27 48/36/27 51/35/27
f 40/54/28 55/55/28 50/32/28 41/31/28
f 19/21/29 43/45/29 21/22/29
f 8/56/30 7/57/30 71/1/30 72/58/30
f 64/59/31 53/60/31 54/10/31 10/9/31
f 17/61/32 73/62/32 77/63/32 18/64/32
f 78/65/33 72/58/33 74/66/33 76/67/33
f 73/62/34 14/68/34 13/69/34 77/63/34
f 72/58/30 71/1/30 31/4/30 74/66/30
f 69/70/30 64/59/30 10/9/30 11/71/30
f 74/66/30 31/4/30 64/59/30 69/70/30
f 16/72/35 70/73/35 73/62/35 17/61/35
f 70/73/36 15/74/36 14/68/36 73/62/36
f 9/75/33 8/56/33 72/58/33 78/65/33
f 4/34/37 54/33/37 593/76/37 589/77/37
f 54/33/38 53/37/38 579/78/38 593/76/38
f 53/37/39 42/40/39 572/79/39 579/78/39
f 42/40/40 52/43/40 576/80/40 572/79/40
f 52/43/41 19/21/41 582/81/41 576/80/41
f 19/21/42 29/18/42 575/82/42 582/81/42
f 29/18/43 20/15/43 583/83/43 575/82/43
f 20/15/44 30/5/44 571/8/44 583/83/44
f 64/59/45 42/84/45 53/60/45
f 31/4/46 52/85/46 42/84/46 64/59/46
f 31/4/47 19/3/47 52/85/47
f 18/86/48 77/87/48 67/88/48 6/89/48
f 7/57/49 2/90/49 30/91/49
f 77/87/48 13/92/48 5/93/48 67/88/48
f 71/1/50 20/94/50 29/2/50
f 7/57/51 30/91/51 20/94/51 71/1/51
f 76/67/33 74/66/33 69/70/33 75/95/33
f 75/95/33 69/70/33 11/71/33 12/96/33
f 505/97/52 9/75/52 78/65/52 507/98/52 554/99/52
f 507/98/52 78/65/52 76/67/52 508/100/52 553/101/52
f 508/100/52 76/67/52 75/95/52 509/102/52 552/103/52
f 509/102/52 75/95/52 12/96/52 506/104/52 551/105/52
f 149/106/53 109/107/53 97/108/53 107/109/53
f 108/110/54 565/111/54 581/112/54 80/113/54
f 88/114/55 82/115/55 132/116/55
f 106/117/56 104/118/56 108/110/56 80/113/56
f 105/119/57 102/120/57 98/121/57 108/110/57
f 103/122/58 100/123/58 107/124/58 98/121/58
f 101/125/59 99/126/59 97/127/59 107/124/59
f 107/124/60 100/123/60 101/125/60
f 98/121/61 102/120/61 103/122/61
f 108/110/62 104/118/62 105/119/62
f 116/128/63 117/129/63 99/126/63 101/125/63
f 114/130/64 115/131/64 100/123/64 103/122/64
f 112/132/65 113/133/65 102/120/65 105/119/65
f 110/134/66 111/135/66 104/118/66 106/117/66
f 119/136/67 82/137/67 132/138/67 128/139/67
f 129/140/68 132/138/68 131/141/68 126/142/68
f 127/143/69 131/141/69 120/144/69 124/145/69
f 125/146/70 120/144/70 130/147/70 122/148/70
f 123/149/71 130/147/71 97/127/71 121/150/71
f 130/147/72 123/149/72 122/148/72
f 120/144/73 125/146/73 124/145/73
f 131/141/74 127/143/74 126/142/74
f 132/138/75 129/140/75 128/139/75
f 140/151/76 123/149/76 121/150/76 141/152/76
f 138/153/77 125/146/77 122/148/77 139/154/77
f 136/155/78 127/143/78 124/145/78 137/156/78
f 134/157/79 129/140/79 126/142/79 135/158/79
f 118/159/80 119/136/80 128/139/80 133/160/80
f 97/127/81 99/126/81 121/150/81
f 86/161/82 150/162/82 149/106/82 85/163/82
f 142/164/83 88/114/83 132/116/83 131/165/83
f 95/166/84 96/167/84 155/168/84 151/169/84
f 156/170/85 154/171/85 152/172/85 150/162/85
f 151/169/86 155/168/86 91/173/86 92/174/86
f 150/162/82 152/172/82 109/107/82 149/106/82
f 147/175/82 89/176/82 88/114/82 142/164/82
f 152/172/82 147/175/82 142/164/82 109/107/82
f 94/177/87 95/166/87 151/169/87 148/178/87
f 148/178/88 151/169/88 92/174/88 93/179/88
f 87/180/85 156/170/85 150/162/85 86/161/85
f 82/137/89 558/181/89 562/182/89 132/138/89
f 132/138/90 562/182/90 560/183/90 131/141/90
f 131/141/91 560/183/91 566/184/91 120/144/91
f 120/144/92 566/184/92 557/185/92 130/147/92
f 130/147/93 557/185/93 563/186/93 97/127/93
f 97/127/94 563/186/94 556/187/94 107/124/94
f 107/124/95 556/187/95 564/188/95 98/121/95
f 98/121/96 564/188/96 565/111/96 108/110/96
f 142/164/97 131/165/97 120/189/97
f 109/107/98 142/164/98 120/189/98 130/190/98
f 109/107/99 130/190/99 97/108/99
f 96/191/100 84/192/100 145/193/100 155/194/100
f 85/163/101 108/195/101 80/196/101
f 155/194/100 145/193/100 83/197/100 91/198/100
f 149/106/102 107/109/102 98/199/102
f 85/163/103 149/106/103 98/199/103 108/195/103
f 154/171/85 153/200/85 147/175/85 152/172/85
f 153/200/85 90/201/85 89/176/85 147/175/85
f 510/202/104 550/203/104 512/204/104 156/170/104 87/180/104
f 512/204/105 549/205/105 513/206/105 154/171/105 156/170/105
f 513/206/106 548/207/106 514/208/106 153/200/106 154/171/106
f 514/208/107 547/209/107 511/210/107 90/201/107 153/200/107
f 218/211/108 176/212/108 166/213/108 178/214/108
f 177/215/109 4/11/109 589/216/109 588/217/109
f 160/218/110 201/219/110 158/220/110
f 175/221/111 4/11/111 177/215/111 173/222/111
f 174/223/112 177/215/112 167/224/112 171/225/112
f 172/226/113 167/224/113 176/227/113 169/228/113
f 170/229/114 176/227/114 166/230/114 168/231/114
f 176/227/115 170/229/115 169/228/115
f 167/224/116 172/226/116 171/225/116
f 177/215/117 174/223/117 173/222/117
f 185/232/118 170/229/118 168/231/118 186/233/118
f 183/234/119 172/226/119 169/228/119 184/235/119
f 181/236/120 174/223/120 171/225/120 182/237/120
f 179/238/121 175/221/121 173/222/121 180/239/121
f 188/240/122 197/241/122 201/242/122 158/243/122
f 198/244/123 195/245/123 200/246/123 201/242/123
f 196/247/124 193/248/124 189/249/124 200/246/124
f 194/250/125 191/251/125 199/252/125 189/249/125
f 192/253/126 190/254/126 166/230/126 199/252/126
f 199/252/127 191/251/127 192/253/127
f 189/249/128 193/248/128 194/250/128
f 200/246/129 195/245/129 196/247/129
f 201/242/130 197/241/130 198/244/130
f 209/255/131 210/256/131 190/254/131 192/253/131
f 207/257/132 208/258/132 191/251/132 194/250/132
f 205/259/133 206/260/133 193/248/133 196/247/133
f 203/261/134 204/262/134 195/245/134 198/244/134
f 187/263/135 202/264/135 197/241/135 188/240/135
f 166/230/136 190/254/136 168/231/136
f 11/265/137 10/266/137 218/211/137 219/267/137
f 211/268/138 200/269/138 201/219/138 160/218/138
f 164/270/139 220/271/139 224/272/139 165/273/139
f 225/274/140 219/267/140 221/275/140 223/276/140
f 220/271/141 17/61/141 18/64/141 224/272/141
f 219/267/137 218/211/137 178/214/137 221/275/137
f 216/277/137 211/268/137 160/218/137 161/278/137
f 221/275/137 178/214/137 211/268/137 216/277/137
f 163/279/142 217/280/142 220/271/142 164/270/142
f 217/280/143 16/72/143 17/61/143 220/271/143
f 12/281/140 11/265/140 219/267/140 225/274/140
f 158/243/144 201/242/144 592/282/144 585/283/144
f 201/242/145 200/246/145 586/284/145 592/282/145
f 200/246/146 189/249/146 591/285/146 586/284/146
f 189/249/147 199/252/147 595/286/147 591/285/147
f 199/252/148 166/230/148 590/287/148 595/286/148
f 166/230/149 176/227/149 584/288/149 590/287/149
f 176/227/150 167/224/150 594/289/150 584/288/150
f 167/224/151 177/215/151 588/217/151 594/289/151
f 211/268/152 189/290/152 200/269/152
f 178/214/153 199/291/153 189/290/153 211/268/153
f 178/214/154 166/213/154 199/291/154
f 165/292/155 224/293/155 214/294/155 159/295/155
f 10/266/156 4/34/156 177/296/156
f 224/293/155 18/297/155 6/298/155 214/294/155
f 218/211/157 167/299/157 176/212/157
f 10/266/158 177/296/158 167/299/158 218/211/158
f 223/276/140 221/275/140 216/277/140 222/300/140
f 222/300/140 216/277/140 161/278/140 162/301/140
f 506/302/159 12/281/159 225/274/159 516/303/159 546/304/159
f 516/303/160 225/274/160 223/276/160 517/305/160 545/306/160
f 517/305/161 223/276/161 222/300/161 518/307/161 544/308/161
f 518/307/162 222/300/162 162/301/162 515/309/162 543/310/162
f 289/311/163 249/312/163 237/313/163 247/314/163
f 248/315/164 561/316/164 558/317/164 82/115/164
f 230/318/165 227/319/165 272/320/165
f 246/321/166 244/322/166 248/315/166 82/115/166
f 245/323/167 242/324/167 238/325/167 248/315/167
f 243/326/168 240/327/168 247/328/168 238/325/168
f 241/329/169 239/330/169 237/331/169 247/328/169
f 247/328/170 240/327/170 241/329/170
f 238/325/171 242/324/171 243/326/171
f 248/315/172 244/322/172 245/323/172
f 256/332/173 257/333/173 239/330/173 241/329/173
f 254/334/174 255/335/174 240/327/174 243/326/174
f 252/336/175 253/337/175 242/324/175 245/323/175
f 250/338/176 251/339/176 244/322/176 246/321/176
f 259/340/177 227/341/177 272/342/177 268/343/177
f 269/344/178 272/342/178 271/345/178 266/346/178
f 267/347/179 271/345/179 260/348/179 264/349/179
f 265/350/180 260/348/180 270/351/180 262/352/180
f 263/353/181 270/351/181 237/331/181 261/354/181
f 270/351/182 263/353/182 262/352/182
f 260/348/183 265/350/183 264/349/183
f 271/345/184 267/347/184 266/346/184
f 272/342/185 269/344/185 268/343/185
f 280/355/186 263/353/186 261/354/186 281/356/186
f 278/357/187 265/350/187 262/352/187 279/358/187
f 276/359/188 267/347/188 264/349/188 277/360/188
f 274/361/189 269/344/189 266/346/189 275/362/189
f 258/363/190 259/340/190 268/343/190 273/364/190
f 237/331/191 239/330/191 261/354/191
f 89/365/192 290/366/192 289/311/192 88/367/192
f 282/368/193 230/318/193 272/320/193 271/369/193
f 235/370/194 236/371/194 295/372/194 291/373/194
f 296/374/195 294/375/195 292/376/195 290/366/195
f 291/373/196 295/372/196 96/167/196 233/377/196
f 290/366/192 292/376/192 249/312/192 289/311/192
f 287/378/192 231/379/192 230/318/192 282/368/192
f 292/376/192 287/378/192 282/368/192 249/312/192
f 234/380/197 235/370/197 291/373/197 288/381/197
f 288/381/198 291/373/198 233/377/198 94/177/198
f 90/382/195 296/374/195 290/366/195 89/365/195
f 227/341/199 602/383/199 610/384/199 272/342/199
f 272/342/200 610/384/200 619/385/200 271/345/200
f 271/345/201 619/385/201 621/386/201 260/348/201
f 260/348/202 621/386/202 622/387/202 270/351/202
f 270/351/203 622/387/203 620/388/203 237/331/203
f 237/331/204 620/388/204 559/389/204 247/328/204
f 247/328/205 559/389/205 555/390/205 238/325/205
f 238/325/206 555/390/206 561/316/206 248/315/206
f 282/368/207 271/369/207 260/391/207
f 249/312/208 282/368/208 260/391/208 270/392/208
f 249/312/209 270/392/209 237/313/209
f 236/393/210 229/394/210 285/395/210 295/396/210
f 88/367/211 248/397/211 82/137/211
f 295/396/210 285/395/210 228/398/210 96/399/210
f 289/311/212 247/314/212 238/400/212
f 88/367/213 289/311/213 238/400/213 248/397/213
f 294/375/195 293/401/195 287/378/195 292/376/195
f 293/401/195 232/402/195 231/379/195 287/378/195
f 511/403/214 542/404/214 520/405/214 296/374/214 90/382/214
f 520/405/215 541/406/215 521/407/215 294/375/215 296/374/215
f 521/407/216 540/408/216 522/409/216 293/401/216 294/375/216
f 522/409/217 539/410/217 519/411/217 232/402/217 293/401/217
f 349/412/218 307/413/218 297/414/218 309/415/218
f 308/416/219 80/196/219 581/417/219 567/418/219
f 7/419/220 332/420/220 2/6/220
f 306/421/221 80/196/221 308/416/221 304/422/221
f 305/423/222 308/416/222 298/424/222 302/425/222
f 303/426/223 298/424/223 307/427/223 300/428/223
f 301/429/224 307/427/224 297/430/224 299/431/224
f 307/427/225 301/429/225 300/428/225
f 298/424/226 303/426/226 302/425/226
f 308/416/227 305/423/227 304/422/227
f 316/432/228 301/429/228 299/431/228 317/433/228
f 314/434/229 303/426/229 300/428/229 315/435/229
f 312/436/230 305/423/230 302/425/230 313/437/230
f 310/438/231 306/421/231 304/422/231 311/439/231
f 319/440/232 328/441/232 332/442/232 2/90/232
f 329/443/233 326/444/233 331/445/233 332/442/233
f 327/446/234 324/447/234 320/448/234 331/445/234
f 325/449/235 322/450/235 330/451/235 320/448/235
f 323/452/236 321/453/236 297/430/236 330/451/236
f 330/451/237 322/450/237 323/452/237
f 320/448/238 324/447/238 325/449/238
f 331/445/239 326/444/239 327/446/239
f 332/442/240 328/441/240 329/443/240
f 340/454/241 341/455/241 321/453/241 323/452/241
f 338/456/242 339/457/242 322/450/242 325/449/242
f 336/458/243 337/459/243 324/447/243 327/446/243
f 334/460/244 335/461/244 326/444/244 329/443/244
f 318/462/245 333/463/245 328/441/245 319/440/245
f 297/430/246 321/453/246 299/431/246
f 86/464/247 85/465/247 349/412/247 350/466/247
f 342/467/248 331/468/248 332/420/248 7/419/248
f 14/68/249 351/469/249 355/470/249 13/69/249
f 356/471/250 350/466/250 352/472/250 354/473/250
f 351/469/251 92/174/251 91/173/251 355/470/251
f 350/466/247 349/412/247 309/415/247 352/472/247
f 347/474/247 342/467/247 7/419/247 8/475/247
f 352/472/247 309/415/247 342/467/247 347/474/247
f 15/74/252 348/476/252 351/469/252 14/68/252
f 348/476/253 93/179/253 92/174/253 351/469/253
f 87/477/250 86/464/250 350/466/250 356/471/250
f 2/90/254 332/442/254 578/478/254 569/479/254
f 332/442/255 331/445/255 574/480/255 578/478/255
f 331/445/256 320/448/256 570/481/256 574/480/256
f 320/448/257 330/451/257 580/482/257 570/481/257
f 330/451/258 297/430/258 577/483/258 580/482/258
f 297/430/259 307/427/259 573/484/259 577/483/259
f 307/427/260 298/424/260 568/485/260 573/484/260
f 298/424/261 308/416/261 567/418/261 568/485/261
f 342/467/262 320/486/262 331/468/262
f 309/415/263 330/487/263 320/486/263 342/467/263
f 309/415/264 297/414/264 330/487/264
f 13/488/265 355/489/265 345/490/265 5/491/265
f 85/465/266 80/113/266 308/492/266
f 355/489/265 91/493/265 83/494/265 345/490/265
f 349/412/267 298/495/267 307/413/267
f 85/465/268 308/492/268 298/495/268 349/412/268
f 354/473/250 352/472/250 347/474/250 353/496/250
f 353/496/250 347/474/250 8/475/250 9/497/250
f 510/498/269 87/477/269 356/471/269 523/499/269 538/500/269
f 523/499/269 356/471/269 354/473/269 524/501/269 537/502/269
f 524/501/269 354/473/269 353/496/269 525/503/269 536/504/269
f 525/503/269 353/496/269 9/497/269 505/505/269 535/506/269
f 418/507/270 587/508/270 585/509/270 163/510/270
f 369/511/271 367/512/271 375/513/271 358/514/271
f 368/515/272 365/516/272 373/517/272 375/513/272
f 366/518/273 363/519/273 372/520/273 373/517/273
f 364/521/274 361/522/274 370/523/274 372/520/274
f 362/524/275 360/525/275 158/220/275 370/523/275
f 370/523/276 361/522/276 362/524/276
f 372/520/277 363/519/277 364/521/277
f 373/517/278 365/516/278 366/518/278
f 375/513/279 367/512/279 368/515/279
f 383/526/280 384/527/280 360/525/280 362/524/280
f 381/528/281 382/529/281 361/522/281 364/521/281
f 379/530/282 380/531/282 363/519/282 366/518/282
f 377/532/283 378/533/283 365/516/283 368/515/283
f 359/534/284 376/535/284 367/512/284 369/511/284
f 369/511/285 358/514/285 398/536/285 392/537/285
f 393/538/286 398/536/286 397/539/286 390/540/286
f 391/541/287 397/539/287 374/542/287 388/543/287
f 389/544/288 374/542/288 396/545/288 386/546/288
f 387/547/289 396/545/289 371/548/289 385/549/289
f 396/545/290 387/547/290 386/546/290
f 374/542/291 389/544/291 388/543/291
f 397/539/292 391/541/292 390/540/292
f 398/536/293 393/538/293 392/537/293
f 406/550/294 387/547/294 385/549/294 407/551/294
f 404/552/295 389/544/295 386/546/295 405/553/295
f 402/554/296 391/541/296 388/543/296 403/555/296
f 400/556/297 393/538/297 390/540/297 401/557/297
f 359/534/298 369/511/298 392/537/298 399/558/298
f 418/559/299 417/560/299 600/561/299 587/562/299
f 417/560/300 414/563/300 596/564/300 600/561/300
f 414/563/301 411/565/301 597/566/301 596/564/301
f 411/565/302 408/567/302 598/568/302 597/566/302
f 408/567/303 599/569/303 601/570/303 598/568/303
f 395/571/304 604/572/304 615/573/304 394/574/304
f 394/574/305 615/573/305 608/575/305
f 394/574/306 608/575/306 614/576/306 408/567/306
f 408/567/307 614/576/307 599/569/307
f 409/577/308 395/571/308 394/574/308 410/578/308
f 410/578/309 394/574/309 408/567/309 411/565/309
f 412/579/310 409/577/310 410/578/310 413/580/310
f 413/580/311 410/578/311 411/565/311 414/563/311
f 415/581/312 412/579/312 413/580/312 416/582/312
f 416/582/313 413/580/313 414/563/313 417/560/313
f 420/583/314 415/581/314 416/582/314 419/584/314
f 419/584/315 416/582/315 417/560/315 418/559/315
f 421/585/316 163/279/316 164/270/316 422/586/316
f 420/583/317 419/584/317 421/585/317
f 161/587/318 160/588/318 425/589/318 424/590/318
f 162/591/319 161/587/319 424/590/319 427/592/319
f 515/593/320 162/591/320 427/592/320 526/594/320 534/595/320
f 160/588/321 360/596/321 158/243/321 587/597/321 418/598/321
f 160/588/322 418/598/322 419/599/322
f 160/588/323 419/599/323 423/600/323 425/589/323
f 421/585/324 419/584/324 418/559/324 163/279/324
f 424/590/325 425/589/325 434/601/325 435/602/325
f 425/589/326 423/600/326 428/603/326 434/601/326
f 423/600/327 419/599/327 420/604/327
f 528/605/328 436/606/328 431/607/328 527/608/328
f 435/609/329 434/610/329 429/611/329 430/612/329
f 436/606/330 435/609/330 430/612/330 431/607/330
f 434/610/331 428/613/331 429/611/331
f 427/592/332 424/590/332 435/602/332 436/614/332
f 526/594/333 427/592/333 436/614/333 528/615/333 533/616/333
f 385/549/334 371/548/334 437/617/334
f 495/618/335 438/619/335 609/620/335 613/621/335
f 451/622/336 440/623/336 456/624/336 449/625/336
f 450/626/337 456/624/337 454/627/337 447/628/337
f 448/629/338 454/627/338 453/630/338 445/631/338
f 446/632/339 453/630/339 452/633/339 443/634/339
f 444/635/340 452/633/340 227/319/340 442/636/340
f 452/633/341 444/635/341 443/634/341
f 453/630/342 446/632/342 445/631/342
f 454/627/343 448/629/343 447/628/343
f 456/624/344 450/626/344 449/625/344
f 464/637/345 444/635/345 442/636/345 465/638/345
f 462/639/346 446/632/346 443/634/346 463/640/346
f 460/641/347 448/629/347 445/631/347 461/642/347
f 458/643/348 450/626/348 447/628/348 459/644/348
f 441/645/349 451/622/349 449/625/349 457/646/349
f 451/622/350 473/647/350 478/648/350 440/623/350
f 474/649/351 471/650/351 477/651/351 478/648/351
f 472/652/352 469/653/352 455/654/352 477/651/352
f 470/655/353 467/656/353 476/657/353 455/654/353
f 468/658/354 466/659/354 371/548/354 476/657/354
f 476/657/355 467/656/355 468/658/355
f 455/654/356 469/653/356 470/655/356
f 477/651/357 471/650/357 472/652/357
f 478/648/358 473/647/358 474/649/358
f 486/660/359 487/661/359 466/659/359 468/658/359
f 484/662/360 485/663/360 467/656/360 470/655/360
f 482/664/361 483/665/361 469/653/361 472/652/361
f 480/666/362 481/667/362 471/650/362 474/649/362
f 441/645/363 479/668/363 473/647/363 451/622/363
f 495/618/364 613/621/364 603/669/364 494/670/364
f 494/670/365 603/669/365 617/671/365 492/672/365
f 492/672/366 617/671/366 612/673/366 490/674/366
f 490/674/367 612/673/367 607/675/367 488/676/367
f 488/676/368 607/675/368 618/677/368 611/678/368
f 395/571/369 475/679/369 616/680/369 604/572/369
f 475/679/370 606/681/370 616/680/370
f 475/679/371 488/676/371 605/682/371 606/681/371
f 488/676/372 611/678/372 605/682/372
f 409/577/373 489/683/373 475/679/373 395/571/373
f 489/683/374 490/674/374 488/676/374 475/679/374
f 412/579/375 491/684/375 489/683/375 409/577/375
f 491/684/376 492/672/376 490/674/376 489/683/376
f 415/581/377 493/685/377 491/684/377 412/579/377
f 493/685/378 494/670/378 492/672/378 491/684/378
f 420/583/379 496/686/379 493/685/379 415/581/379
f 496/686/380 495/618/380 494/670/380 493/685/380
f 421/585/381 422/586/381 235/370/381 438/619/381
f 420/583/382 421/585/382 496/686/382
f 231/687/383 497/688/383 498/689/383 230/690/383
f 232/691/319 500/692/319 497/688/319 231/687/319
f 519/693/320 532/694/320 529/695/320 500/692/320 232/691/320
f 230/690/384 495/696/384 613/697/384 227/341/384 442/698/384
f 230/690/385 496/699/385 495/696/385
f 230/690/386 498/689/386 423/600/386 496/699/386
f 421/585/387 438/619/387 495/618/387 496/686/387
f 497/688/388 503/700/388 502/701/388 498/689/388
f 498/689/389 502/701/389 428/603/389 423/600/389
f 423/702/390 420/583/390 496/686/390
f 530/703/328 527/608/328 431/607/328 504/704/328
f 503/705/391 430/612/391 429/611/391 502/706/391
f 504/704/330 431/607/330 430/612/330 503/705/330
f 502/706/392 429/611/392 428/613/392
f 500/692/393 504/707/393 503/700/393 497/688/393
f 529/695/394 531/708/394 530/709/394 504/707/394 500/692/394
f 466/659/334 437/617/334 371/548/334
f 439/710/395 236/371/395 235/370/395 422/586/395
f 165/273/396 439/710/396 422/586/396 164/270/396
f 357/711/397 229/712/397 236/713/397 439/714/397
f 159/715/397 357/711/397 439/714/397 165/716/397
f 5/491/398 345/490/398 83/494/398 145/717/398 84/718/398 228/398/398 285/395/398 229/394/398 357/719/398 159/295/398 214/294/398 6/298/398 67/720/398
f 212/721/399 157/722/399 426/723/399 433/724/399
f 283/725/399 501/726/399 499/727/399 226/728/399
f 432/729/399 344/730/399 66/731/399
f 65/732/399 3/733/399 215/734/399
f 215/734/399 213/735/399 65/732/399
f 213/735/399 212/721/399 433/724/399
f 433/724/399 432/729/399 213/735/399
f 213/735/399 66/731/399 65/732/399
f 432/729/399 501/726/399 284/736/399
f 501/726/399 283/725/399 284/736/399
f 284/736/399 286/737/399 144/738/399
f 432/729/399 284/736/399 144/738/399
f 286/737/399 81/739/399 143/740/399
f 143/740/399 144/738/399 286/737/399
f 144/738/399 146/741/399 344/730/399
f 344/730/399 146/741/399 346/742/399
f 146/741/399 79/743/399 346/742/399
f 344/730/399 343/744/399 66/731/399
f 66/731/399 213/735/399 432/729/399
f 68/745/399 66/731/399 343/744/399
f 343/744/399 1/746/399 68/745/399
f 144/738/399 344/730/399 432/729/399
f 360/525/400 160/218/400 158/220/400
f 230/318/401 442/636/401 227/319/401
f 499/747/394 501/748/394 530/749/394 531/750/394 529/751/394
f 501/726/328 432/729/328 527/608/328 530/703/328
f 226/752/320 499/747/320 529/751/320 532/753/320 519/754/320
f 426/755/333 526/756/333 533/757/333 528/758/333 433/759/333
f 433/724/328 528/605/328 527/608/328 432/729/328
f 157/760/320 515/761/320 534/762/320 526/756/320 426/755/320
f 343/763/402 525/764/402 535/765/402 505/766/402 1/767/402
f 344/768/403 524/769/403 536/770/403 525/764/403 343/763/403
f 346/771/404 523/772/404 537/773/404 524/769/404 344/768/404
f 79/774/405 510/775/405 538/776/405 523/772/405 346/771/405
f 283/777/406 226/752/406 519/754/406 539/778/406 522/779/406
f 284/780/216 283/777/216 522/779/216 540/781/216 521/782/216
f 286/783/407 284/780/407 521/782/407 541/784/407 520/785/407
f 81/786/408 286/783/408 520/785/408 542/787/408 511/788/408
f 212/789/162 518/790/162 543/791/162 515/761/162 157/760/162
f 213/792/409 517/793/409 544/794/409 518/790/409 212/789/409
f 215/795/410 516/796/410 545/797/410 517/793/410 213/792/410
f 3/798/411 506/799/411 546/800/411 516/796/411 215/795/411
f 143/801/412 81/786/412 511/788/412 547/802/412 514/803/412
f 144/804/413 143/801/413 514/803/413 548/805/413 513/806/413
f 146/807/414 144/804/414 513/806/414 549/808/414 512/809/414
f 79/774/415 146/807/415 512/809/415 550/810/415 510/775/415
f 65/811/416 509/812/416 551/813/416 506/799/416 3/798/416
f 66/814/417 508/815/417 552/816/417 509/812/417 65/811/417
f 68/817/418 507/818/418 553/819/418 508/815/418 66/814/418
f 1/767/419 505/766/419 554/820/419 507/818/419 68/817/419
f 564/821/95 556/822/95 93/179/95
f 557/823/420 566/824/420 94/177/420 148/178/420
f 558/825/164 561/826/164 94/177/164
f 565/827/96 564/821/96 93/179/96
f 562/828/89 558/825/89 94/177/89
f 555/829/205 559/830/205 94/177/205
f 560/831/90 562/828/90 94/177/90
f 563/832/93 557/823/93 148/178/93
f 556/822/421 563/832/421 148/178/421 93/179/421
f 561/826/206 555/829/206 94/177/206
f 566/824/91 560/831/91 94/177/91
f 579/833/39 572/834/39 16/72/39
f 576/835/41 582/836/41 70/73/41
f 575/837/43 583/838/43 15/74/43
f 567/839/219 581/840/219 93/179/219
f 569/841/254 578/842/254 15/74/254
f 574/843/256 570/844/256 15/74/256
f 580/845/258 577/846/258 348/476/258
f 573/847/260 568/848/260 93/179/260
f 572/834/422 576/835/422 70/73/422 16/72/422
f 582/836/423 575/837/423 15/74/423 70/73/423
f 583/838/44 571/849/44 15/74/44
f 581/840/54 565/827/54 93/179/54
f 578/842/255 574/843/255 15/74/255
f 570/844/424 580/845/424 348/476/424 15/74/424
f 577/846/425 573/847/425 93/179/425 348/476/425
f 568/848/261 567/839/261 93/179/261
f 571/849/2 569/841/2 15/74/2
f 592/850/145 586/851/145 163/279/145
f 591/852/426 595/853/426 217/280/426 163/279/426
f 590/854/427 584/855/427 16/72/427 217/280/427
f 594/856/151 588/857/151 16/72/151
f 593/858/38 579/833/38 16/72/38
f 588/857/109 589/859/109 16/72/109
f 585/860/144 592/850/144 163/279/144
f 586/851/428 591/852/428 163/279/428
f 595/853/148 590/854/148 217/280/148
f 584/855/150 594/856/150 16/72/150
f 585/861/270 587/862/270 158/220/270
f 589/859/37 593/858/37 16/72/37
f 587/597/429 600/863/429 370/864/429 158/243/429
f 598/865/430 601/866/430 358/867/430 375/868/430
f 600/863/431 596/869/431 372/870/431 370/864/431
f 596/869/432 597/871/432 373/872/432 372/870/432
f 597/871/433 598/865/433 375/868/433 373/872/433
f 358/867/434 601/866/434 599/873/434 398/874/434
f 605/875/372 611/876/372 478/877/372 477/878/372
f 615/879/435 604/880/435 371/881/435 396/882/435
f 614/883/436 608/884/436 374/885/436 397/886/436
f 613/887/335 609/888/335 227/319/335
f 617/889/437 603/890/437 452/891/437 453/892/437
f 607/893/438 612/894/438 454/895/438 456/896/438
f 604/880/439 616/897/439 476/898/439 371/881/439
f 606/899/440 605/875/440 477/878/440 455/900/440
f 610/901/199 602/902/199 234/380/199
f 608/884/305 615/879/305 396/882/305 374/885/305
f 599/873/307 614/883/307 397/886/307 398/874/307
f 603/890/441 613/697/441 227/341/441 452/891/441
f 612/894/442 617/889/442 453/892/442 454/895/442
f 611/876/443 618/903/443 607/893/443 456/896/443 440/904/443 478/877/443
f 616/897/370 606/899/370 455/900/370 476/898/370
f 620/905/203 622/906/203 288/381/203
f 619/907/200 610/901/200 234/380/200
f 559/830/444 620/905/444 288/381/444 94/177/444
f 621/908/445 619/907/445 234/380/445
f 622/906/446 621/908/446 234/380/446 288/381/446
f 627/909/447 767/910/447 779/911/447 628/912/447
f 626/913/448 781/914/448 779/915/448 624/916/448
f 626/913/449 625/917/449 753/918/449 781/914/449
f 630/919/450 753/920/450 767/910/450 627/909/450
f 626/913/451 624/916/451 623/921/451 625/917/451
f 627/909/399 628/912/399 629/922/399 630/919/399
f 635/923/452 631/924/452 632/925/452 636/926/452
f 634/927/453 637/928/453 636/926/453 632/925/453
f 634/927/454 633/929/454 638/930/454 637/928/454
f 638/930/455 633/929/455 631/924/455 635/923/455
f 634/927/456 632/925/456 631/924/456 633/929/456
f 635/923/457 636/926/457 637/928/457 638/930/457
f 643/931/458 757/932/458 768/933/458 644/934/458
f 642/935/459 770/936/459 768/937/459 640/938/459
f 642/935/460 641/939/460 774/940/460 770/936/460
f 646/941/461 774/942/461 757/932/461 643/931/461
f 642/935/462 640/938/462 639/943/462 641/939/462
f 643/931/399 644/934/399 645/944/399 646/941/399
f 651/945/463 647/946/463 648/947/463 652/948/463
f 650/949/464 653/950/464 652/948/464 648/947/464
f 650/949/465 649/951/465 654/952/465 653/950/465
f 654/952/466 649/951/466 647/946/466 651/945/466
f 650/949/467 648/947/467 647/946/467 649/951/467
f 651/945/468 652/948/468 653/950/468 654/952/468
f 659/953/469 777/954/469 760/955/469 660/956/469
f 658/957/470 759/958/470 760/959/470 656/960/470
f 658/957/471 657/961/471 762/962/471 759/958/471
f 662/963/472 762/964/472 777/954/472 659/953/472
f 658/957/473 656/960/473 655/965/473 657/961/473
f 659/953/399 660/956/399 661/966/399 662/963/399
f 667/967/474 663/968/474 664/969/474 668/970/474
f 666/971/475 669/972/475 668/970/475 664/969/475
f 666/971/476 665/973/476 670/974/476 669/972/476
f 670/974/477 665/973/477 663/968/477 667/967/477
f 666/971/478 664/969/478 663/968/478 665/973/478
f 667/967/479 668/970/479 669/972/479 670/974/479
f 675/975/480 765/976/480 780/977/480 676/978/480
f 674/979/481 782/980/481 780/981/481 672/982/481
f 674/979/482 673/983/482 752/984/482 782/980/482
f 678/985/483 752/986/483 765/976/483 675/975/483
f 674/979/484 672/982/484 671/987/484 673/983/484
f 675/975/399 676/978/399 677/988/399 678/985/399
f 683/989/485 679/990/485 680/991/485 684/992/485
f 682/993/486 685/994/486 684/992/486 680/991/486
f 682/993/487 681/995/487 686/996/487 685/994/487
f 686/996/488 681/995/488 679/990/488 683/989/488
f 682/993/489 680/991/489 679/990/489 681/995/489
f 683/989/490 684/992/490 685/994/490 686/996/490
f 691/997/491 755/998/491 769/999/491 692/1000/491
f 690/1001/492 771/1002/492 769/1003/492 688/1004/492
f 690/1001/493 689/1005/493 773/1006/493 771/1002/493
f 694/1007/494 773/1008/494 755/998/494 691/997/494
f 690/1001/495 688/1004/495 687/1009/495 689/1005/495
f 691/997/399 692/1000/399 693/1010/399 694/1007/399
f 699/1011/496 695/1012/496 696/1013/496 700/1014/496
f 698/1015/497 701/1016/497 700/1014/497 696/1013/497
f 698/1015/498 697/1017/498 702/1018/498 701/1016/498
f 702/1018/499 697/1017/499 695/1012/499 699/1011/499
f 698/1015/500 696/1013/500 695/1012/500 697/1017/500
f 699/1011/501 700/1014/501 701/1016/501 702/1018/501
f 707/1019/502 775/1020/502 756/1021/502 708/1022/502
f 706/1023/503 758/1024/503 756/1025/503 704/1026/503
f 706/1023/504 705/1027/504 761/1028/504 758/1024/504
f 710/1029/505 761/1030/505 775/1020/505 707/1019/505
f 706/1023/506 704/1026/506 703/1031/506 705/1027/506
f 707/1019/399 708/1022/399 709/1032/399 710/1029/399
f 715/1033/507 711/1034/507 712/1035/507 716/1036/507
f 714/1037/508 717/1038/508 716/1036/508 712/1035/508
f 714/1037/509 713/1039/509 718/1040/509 717/1038/509
f 718/1040/510 713/1039/510 711/1034/510 715/1033/510
f 714/1037/511 712/1035/511 711/1034/511 713/1039/511
f 715/1033/512 716/1036/512 717/1038/512 718/1040/512
f 723/1041/513 763/1042/513 776/1043/513 724/1044/513
f 722/1045/514 778/1046/514 776/1047/514 720/1048/514
f 722/1045/515 721/1049/515 751/1050/515 778/1046/515
f 726/1051/516 751/1052/516 763/1042/516 723/1041/516
f 722/1045/517 720/1048/517 719/1053/517 721/1049/517
f 723/1041/399 724/1044/399 725/1054/399 726/1051/399
f 731/1055/518 727/1056/518 728/1057/518 732/1058/518
f 730/1059/519 733/1060/519 732/1058/519 728/1057/519
f 730/1059/520 729/1061/520 734/1062/520 733/1060/520
f 734/1062/521 729/1061/521 727/1056/521 731/1055/521
f 730/1059/522 728/1057/522 727/1056/522 729/1061/522
f 731/1055/523 732/1058/523 733/1060/523 734/1062/523
f 739/1063/524 754/1064/524 764/1065/524 740/1066/524
f 738/1067/525 766/1068/525 764/1069/525 736/1070/525
f 738/1067/526 737/1071/526 772/1072/526 766/1068/526
f 742/1073/527 772/1074/527 754/1064/527 739/1063/527
f 738/1067/528 736/1070/528 735/1075/528 737/1071/528
f 739/1063/399 740/1066/399 741/1076/399 742/1073/399
f 747/1077/529 743/1078/529 744/1079/529 748/1080/529
f 746/1081/530 749/1082/530 748/1080/530 744/1079/530
f 746/1081/531 745/1083/531 750/1084/531 749/1082/531
f 750/1084/532 745/1083/532 743/1078/532 747/1077/532
f 746/1081/533 744/1079/533 743/1078/533 745/1083/533
f 747/1077/534 748/1080/534 749/1082/534 750/1084/534
f 782/1085/535 752/986/535 678/985/535 677/988/535
f 771/1086/536 773/1008/536 694/1007/536 693/1010/536
f 758/1087/537 761/1030/537 710/1029/537 709/1032/537
f 779/911/538 781/1088/538 629/922/538 628/912/538
f 778/1089/539 751/1052/539 726/1051/539 725/1054/539
f 768/933/540 770/1090/540 645/944/540 644/934/540
f 766/1091/541 772/1074/541 742/1073/541 741/1076/541
f 760/955/542 759/1092/542 661/966/542 660/956/542
f 780/977/543 782/1085/543 677/988/543 676/978/543
f 769/999/544 771/1086/544 693/1010/544 692/1000/544
f 756/1021/545 758/1087/545 709/1032/545 708/1022/545
f 779/915/546 767/1093/546 623/921/546 624/916/546
f 776/1043/547 778/1089/547 725/1054/547 724/1044/547
f 768/937/548 757/1094/548 639/943/548 640/938/548
f 764/1065/549 766/1091/549 741/1076/549 740/1066/549
f 760/959/550 777/1095/550 655/965/550 656/960/550
f 780/981/551 765/1096/551 671/987/551 672/982/551
f 769/1003/552 755/1097/552 687/1009/552 688/1004/552
f 756/1025/553 775/1098/553 703/1031/553 704/1026/553
f 776/1047/554 763/1099/554 719/1053/554 720/1048/554
f 764/1069/555 754/1100/555 735/1075/555 736/1070/555
f 767/1093/481 753/918/481 625/917/481 623/921/481
f 757/1094/556 774/940/556 641/939/556 639/943/556
f 777/1095/503 762/962/503 657/961/503 655/965/503
f 765/1096/448 752/984/448 673/983/448 671/987/448
f 755/1097/557 773/1006/557 689/1005/557 687/1009/557
f 775/1098/470 761/1028/470 705/1027/470 703/1031/470
f 781/1088/558 753/920/558 630/919/558 629/922/558
f 763/1099/559 751/1050/559 721/1049/559 719/1053/559
f 770/1090/560 774/942/560 646/941/560 645/944/560
f 754/1100/561 772/1072/561 737/1071/561 735/1075/561
f 759/1092/562 762/964/562 662/963/562 661/966/562
f 789/1101/563 785/1102/563 786/1103/563
f 788/1104/564 789/1101/564 786/1103/564
f 787/1105/565 783/1106/565 789/1107/565 791/1108/565
f 783/1106/566 784/1109/566 790/1110/566 789/1107/566
f 791/1111/567 789/1112/567 788/1113/567
f 789/1112/568 790/1114/568 785/1115/568
f 792/1116/569 793/1117/569 795/1118/569 794/1119/569
f 794/1119/570 795/1118/570 797/1120/570 796/1121/570
f 796/1121/571 797/1120/571 799/1122/571 798/1123/571
f 798/1123/572 799/1122/572 801/1124/572 800/1125/572
f 795/1118/398 793/1117/398 803/1126/398 801/1124/398 799/1122/398 797/1120/398
f 800/1125/573 801/1124/573 803/1126/573 802/1127/573
f 802/1127/574 803/1126/574 793/1117/574 792/1116/574
f 792/1116/399 794/1119/399 796/1121/399 798/1123/399 800/1125/399 802/1127/399
f 805/1128/575 936/1129/575 814/1130/575 815/1131/575
f 811/1132/576 810/1133/576 821/1134/576 822/1135/576
f 935/1136/577 889/1137/577 812/1138/577
f 809/1139/578 808/1140/578 818/1141/578 819/1142/578
f 806/1143/579 805/1128/579 815/1131/579 816/1144/579
f 934/1145/580 811/1132/580 822/1135/580
f 804/1146/581 935/1136/581 812/1138/581 813/1147/581
f 937/1148/582 809/1139/582 819/1142/582 820/1149/582
f 807/1150/583 806/1143/583 816/1144/583 817/1151/583
f 936/1129/584 804/1146/584 813/1147/584 814/1130/584
f 810/1133/585 937/1148/585 820/1149/585 821/1134/585
f 808/1140/586 807/1150/586 817/1151/586 818/1141/586
f 820/1149/587 819/1142/587 830/1152/587 831/1153/587
f 817/1151/588 816/1144/588 827/1154/588 828/1155/588
f 814/1130/589 813/1147/589 824/1156/589 825/1157/589
f 821/1134/590 820/1149/590 831/1153/590 832/1158/590
f 818/1141/591 817/1151/591 828/1155/591 829/1159/591
f 815/1131/592 814/1130/592 825/1157/592 826/1160/592
f 822/1135/593 821/1134/593 832/1158/593 833/1161/593
f 812/1138/594 889/1137/594 823/1162/594
f 819/1142/595 818/1141/595 829/1159/595 830/1152/595
f 816/1144/596 815/1131/596 826/1160/596 827/1154/596
f 934/1145/597 822/1135/597 833/1161/597
f 813/1147/598 812/1138/598 823/1162/598 824/1156/598
f 823/1162/599 889/1137/599 834/1163/599
f 830/1152/600 829/1159/600 840/1164/600 841/1165/600
f 827/1154/601 826/1160/601 837/1166/601 838/1167/601
f 934/1145/602 833/1161/602 844/1168/602
f 824/1156/603 823/1162/603 834/1163/603 835/1169/603
f 831/1153/604 830/1152/604 841/1165/604 842/1170/604
f 828/1155/605 827/1154/605 838/1167/605 839/1171/605
f 825/1157/606 824/1156/606 835/1169/606 836/1172/606
f 832/1158/607 831/1153/607 842/1170/607 843/1173/607
f 829/1159/608 828/1155/608 839/1171/608 840/1164/608
f 826/1160/609 825/1157/609 836/1172/609 837/1166/609
f 833/1161/610 832/1158/610 843/1173/610 844/1168/610
f 843/1173/611 842/1170/611 853/1174/611 854/1175/611
f 840/1164/612 839/1171/612 850/1176/612 851/1177/612
f 837/1166/613 836/1172/613 847/1178/613 848/1179/613
f 844/1168/614 843/1173/614 854/1175/614 855/1180/614
f 834/1163/615 889/1137/615 845/1181/615
f 841/1165/616 840/1164/616 851/1177/616 852/1182/616
f 838/1167/617 837/1166/617 848/1179/617 849/1183/617
f 934/1145/618 844/1168/618 855/1180/618
f 835/1169/619 834/1163/619 845/1181/619 846/1184/619
f 842/1170/620 841/1165/620 852/1182/620 853/1174/620
f 839/1171/621 838/1167/621 849/1183/621 850/1176/621
f 836/1172/622 835/1169/622 846/1184/622 847/1178/622
f 846/1184/623 845/1181/623 856/1185/623 857/1186/623
f 853/1174/624 852/1182/624 863/1187/624 864/1188/624
f 850/1176/625 849/1183/625 860/1189/625 861/1190/625
f 847/1178/626 846/1184/626 857/1186/626 858/1191/626
f 854/1175/627 853/1174/627 864/1188/627 865/1192/627
f 851/1177/628 850/1176/628 861/1190/628 862/1193/628
f 848/1179/629 847/1178/629 858/1191/629 859/1194/629
f 855/1180/630 854/1175/630 865/1192/630 866/1195/630
f 845/1181/631 889/1137/631 856/1185/631
f 852/1182/632 851/1177/632 862/1193/632 863/1187/632
f 849/1183/633 848/1179/633 859/1194/633 860/1189/633
f 934/1145/634 855/1180/634 866/1195/634
f 866/1195/635 865/1192/635 876/1196/635 877/1197/635
f 856/1185/636 889/1137/636 867/1198/636
f 863/1187/637 862/1193/637 873/1199/637 874/1200/637
f 860/1189/638 859/1194/638 870/1201/638 871/1202/638
f 934/1145/639 866/1195/639 877/1197/639
f 857/1186/640 856/1185/640 867/1198/640 868/1203/640
f 864/1188/641 863/1187/641 874/1200/641 875/1204/641
f 861/1190/642 860/1189/642 871/1202/642 872/1205/642
f 858/1191/643 857/1186/643 868/1203/643 869/1206/643
f 865/1192/644 864/1188/644 875/1204/644 876/1196/644
f 862/1193/645 861/1190/645 872/1205/645 873/1199/645
f 859/1194/646 858/1191/646 869/1206/646 870/1201/646
f 869/1206/647 868/1203/647 879/1207/647 880/1208/647
f 876/1196/648 875/1204/648 886/1209/648 887/1210/648
f 873/1199/649 872/1205/649 883/1211/649 884/1212/649
f 870/1201/650 869/1206/650 880/1208/650 881/1213/650
f 877/1197/651 876/1196/651 887/1210/651 888/1214/651
f 867/1198/652 889/1137/652 878/1215/652
f 874/1200/653 873/1199/653 884/1212/653 885/1216/653
f 871/1202/654 870/1201/654 881/1213/654 882/1217/654
f 934/1145/655 877/1197/655 888/1214/655
f 868/1203/656 867/1198/656 878/1215/656 879/1207/656
f 875/1204/657 874/1200/657 885/1216/657 886/1209/657
f 872/1205/658 871/1202/658 882/1217/658 883/1211/658
f 934/1145/659 888/1214/659 900/1218/659
f 879/1207/660 878/1215/660 890/1219/660 891/1220/660
f 886/1209/661 885/1216/661 897/1221/661 898/1222/661
f 883/1211/662 882/1217/662 894/1223/662 895/1224/662
f 880/1208/663 879/1207/663 891/1220/663 892/1225/663
f 887/1210/664 886/1209/664 898/1222/664 899/1226/664
f 884/1212/665 883/1211/665 895/1224/665 896/1227/665
f 881/1213/666 880/1208/666 892/1225/666 893/1228/666
f 888/1214/667 887/1210/667 899/1226/667 900/1218/667
f 878/1215/668 889/1137/668 890/1219/668
f 885/1216/669 884/1212/669 896/1227/669 897/1221/669
f 882/1217/670 881/1213/670 893/1228/670 894/1223/670
f 893/1228/671 892/1225/671 903/1229/671 904/1230/671
f 900/1218/672 899/1226/672 910/1231/672 911/1232/672
f 890/1219/673 889/1137/673 901/1233/673
f 897/1221/674 896/1227/674 907/1234/674 908/1235/674
f 894/1223/675 893/1228/675 904/1230/675 905/1236/675
f 934/1145/676 900/1218/676 911/1232/676
f 891/1220/677 890/1219/677 901/1233/677 902/1237/677
f 898/1222/678 897/1221/678 908/1235/678 909/1238/678
f 895/1224/679 894/1223/679 905/1236/679 906/1239/679
f 892/1225/680 891/1220/680 902/1237/680 903/1229/680
f 899/1226/681 898/1222/681 909/1238/681 910/1231/681
f 896/1227/682 895/1224/682 906/1239/682 907/1234/682
f 903/1240/683 902/1241/683 913/1242/683 914/1243/683
f 910/1244/684 909/1245/684 920/1246/684 921/1247/684
f 907/1248/685 906/1249/685 917/1250/685 918/1251/685
f 904/1252/686 903/1240/686 914/1243/686 915/1253/686
f 911/1254/687 910/1244/687 921/1247/687 922/1255/687
f 901/1256/688 889/1257/688 912/1258/688
f 908/1259/689 907/1248/689 918/1251/689 919/1260/689
f 905/1261/690 904/1252/690 915/1253/690 916/1262/690
f 934/1263/691 911/1254/691 922/1255/691
f 902/1241/692 901/1256/692 912/1258/692 913/1242/692
f 909/1245/693 908/1259/693 919/1260/693 920/1246/693
f 906/1249/694 905/1261/694 916/1262/694 917/1250/694
f 916/1262/695 915/1253/695 926/1264/695 927/1265/695
f 934/1145/696 922/1255/696 933/1266/696
f 913/1242/697 912/1258/697 923/1267/697 924/1268/697
f 920/1246/698 919/1260/698 930/1269/698 931/1270/698
f 917/1250/699 916/1262/699 927/1265/699 928/1271/699
f 914/1243/700 913/1242/700 924/1268/700 925/1272/700
f 921/1247/701 920/1246/701 931/1270/701 932/1273/701
f 918/1251/702 917/1250/702 928/1271/702 929/1274/702
f 915/1253/703 914/1243/703 925/1272/703 926/1264/703
f 922/1255/704 921/1247/704 932/1273/704 933/1266/704
f 912/1258/705 889/1137/705 923/1267/705
f 919/1260/706 918/1251/706 929/1274/706 930/1269/706
f 926/1264/707 925/1272/707 936/1129/707 805/1128/707
f 933/1266/708 932/1273/708 810/1133/708 811/1132/708
f 923/1267/709 889/1137/709 935/1136/709
f 930/1269/710 929/1274/710 808/1140/710 809/1139/710
f 927/1265/711 926/1264/711 805/1128/711 806/1143/711
f 934/1145/712 933/1266/712 811/1132/712
f 924/1268/713 923/1267/713 935/1136/713 804/1146/713
f 931/1270/714 930/1269/714 809/1139/714 937/1148/714
f 928/1271/715 927/1265/715 806/1143/715 807/1150/715
f 925/1272/716 924/1268/716 804/1146/716 936/1129/716
f 932/1273/717 931/1270/717 937/1148/717 810/1133/717
f 929/1274/718 928/1271/718 807/1150/718 808/1140/718
o Tent3_Collider_Cylinder.027
v -1.744757 0.000000 -1.035706
v -1.407519 1.789782 -0.799746
v -0.000000 0.000000 -1.956380
v -0.011159 1.789782 -1.618821
v -0.033279 2.792609 -0.019214
v 0.000000 2.792609 -0.038427
v -1.404703 1.355574 -0.811005
v -1.482436 0.750483 -0.855885
v -0.000000 1.355574 -1.622011
v -0.000000 0.743014 -1.714680
v -0.662355 2.238860 -0.382411
v -0.000000 2.238860 -0.764822
v -1.778867 0.000000 1.011346
v -1.399060 1.774536 0.807748
v 0.000000 0.000000 1.956380
v -0.011159 1.789782 1.618821
v -0.033279 2.792609 0.019214
v 0.000000 2.792609 0.038427
v -1.404703 1.355807 0.811005
v -1.482436 0.750483 0.855885
v 0.000000 1.355574 1.622011
v 0.000000 0.750483 1.711769
v -0.662355 2.238860 0.382411
v 0.000000 2.238860 0.764822
v 1.694275 0.000000 -0.978190
v 1.391311 1.801569 -0.815836
v 0.033279 2.792609 -0.019214
v 1.404703 1.355341 -0.811005
v 1.483935 0.746039 -0.856750
v 0.662355 2.238860 -0.382411
v 1.694275 0.000000 0.978190
v 1.387767 1.798110 0.803339
v 0.033279 2.792609 0.019214
v 1.404703 1.355341 0.811005
v 1.482436 0.750483 0.855885
v 1.048600 1.981157 0.605410
v 0.662355 2.238860 0.382411
v 1.075130 1.755457 1.007728
v 1.055279 1.355457 1.012745
v 1.272819 0.000000 1.221517
v 1.115601 0.750483 1.067677
v 2.224219 1.773664 -0.867280
v 2.217261 1.500655 -0.882046
v 1.405534 1.562294 -0.809571
v 1.391940 1.602338 -0.000000
v 1.482436 0.750483 -0.354096
v 1.404702 1.353418 -0.284176
v 1.694275 0.000000 -0.517858
v 1.323068 1.602338 -0.000000
v 1.328710 1.352380 -0.000000
v 1.363076 0.750483 -0.000000
v 1.456729 0.000000 -0.000000
v 1.456729 0.000000 -0.517858
v 1.328710 1.353418 -0.284176
v 1.363076 0.750483 -0.354096
v 2.224219 1.773664 0.867280
v 2.236082 1.516878 0.877373
v 1.408352 1.538983 0.802117
v 1.482436 0.750483 0.354096
v 1.404702 1.353418 0.284176
v 1.694275 0.000000 0.517858
v 1.456729 0.000000 0.517858
v 1.328710 1.353418 0.284176
v 1.363076 0.750483 0.354096
v -1.647556 0.138444 -0.951217
v -0.000000 0.101170 -1.916957
v -1.647556 0.138444 0.951217
v 0.000000 0.138444 1.902433
v 1.655038 0.116270 -0.955537
v 1.647556 0.138444 0.951217
v 1.247327 0.138444 1.182289
v 1.647556 0.138444 -0.479492
v 1.436075 0.138444 -0.000000
v 1.436075 0.138444 -0.479492
v 1.647556 0.138444 0.479492
v 1.436075 0.138444 0.479492
vt 0.719592 0.966309
vt 0.719593 0.966309
vt 0.719592 0.966309
vt 0.719592 0.966309
vt 0.811456 0.538289
vt 0.807093 0.707684
vt 0.666628 0.705509
vt 0.666474 0.527982
vt 0.814351 0.876291
vt 0.666667 0.875000
vt 0.719593 0.966309
vt 0.719592 0.966309
vt 0.719592 0.966309
vt 0.719593 0.966309
vt 0.833333 0.971726
vt 0.666667 0.971726
vt 0.833333 0.538292
vt 0.688503 0.538370
vt 0.692966 0.707628
vt 0.833333 0.707575
vt 0.833333 0.875000
vt 0.685888 0.874852
vt 0.666667 0.971726
vt 0.833333 0.971726
vt 0.719592 0.966309
vt 0.719592 0.966309
vt 0.719591 0.966309
vt 0.720032 0.966455
vt 0.719591 0.966309
vt 0.719592 0.966310
vt 0.811936 0.521372
vt 0.807049 0.702927
vt 0.666644 0.706346
vt 0.666553 0.532159
vt 0.814351 0.875874
vt 0.666667 0.875000
vt 0.584583 0.875000
vt 0.584583 0.875000
vt 0.545305 0.889200
vt 0.666667 0.875000
vt 0.833333 0.971726
vt 0.666667 0.971726
vt 0.833333 0.875000
vt 0.722462 0.874672
vt 0.703704 0.971726
vt 0.833333 0.971726
vt 0.707241 0.875000
vt 0.666667 0.875000
vt 0.666667 0.971726
vt 0.719592 0.966309
vt 0.719592 0.966309
vt 0.833333 0.707575
vt 0.725915 0.704782
vt 0.707050 0.707575
vt 0.666667 0.707575
vt 0.706290 0.538292
vt 0.666667 0.538292
vt 0.833333 0.538292
vt 0.723167 0.532407
vt 0.811472 0.538290
vt 0.807079 0.707682
vt 0.666667 0.707575
vt 0.666667 0.538292
vt 0.814299 0.876350
vt 0.666667 0.875000
vt 0.719592 0.966309
vt 0.719592 0.966309
vt 0.666667 0.971726
vt 0.600023 0.532159
vt 0.600005 0.706346
vt 0.590179 0.707574
vt 0.591706 0.538292
vt 0.666667 1.000000
vt 0.584599 1.000000
vt 0.600000 0.875000
vt 0.589173 0.875000
vt 0.590180 0.707574
vt 0.583333 0.707575
vt 0.583333 0.538292
vt 0.591706 0.538292
vt 0.666667 1.000000
vt 0.583594 0.952304
vt 0.589173 0.875000
vt 0.583594 0.952304
vt 0.583333 0.875000
vt 0.600000 0.538292
vt 0.591706 0.538292
vt 0.590180 0.707575
vt 0.600000 0.707575
vt 0.719591 0.966309
vt 0.719591 0.966309
vt 0.719591 0.966309
vt 0.719591 0.966309
vt 0.666394 1.015151
vt 0.666667 0.875000
vt 0.584599 1.000000
vt 0.666667 1.000000
vt 0.589173 0.875000
vt 0.600000 0.875000
vt 0.590180 0.707575
vt 0.591706 0.538292
vt 0.589173 0.875000
vt 0.722222 1.000000
vt 0.777778 1.000000
vt 0.777778 1.000000
vt 0.722222 1.000000
vt 0.722222 1.000000
vt 0.777778 1.000000
vt 0.666667 0.500000
vt 0.592157 0.500000
vt 0.592157 0.500000
vt 0.707241 0.500000
vt 0.592157 0.500000
vt 0.592157 0.500000
vt 0.666667 0.500000
vt 0.583333 0.500000
vt 0.833333 0.500000
vt 0.666667 0.500000
vt 0.743613 0.500000
vt 0.723616 0.500000
vt 0.724822 0.964548
vt 0.724822 0.964548
vt 0.724822 0.964548
vt 0.724822 0.964548
vt 0.724822 0.964548
vt 0.724822 0.964548
vt 0.724822 0.964548
vt 0.724822 0.964548
vt 0.724822 0.964548
vt 0.724822 0.964548
vt 0.724822 0.964548
vt 0.724823 0.964548
vt 0.724824 0.964548
vt 0.724824 0.964548
vt 0.724823 0.964548
vt 0.724823 0.964548
vt 0.724823 0.964548
vt 0.724823 0.964548
vt 0.724824 0.964548
vt 0.724824 0.964548
vt 0.724824 0.964548
vt 0.724824 0.964548
vt 0.719592 0.966309
vn -0.3304 0.7506 -0.5722
vn -0.4832 0.2619 -0.8354
vn -0.4962 0.1287 -0.8586
vn -0.2687 0.8513 0.4507
vn -0.5030 0.0063 -0.8643
vn -0.4827 0.2605 0.8361
vn -0.5023 0.0033 0.8647
vn -0.3304 0.7506 0.5722
vn -0.4959 0.1274 0.8590
vn 0.5223 0.8526 0.0182
vn 0.3304 0.7506 -0.5722
vn 0.4827 0.2627 -0.8354
vn 0.4960 0.1294 -0.8586
vn -0.0510 -0.9987 -0.0018
vn 0.4984 0.0123 -0.8669
vn 0.4951 0.0034 0.8688
vn 0.5223 0.0110 0.8527
vn 0.3304 0.7506 0.5722
vn 0.4959 0.1274 0.8590
vn 0.4959 0.1275 0.8590
vn 0.2775 0.8318 0.4807
vn 0.4827 0.2605 0.8361
vn -0.6607 0.7506 0.0000
vn -0.9655 0.2605 0.0000
vn -0.9919 0.1274 -0.0000
vn -0.2616 0.8548 -0.4482
vn -1.0000 0.0033 0.0026
vn 0.9653 0.2610 0.0018
vn -0.0830 0.0119 0.9965
vn 0.9917 0.1283 0.0011
vn 0.9930 0.1184 -0.0000
vn 0.9994 0.0356 0.0049
vn 0.0000 -0.1152 0.9933
vn 0.0000 -0.7522 0.6589
vn 0.0000 -0.2007 0.9797
vn 0.9984 0.0569 0.0001
vn 0.9997 0.0226 0.0001
vn 0.9655 0.2605 -0.0000
vn 0.0313 0.9995 0.0011
vn 0.9999 0.0093 -0.0054
vn 0.2529 0.8570 -0.4490
vn -0.0743 0.0155 -0.9971
vn -0.5247 0.8513 0.0073
vn 0.5550 0.8318 0.0000
vn 0.9918 0.1276 -0.0002
vn 0.9999 0.0122 0.0022
vn 0.9991 0.0416 -0.0031
vn 0.4736 0.8807 0.0029
vn 0.0000 -0.1152 -0.9933
vn 0.0000 -0.7522 -0.6589
vn -0.0000 -0.2007 -0.9797
vn 0.9984 0.0569 -0.0001
vn 0.9997 0.0226 -0.0001
vn 0.6607 0.7506 0.0000
vn 0.0000 1.0000 -0.0000
vn 0.0000 -1.0000 0.0000
vn 0.0000 -0.2671 -0.9637
vn 0.9891 0.1476 0.0000
vn 0.9475 0.3197 0.0000
vn 0.0000 -0.2671 0.9637
vn -0.7710 0.6369 -0.0067
vn 0.4738 0.3197 0.8206
vn 0.4738 0.3197 -0.8206
vn -0.4170 0.5082 0.7535
vn -0.4032 0.5441 -0.7358
vn 0.2771 0.8489 0.4500
vn 0.1902 0.8615 0.4708
vn 0.2827 0.8444 0.4551
usemtl COLLIDER
s off
f 949/1275/719 948/1276/719 942/1277/719 943/1278/719
f 1002/1279/720 945/1280/720 947/1281/720 1003/1282/720
f 945/1280/721 944/1283/721 946/1284/721 947/1281/721
f 951/1285/722 953/1286/722 961/1287/722 960/1288/722
f 944/1283/723 939/1289/723 941/1290/723 946/1284/723
f 1004/1291/724 1005/1292/724 959/1293/724 957/1294/724
f 956/1295/725 958/1296/725 953/1297/725 951/1298/725
f 961/1287/726 955/1299/726 954/1300/726 960/1288/726
f 957/1294/727 959/1293/727 958/1296/727 956/1295/727
f 973/1301/728 963/1302/728 967/1303/728
f 967/1303/729 949/1275/729 943/1278/729 964/1304/729
f 1003/1305/730 947/1306/730 966/1307/730 1006/1308/730
f 947/1306/731 946/1309/731 965/1310/731 966/1307/731
f 995/1311/732 981/1312/732 980/1313/732 994/1314/732
f 946/1309/733 941/1315/733 963/1316/733 965/1310/733
f 958/1317/734 976/1318/734 975/1319/734 953/1320/734
f 976/1321/735 971/1322/735 969/1323/735 975/1319/735
f 974/1324/736 970/1325/736 955/1299/736 961/1287/736
f 959/1326/737 978/1327/737 976/1318/737 958/1317/737
f 978/1328/738 972/1329/738 971/1322/738 976/1321/738
f 973/1301/739 974/1324/739 961/1287/739
f 1008/1330/740 1007/1331/740 972/1329/740 978/1328/740
f 1005/1332/740 1008/1333/740 978/1327/740 959/1326/740
f 948/1276/741 960/1288/741 954/1300/741 942/1277/741
f 1004/1334/742 957/1335/742 945/1336/742 1002/1337/742
f 957/1335/743 956/1338/743 944/1339/743 945/1336/743
f 941/1340/744 939/1341/744 948/1276/744 949/1275/744
f 956/1338/745 951/1298/745 939/1342/745 944/1339/745
f 1006/1343/746 966/1344/746 983/1345/746 1009/1346/746
f 993/1347/747 969/1348/747 995/1311/747 994/1314/747
f 966/1344/748 965/1349/748 984/1350/748 983/1345/748
f 992/1351/749 988/1352/749 1010/1353/749 1011/1354/749
f 965/1349/750 963/1355/750 982/1356/750 984/1350/750
f 983/1345/751 984/1350/751 991/1357/751 992/1351/751
f 984/1350/752 982/1356/752 986/1358/752 991/1357/752
f 1009/1346/753 983/1345/753 992/1351/753 1011/1354/753
f 992/1351/754 991/1357/754 987/1359/754 988/1352/754
f 991/1357/755 986/1358/755 987/1359/755
f 1007/1360/756 1012/1361/756 996/1362/756 972/1363/756
f 963/1364/757 969/1365/757 993/1366/757 979/1367/757
f 994/1314/758 980/1313/758 979/1368/758 993/1347/758
f 963/1302/759 941/1340/759 949/1275/759 967/1303/759
f 980/1369/760 981/1312/760 963/1370/760 979/1371/760
f 939/1341/761 951/1285/761 960/1288/761 948/1276/761
f 967/1303/762 974/1324/762 973/1301/762
f 972/1363/763 996/1362/763 997/1372/763 971/1373/763
f 988/1352/749 1001/1374/749 1013/1375/749 1010/1353/749
f 982/1356/764 963/1355/764 969/1365/764
f 971/1373/765 997/1372/765 982/1356/765 969/1323/765
f 973/1301/766 969/1365/766 963/1302/766
f 996/1362/767 1001/1374/767 1000/1376/767 997/1372/767
f 997/1372/768 1000/1376/768 986/1358/768 982/1356/768
f 1012/1361/769 1013/1375/769 1001/1374/769 996/1362/769
f 1001/1374/770 988/1352/770 987/1359/770 1000/1376/770
f 1000/1376/771 987/1359/771 986/1358/771
f 964/1304/772 970/1325/772 974/1324/772 967/1303/772
f 942/1377/773 954/1378/773 955/1379/773 970/1380/773 964/1381/773 943/1382/773
f 962/1383/774 985/1384/774 990/1385/774
f 977/1386/774 999/1387/774 998/1388/774 968/1389/774
f 989/1390/774 950/1391/774 938/1392/774
f 940/1393/774 962/1383/774 990/1385/774
f 990/1385/774 989/1390/774 940/1393/774
f 989/1390/774 999/1387/774 977/1386/774
f 989/1390/774 977/1386/774 952/1394/774
f 938/1392/774 940/1393/774 989/1390/774
f 952/1394/774 950/1391/774 989/1390/774
f 998/1395/775 999/1396/775 1013/1397/775 1012/1398/775
f 999/1387/776 989/1390/776 1010/1353/776 1013/1375/776
f 968/1399/777 998/1395/777 1012/1398/777 1007/1400/777
f 985/1401/778 1009/1402/778 1011/1403/778 990/1404/778
f 990/1385/776 1011/1354/776 1010/1353/776 989/1390/776
f 962/1405/777 1006/1406/777 1009/1402/777 985/1401/777
f 950/1407/779 1004/1408/779 1002/1409/779 938/1410/779
f 977/1411/780 968/1399/780 1007/1400/780 1008/1412/780
f 952/1413/780 977/1411/780 1008/1412/780 1005/1414/780
f 940/1415/781 1003/1416/781 1006/1406/781 962/1405/781
f 950/1407/782 952/1413/782 1005/1414/782 1004/1408/782
f 938/1410/783 1002/1409/783 1003/1416/783 940/1415/783
f 961/1287/784 953/1286/784 973/1301/784
f 975/1417/785 969/1365/785 973/1301/785
f 953/1286/786 975/1417/786 973/1301/786
