# Blender v3.0.1 OBJ File: 'Castle7_FinalSuperPack_individuals.blend'
# www.blender.org
mtllib Tent2.mtl
o Tent2_Cylinder.019
v -1.467605 0.000000 1.200000
v -1.198212 1.688430 1.199812
v 1.197729 1.690170 1.200000
v 1.107949 1.690135 1.658780
v 1.126245 0.000000 2.236039
v 0.848355 1.689283 2.044353
v 0.519043 -0.000001 2.573069
v 0.459640 1.688488 2.301062
v 0.000000 0.000000 2.712207
v 0.000321 1.689100 2.395504
v -0.532984 0.000000 2.615607
v -0.459166 1.689278 2.307463
v -1.090031 0.000000 2.344490
v -0.848283 1.689085 2.047723
v -1.398428 0.000000 1.805183
v -1.108312 1.688775 1.658718
v 0.000000 2.833939 1.200000
v -1.177695 1.112683 1.202076
v -1.281449 0.556703 1.200802
v 1.044597 1.126147 1.707972
v 0.831460 1.124406 2.020745
v 0.899397 0.559094 2.094745
v 0.452176 1.120362 2.258803
v 0.480782 0.557916 2.353981
v 0.000698 1.123134 2.364772
v 0.000343 0.558847 2.488662
v -0.450810 1.120046 2.284680
v -0.482639 0.558546 2.369008
v -0.832362 1.118364 2.031940
v -0.907960 0.558109 2.108225
v -1.087566 1.115674 1.651353
v -1.167969 0.557439 1.683149
v -1.174234 1.650226 1.199786
v -1.085547 1.650675 1.649210
v -0.830865 1.651078 2.030166
v -0.449757 1.651315 2.284412
v 0.000358 1.651178 2.370045
v 0.450276 1.650563 2.277109
v 0.830912 1.651462 2.026192
v 1.085081 1.652448 1.649200
v 1.028867 1.652321 1.732894
v 0.887058 1.651750 1.943158
v 0.746825 1.651169 2.081265
v 0.534463 1.650621 2.221076
v 0.350916 1.650621 2.297104
v 0.099871 1.651051 2.349174
v -0.099168 1.651246 2.351368
v -0.350345 1.651276 2.303649
v -0.533989 1.651368 2.228420
v -0.746618 1.651218 2.086431
v -0.887133 1.651066 1.945984
v -1.029232 1.650862 1.733421
v -1.105304 1.650674 1.549892
v -1.155187 1.650449 1.299128
v 1.154637 1.652508 1.299335
v 1.104816 1.652505 1.550099
v 1.174624 0.000000 1.768379
v 1.188825 1.632371 -0.798052
v 1.350682 0.000000 1.200000
v 1.068309 1.627266 -0.401807
v 0.614979 0.000000 1.200000
v 0.571296 0.000000 1.760794
v -0.021953 0.000000 1.200000
v 0.012667 0.000000 1.754318
v -0.717850 0.000000 1.200000
v -0.644842 0.000000 1.747367
v -1.033177 1.663271 1.771075
v 1.134286 1.664325 1.526444
v 1.032957 1.664173 1.770608
v 0.132946 1.663196 2.368331
v -1.134609 1.663116 1.526303
v -0.132363 1.663486 2.370644
v 0.923236 1.663817 1.933591
v -0.923282 1.663372 1.935494
v -0.326566 1.663553 2.333417
v 0.571851 1.662875 2.226966
v 0.736140 1.663217 2.118489
v -1.173163 1.663004 1.332342
v -0.735901 1.663499 2.122817
v 1.172811 1.664325 1.332478
v -0.571450 1.663575 2.232664
v 0.327063 1.662876 2.328361
v 1.013469 0.065781 2.212088
v 0.512259 0.065750 2.450114
v 0.000000 0.065781 2.692405
v -0.525994 0.065781 2.483790
v -1.057354 0.065781 2.257354
v -1.279058 0.065781 1.726058
v -1.449197 0.065781 1.200000
v -0.236754 2.462655 1.437052
v 0.236754 2.462655 1.437052
v -0.307397 2.464703 1.327625
v -0.330243 2.467086 1.200297
v 0.322817 2.454192 1.156710
v 0.128672 2.461273 1.510939
v 0.307397 2.464703 1.327625
v 0.000000 2.460784 1.537033
v -0.128672 2.461273 1.510939
v 1.381209 0.000000 1.665787
v 1.217570 0.563390 1.500694
v 1.181568 1.655630 1.199330
v 1.129225 1.126780 1.330764
v 1.315022 0.071593 1.645453
v 1.082557 1.711995 1.648285
v 0.695895 2.026990 1.488714
v -0.828891 1.710929 2.028381
v -0.533892 2.025771 1.734144
v 0.000300 1.710862 2.368452
v 0.000001 2.024656 1.956428
v 0.828961 1.711112 2.025237
v 0.533892 2.025770 1.734141
v -1.082895 1.710726 1.648226
v -0.695894 2.026990 1.488714
v -0.744144 2.025638 1.200252
v -1.170050 1.710505 1.199837
v 0.744144 2.025635 1.200252
v 1.169599 1.712127 1.200013
v 0.289274 2.024922 1.898489
v 0.449134 1.710308 2.276272
v -0.289263 2.024948 1.898596
v -0.448689 1.711051 2.282252
v 1.158511 0.065781 1.971854
v 1.163588 0.000000 1.988171
v 1.069482 0.564833 1.812050
v -1.031133 1.625854 1.632566
v -1.117086 1.625508 1.199941
v -0.419036 1.626347 2.243802
v 0.014371 1.626242 2.325634
v -0.785919 1.626165 1.999214
v 1.054103 1.627220 1.638638
v 0.813861 1.626460 1.994632
v 1.151123 1.632709 1.199713
v 0.447602 1.625767 2.234912
v 1.058465 1.627220 1.632232
v -0.900529 1.846462 1.572946
v -0.966998 1.846680 1.200015
v 0.689766 1.846026 1.887999
v 0.373723 1.845187 2.098258
v 0.000150 1.845327 2.174222
v -0.373495 1.845572 2.101303
v 0.966774 1.847486 1.200103
v -0.689731 1.845935 1.889573
v 0.900361 1.847096 1.572976
v -1.467605 0.000000 -1.200000
v -1.198224 1.688430 -1.200188
v -1.392960 0.000000 -1.751591
v -1.108482 1.688103 -1.659130
v -1.101691 0.000000 -2.314527
v -0.848597 1.687844 -2.048239
v -0.538686 0.000000 -2.527000
v -0.459591 1.687691 -2.308276
v -0.000000 0.000000 -2.741220
v -0.000687 1.687669 -2.399653
v 0.593514 0.000000 -2.585521
v 0.458779 1.689668 -2.308051
v 1.036592 0.000000 -2.236039
v 0.847976 1.690170 -2.047976
v 1.107934 1.690170 -1.658921
v 1.198605 1.690170 -1.199364
v -0.000000 2.833939 -1.200000
v 1.035616 1.116788 -1.725885
v 0.896894 0.574305 -2.096884
v 0.830445 1.126780 -2.030445
v 0.479617 0.558994 -2.362617
v 0.448285 1.122286 -2.285161
v -0.001206 0.555062 -2.492067
v -0.005183 1.106077 -2.374243
v -0.483545 0.555095 -2.368215
v -0.454471 1.106270 -2.284113
v -0.908660 0.555423 -2.106913
v -0.835067 1.107593 -2.028913
v -1.168334 0.555986 -1.681611
v -1.089029 1.109845 -1.647494
v -1.177695 1.112683 -1.197925
v -1.281440 0.556703 -1.199198
v -1.174243 1.650226 -1.200214
v 1.176601 1.655598 -0.799181
v 1.173140 1.653996 -0.400670
v 1.172403 1.648286 -0.000670
v 1.173088 1.653953 0.399330
v 1.175289 1.655595 0.799330
v 1.189885 1.687224 0.798909
v 1.085055 1.652508 -1.649445
v 0.830465 1.652508 -2.030465
v 0.449220 1.651706 -2.285228
v -0.000894 1.649235 -2.374985
v -0.450315 1.649264 -2.285466
v -0.831273 1.649462 -2.030775
v -1.085768 1.649800 -1.649685
v 1.187626 1.686288 0.400000
v 1.187084 1.678593 -0.000000
v 1.187651 1.679572 -0.400000
v 1.192360 1.689855 -0.799076
v 1.161202 1.711313 0.800013
v 1.158482 1.705309 0.400013
v 1.157936 1.695570 0.000013
v 1.158488 1.705327 -0.399987
v 1.162513 1.711315 -0.799484
v 0.954601 1.837255 0.800103
v 0.952719 1.809021 0.400103
v 0.951710 1.779723 0.000103
v 0.952718 1.811283 -0.399897
v 0.954600 1.838039 -0.799897
v 0.692800 1.999870 0.800258
v 0.683964 1.969130 0.410296
v 0.678069 1.925507 0.000255
v 0.692413 1.970715 -0.399742
v 0.713338 1.995318 -0.800564
v 0.264931 2.353692 0.816974
v 0.244683 2.242877 0.423655
v 0.245513 2.209761 0.000222
v 0.254940 2.238533 -0.399769
v 0.255433 2.353869 -0.799769
v 0.000000 2.582188 0.800000
v 0.000000 2.480121 0.400000
v 0.000000 2.452151 0.000000
v -0.000000 2.480408 -0.400000
v -0.000000 2.582188 -0.800000
v -0.310093 2.306719 0.800280
v -0.297444 2.206681 0.400269
v -0.297700 2.187868 0.000269
v -0.297442 2.218545 -0.399731
v -0.310090 2.305745 -0.799720
v -1.155239 1.650255 -1.299543
v -1.105464 1.650041 -1.550332
v -1.029482 1.649873 -1.733899
v -0.887477 1.649702 -1.946532
v -0.747030 1.649585 -2.087048
v -0.534467 1.649483 -2.229154
v -0.350937 1.649437 -2.305228
v -0.100176 1.649417 -2.355172
v 0.098495 1.649450 -2.355222
v 0.349698 1.651031 -2.305111
v 0.533576 1.652223 -2.228854
v 0.746253 1.652508 -2.086734
v 0.886734 1.652508 -1.946253
v 1.028786 1.652508 -1.733657
v 1.104814 1.652508 -1.550110
v 1.154639 1.652508 -1.299142
v 1.168043 0.000000 -1.768379
v 1.550717 0.065781 0.913819
v 1.338383 0.000000 -1.199914
v 0.612213 0.000000 -1.200000
v 0.568441 0.000000 -1.760794
v -0.022178 0.000000 -1.200000
v 0.012667 0.000000 -1.754318
v -0.717850 0.000000 -1.200000
v -0.644842 0.000000 -1.747367
v -1.134704 1.662739 -1.526588
v -0.719144 1.985313 0.800252
v -0.689263 1.943174 0.400260
v 1.134286 1.664325 -1.526443
v -1.033347 1.662599 -1.771392
v -0.689284 1.921720 0.000260
v -0.689263 1.941540 -0.399740
v 0.923019 1.664325 -1.935667
v -0.719144 1.985121 -0.799748
v -0.954854 1.837275 0.800016
v -0.952963 1.807380 0.400016
v -0.951946 1.786050 0.000015
v -0.952962 1.807403 -0.399985
v -0.954854 1.837286 -0.799985
v -1.161705 1.709719 0.799837
v -1.158981 1.703818 0.399837
v -1.158430 1.694157 -0.000163
v -1.159881 1.703269 -0.399582
v -1.161715 1.709723 -0.800163
v -0.133024 1.662317 -2.373177
v 0.735667 1.664327 -2.123019
v -1.190747 1.688133 0.799812
v -1.188139 1.684654 0.399812
v 0.131979 1.662513 -2.373191
v 0.326179 1.663377 -2.334477
v -1.187615 1.677037 -0.000188
v -1.190547 1.683112 -0.398622
v -0.571756 1.662367 -2.233130
v -1.173206 1.662845 -1.332615
v -0.736175 1.662418 -2.123230
v -1.190758 1.688136 -0.800188
v -1.168247 1.650217 0.799786
v 1.172812 1.664325 -1.332462
v -1.165936 1.648920 0.399786
v -1.165449 1.643676 -0.000214
v -1.166618 1.648497 -0.399777
v 0.571223 1.664298 -2.232900
v -1.168258 1.650217 -0.800214
v -0.326983 1.662327 -2.334564
v -1.113072 1.625508 0.799941
v -0.923498 1.662515 -1.935847
v -1.111308 1.625456 0.399941
v -1.110929 1.622926 -0.000059
v -1.111311 1.625458 -0.400059
v -1.113076 1.625508 -0.800059
v -1.177381 1.112683 0.802076
v -1.176163 1.112683 0.402075
v 1.032892 1.664325 -1.771231
v -1.279058 0.065781 -1.726058
v -1.057354 0.065781 -2.257354
v -0.525994 0.065781 -2.483790
v -0.000000 0.065781 -2.692405
v 0.512246 0.065781 -2.450235
v 1.012591 0.065781 -2.212088
v 1.182019 1.655630 -1.199568
v -1.175478 1.112683 0.002075
v -1.176151 1.112683 -0.397925
v -1.177371 1.112683 -0.797925
v -1.277783 0.556703 0.800802
v -1.272371 0.556703 0.400802
v -1.269314 0.556703 0.000802
v -1.449197 0.065781 -1.200000
v -1.272351 0.556703 -0.399198
v -1.277763 0.556703 -0.799198
v -1.443173 0.065781 0.800000
v -1.432872 0.065781 0.400000
v -1.420742 0.065781 0.000000
v -1.432872 0.065781 -0.400000
v -1.443173 0.065781 -0.800000
v 0.124194 2.472702 -1.499534
v -1.461540 0.000000 0.800000
v -1.481839 0.000000 0.400000
v -1.436336 0.000000 0.000000
v -1.543874 0.000000 -0.400000
v -0.230422 2.471401 -1.430125
v -0.124194 2.472702 -1.499534
v -1.554297 0.000000 -0.800000
v -0.715248 0.000000 0.800000
v 0.230422 2.471401 -1.430125
v -0.000000 2.473156 -1.523772
v -0.329208 2.458729 -1.179164
v 0.302920 2.469435 -1.325177
v 0.330243 2.467086 -1.199703
v -0.302920 2.469436 -1.325177
v -0.711341 0.000000 0.400000
v -0.709286 0.000000 0.000000
v -0.711341 0.000000 -0.400000
v -0.715249 0.000000 -0.800000
v -0.021349 0.000000 0.800000
v -0.023411 0.000000 0.400000
v -0.023289 0.000000 0.000000
v -0.023359 0.000000 -0.400000
v 1.378470 0.000000 -1.649228
v -0.021178 0.000000 -0.800000
v 1.212389 0.563390 -1.501549
v 0.619889 0.000000 0.800000
v 0.583240 0.000000 0.400000
v 0.553040 0.000000 -0.000000
v 0.587257 0.000000 -0.400000
v 0.621587 0.000000 -0.800000
v 1.168941 1.124920 -1.350018
v 1.305643 0.071671 -1.648975
v 1.413493 0.000000 0.937087
v -0.000642 1.710050 -2.371759
v -0.000000 2.032022 -1.948370
v 1.222417 0.000000 0.400000
v 1.166265 0.000000 -0.000000
v 1.231583 0.000000 -0.400000
v 1.412951 0.000000 -0.900048
v -0.828914 1.710139 -2.028568
v -0.530114 2.030977 -1.729861
v 1.082353 1.712226 -1.648313
v 0.693218 2.029807 -1.487103
v 1.198396 0.563390 0.739736
v 1.147888 0.563390 0.400154
v 0.448138 1.711895 -2.282318
v 0.286591 2.031751 -1.891641
v 1.108610 0.563390 0.000154
v 1.152597 0.563390 -0.399442
v 1.199814 0.563390 -0.721538
v 1.074089 1.126780 -0.547862
v -0.286592 2.031751 -1.891641
v -0.448895 1.710051 -2.282526
v 0.530114 2.030977 -1.729861
v 0.828337 1.712309 -2.028324
v -0.744144 2.025638 -1.199748
v -1.170063 1.710505 -1.200163
v 0.744144 2.025638 -1.199748
v 1.170061 1.712127 -1.199674
v -0.693218 2.029807 -1.487103
v -1.082863 1.710299 -1.648507
v 1.060577 1.126780 0.400323
v 1.049859 1.126780 0.000323
v 1.061195 1.126780 -0.393105
v 1.436128 0.066966 1.290851
v 1.068605 1.632371 0.399986
v 1.068336 1.632371 -0.000014
v 1.068626 1.632371 -0.400015
v 1.197129 0.000000 -2.021324
v 1.134476 0.065781 -2.003524
v 1.049338 0.576499 -1.841915
v 0.813369 1.627266 -1.999428
v -0.419894 1.624766 -2.244749
v 1.058218 1.627266 -1.633594
v 0.446305 1.626648 -2.244651
v 0.012723 1.624744 -2.330985
v -1.031400 1.625179 -1.632727
v -1.117089 1.625508 -1.200059
v -0.786494 1.624919 -1.999569
v 1.192842 1.657875 0.089270
v 1.068309 1.627266 -0.397946
v 1.188158 1.632371 -1.198550
v -0.967016 1.846686 -1.199985
v 1.192806 1.656671 0.286836
v 0.371841 1.849502 -2.097816
v 0.687506 1.849310 -1.887403
v 1.185683 1.656671 -0.112971
v -0.899136 1.847701 -1.572323
v 0.898881 1.848665 -1.572226
v 0.966785 1.847490 -1.199897
v -0.687795 1.848224 -1.887525
v -0.372220 1.848580 -2.097921
v -0.000321 1.848718 -2.171788
v 1.192806 1.664462 1.089782
v 1.192842 1.665666 0.892216
v 1.073409 1.126780 0.553439
v 1.327512 0.563390 1.121766
v 1.442821 0.000000 1.294986
v 1.188293 1.632371 0.799986
v 1.175151 1.126780 0.925293
v 1.324657 0.563390 0.739736
v 1.651892 0.000000 0.869580
v 1.203890 1.126780 0.553439
v 1.184458 1.126480 -0.936494
v 1.325617 0.563390 -0.718487
v 1.661294 0.000000 -0.845450
v 1.324654 0.563390 -1.113895
v 1.538189 0.000000 -1.250739
v 1.188336 1.632371 -0.400015
v 1.204283 1.126780 -0.544717
v 1.438620 0.066461 -1.249449
v 1.549210 0.065781 -0.880330
v 1.614365 0.000000 1.019485
v 1.331014 0.563390 0.821246
v 1.179469 1.632371 0.453162
v 1.197596 1.126780 0.622394
v 1.542462 0.066040 0.996237
v 1.185683 1.664462 0.689975
v 1.188737 1.665666 0.492433
v 1.188733 1.657875 -0.310513
v 1.179285 1.654164 0.450639
v 1.193311 1.661901 -0.708606
v 1.193506 1.652645 -0.511349
v 1.189922 1.656671 -0.913537
v 1.191123 1.657875 -1.111249
v 1.188485 1.632371 -0.451406
v 1.198891 1.126724 -0.617658
v 1.173567 1.654226 -0.457912
v 1.524313 0.065937 -0.965094
v 1.325628 0.563390 -0.810984
v 1.625222 0.000000 -0.988201
v 1.391216 0.055979 -0.882311
v -1.171062 1.650255 -0.875759
v -1.174978 1.650041 -1.131410
v -1.198590 1.662739 -1.102063
v -1.195564 1.662845 -0.904328
v -1.194102 1.667501 -0.297701
v -1.191269 1.662845 -0.106313
v -1.197103 1.663831 0.504213
v -1.193124 1.664062 0.695636
v -1.193989 1.662739 -0.705376
v -1.193184 1.662845 -0.507620
v -1.193451 1.662739 0.093673
v -1.192645 1.662845 0.291428
v -1.197847 1.674315 0.893944
v -1.202173 1.674421 1.091654
v 1.178466 1.527813 1.263687
v 1.160664 1.469866 1.387471
v 1.150738 1.469866 1.479265
v 1.131290 1.528773 1.601301
v -1.120383 1.528144 1.596906
v -1.144694 1.469732 1.474290
v -1.162539 1.469723 1.384588
v -1.186655 1.528066 1.261906
v -0.883185 1.528204 1.995366
v -0.952555 1.469753 1.891507
v -1.003471 1.469746 1.815311
v -1.072941 1.528064 1.711428
v -0.511553 1.528249 2.272693
v -0.615364 1.469770 2.203417
v -0.691687 1.469764 2.152422
v -0.795504 1.528111 2.083038
v -0.061844 1.528182 2.385462
v -0.184509 1.469752 2.362142
v -0.274560 1.469766 2.344441
v -0.396989 1.528155 2.320193
v 0.397285 1.527387 2.316266
v 0.274987 1.469237 2.341997
v 0.184858 1.469325 2.360279
v 0.062238 1.527871 2.384564
v 0.794187 1.523432 2.089008
v 0.691132 1.465844 2.160429
v 0.615163 1.465755 2.210856
v 0.510892 1.525566 2.276566
v 1.069735 1.528737 1.707065
v 0.999390 1.469827 1.808897
v 0.948466 1.469775 1.884932
v 0.880126 1.528116 1.989615
v -1.033072 1.581157 1.771146
v -0.978060 1.505889 1.853390
v 1.139845 1.582819 1.529141
v 1.155701 1.506196 1.433368
v -0.653563 1.505948 2.177887
v -0.571369 1.581379 2.232762
v -0.735815 1.581251 2.122905
v 0.973975 1.506069 1.846633
v 1.030726 1.582382 1.767753
v 0.653240 1.501955 2.184919
v 0.735416 1.574850 2.125256
v 0.571142 1.579746 2.233588
v -1.153677 1.505817 1.429427
v -1.134489 1.581175 1.526368
v -1.173062 1.581062 1.332406
v 0.132847 1.580930 2.369313
v 0.229977 1.505435 2.350430
v -0.229543 1.505940 2.353005
v -0.132386 1.581330 2.371347
v 0.920923 1.580680 1.931097
v -0.923185 1.581294 1.935571
v -0.326520 1.581285 2.333750
v 1.169374 1.580448 1.333847
v 0.326934 1.580535 2.329595
v 1.116949 1.530170 -1.605455
v 1.140176 1.469866 -1.485615
v 1.158189 1.469866 -1.395059
v 1.183096 1.526600 -1.270646
v 0.879938 1.530204 -1.993908
v 0.948085 1.471759 -1.889641
v 0.999381 1.471759 -1.812872
v 1.069749 1.530043 -1.709830
v 0.511472 1.528302 -2.272827
v 0.615066 1.469869 -2.203601
v 0.691832 1.469869 -2.152308
v 0.795364 1.528360 -2.083130
v 0.058254 1.530182 -2.385512
v 0.180400 1.471636 -2.360308
v 0.270164 1.471738 -2.342445
v 0.393705 1.529595 -2.318694
v -0.395772 1.527449 -2.318179
v -0.272412 1.469415 -2.341708
v -0.183219 1.469415 -2.359453
v -0.060725 1.527948 -2.384864
v -0.794323 1.527702 -2.080951
v -0.689581 1.469423 -2.149649
v -0.613926 1.469419 -2.200203
v -0.510302 1.527718 -2.270767
v -1.073025 1.527992 -1.711486
v -1.003335 1.469688 -1.815531
v -0.952720 1.469681 -1.891285
v -0.883249 1.527979 -1.995560
v -1.198841 1.527784 -1.265241
v -1.179136 1.469709 -1.388955
v -1.161332 1.469701 -1.478474
v -1.132615 1.527979 -1.600157
v -1.143237 1.580628 -1.528753
v -1.170311 1.505743 -1.433727
v 1.149183 1.506196 -1.440337
v 1.132109 1.585976 -1.531832
v -0.978119 1.505678 -1.853429
v -1.033178 1.580911 -1.771320
v 0.973733 1.508088 -1.851257
v 0.920840 1.583698 -1.934536
v 1.170438 1.577786 -1.338423
v -0.651854 1.505383 -2.174961
v -0.735037 1.580576 -2.121584
v -0.570612 1.580538 -2.231474
v 0.225296 1.507767 -2.351403
v 0.130027 1.584107 -2.371953
v 0.324084 1.581959 -2.333242
v -0.131880 1.581025 -2.371506
v -0.227919 1.505364 -2.350631
v 0.735667 1.581672 -2.123019
v 0.653449 1.506197 -2.177955
v -1.181844 1.580050 -1.334799
v 0.571227 1.581668 -2.232895
v -0.325827 1.580044 -2.332884
v -0.923320 1.580903 -1.935768
v 1.030703 1.583324 -1.770095
v 1.186821 1.527964 0.030654
v 1.194062 1.462241 0.145013
v 1.184606 1.527980 -0.369199
v 1.189102 1.462241 -0.254758
v 1.197197 1.498605 0.191079
v 1.191195 1.573169 0.091167
v 1.198942 1.575044 0.288501
v 1.194421 1.462162 -0.162276
v 1.196463 1.524502 -0.043208
v 1.187657 1.535020 0.832594
v 1.194062 1.470032 0.947959
v 1.200791 1.469953 1.040349
v 1.205187 1.532980 1.158481
v 1.198942 1.582835 1.091447
v 1.197197 1.506396 0.994025
v 1.191195 1.580960 0.894113
v 1.200791 1.462162 0.237404
v 1.202439 1.524713 0.355944
v 1.191792 1.575044 -0.111212
v 1.191534 1.498605 -0.208649
v 1.184593 1.535155 0.432920
v 1.189102 1.470032 0.548188
v 1.194421 1.469953 0.640670
v 1.197244 1.533091 0.758719
v 1.191792 1.582835 0.691733
v 1.191534 1.506396 0.594296
v 1.187059 1.580960 0.494304
v 1.187057 1.573169 -0.308642
v 1.189984 1.534229 -0.772925
v 1.195203 1.464159 -0.660986
v 1.189956 1.528672 -1.169467
v 1.191072 1.462241 -1.056083
v 1.198289 1.498620 -0.613494
v 1.192436 1.577216 -0.710204
v 1.199865 1.571027 -0.513048
v 1.196999 1.462162 -0.963601
v 1.201338 1.524696 -0.844729
v 1.201815 1.460325 -0.568715
v 1.203282 1.518622 -0.448536
v 1.200524 1.574767 -0.912166
v 1.195007 1.498605 -1.009975
v 1.192404 1.573372 -1.109695
v -1.205626 1.532706 -0.839920
v -1.213175 1.469709 -0.958173
v -1.214537 1.469701 -1.049435
v -1.210805 1.534155 -1.165921
v -1.207387 1.580628 -1.102390
v -1.213934 1.505743 -1.003800
v -1.204468 1.580050 -0.904653
v -1.201970 1.531783 -0.040876
v -1.208833 1.473879 -0.166081
v -1.209404 1.477135 -0.250436
v -1.203970 1.544006 -0.363462
v -1.202176 1.591837 -0.298147
v -1.209247 1.511814 -0.211033
v -1.200166 1.580050 -0.106776
v -1.204392 1.534616 0.759178
v -1.210817 1.473459 0.645061
v -1.211366 1.476589 0.563992
v -1.204988 1.541482 0.437010
v -1.205901 1.582327 0.505868
v -1.211643 1.509901 0.611044
v -1.201420 1.587741 0.697210
v -1.204222 1.531636 -0.441833
v -1.210189 1.469709 -0.561659
v -1.210526 1.469701 -0.652931
v -1.204908 1.534707 -0.768526
v -1.202783 1.580628 -0.705802
v -1.210436 1.505743 -0.607292
v -1.202084 1.580050 -0.508045
v -1.203172 1.531769 0.356949
v -1.209650 1.469709 0.237389
v -1.209988 1.469701 0.146117
v -1.203275 1.534313 0.030187
v -1.202244 1.580628 0.093246
v -1.209898 1.505743 0.191756
v -1.201545 1.580050 0.291003
v -1.213363 1.538679 1.165092
v -1.217904 1.471718 1.048432
v -1.216271 1.468123 0.957244
v -1.207641 1.528411 0.839273
v -1.207944 1.575896 0.898897
v -1.217288 1.505931 1.001421
v -1.211329 1.585158 1.096286
v 0.546270 2.121041 0.805982
v 0.537509 2.205440 1.423040
v 0.583450 2.037421 -0.399749
v 0.620456 2.068048 -0.800403
v 0.535204 2.019391 0.000244
v 0.601726 2.177535 -1.199732
v 0.574463 2.037367 0.413626
v 0.502490 2.244642 -1.407974
v 0.603370 2.168825 1.185704
v 0.249078 2.133609 -1.801065
v -0.239830 2.158720 -1.778736
v 0.421938 2.189951 -1.621670
v -0.000000 2.120032 -1.863659
v -0.638395 2.091560 -1.464358
v -0.703556 2.068002 -1.197734
v -0.651149 2.038416 -0.799743
v -0.458291 2.136527 -1.658028
v -0.646753 2.042193 0.800257
v -0.636792 1.978635 -0.399739
v -0.626006 1.985716 0.400262
v -0.569300 2.003270 0.000263
v -0.264247 2.092917 1.838208
v 0.261060 2.101579 1.830405
v -0.488081 2.093127 1.688340
v 0.000000 2.082740 1.900573
v 0.488826 2.092031 1.689082
v -0.625058 2.106799 1.459342
v -0.640493 2.136188 1.200264
v -1.431766 0.116794 1.200083
v 0.996842 0.137683 2.194984
v 0.508988 0.116893 2.440124
v 0.000067 0.161479 2.652861
v -0.518788 0.147679 2.464713
v -1.029224 0.158481 2.229275
v -1.258123 0.158437 1.717971
v 1.307150 0.142288 1.633760
v 1.149260 0.157482 1.955248
v -1.431765 0.116794 -1.199917
v 1.391141 0.058544 0.916580
v 1.214672 0.058544 0.400016
v 1.160274 0.058544 0.000016
v 1.223375 0.058544 -0.399942
v -1.410941 0.161455 0.800156
v -1.416194 0.116794 0.400083
v -1.405006 0.116794 0.000083
v -1.399857 0.166750 -0.399835
v -1.410833 0.161763 -0.799843
v -1.267552 0.116720 -1.721439
v -1.041903 0.116661 -2.241721
v -0.518083 0.156968 -2.462252
v -0.000307 0.190163 -2.641476
v 0.505099 0.173820 -2.431042
v 0.991028 0.160555 -2.190617
v 1.125629 0.118851 -1.986730
v 1.424842 0.118551 1.273281
v 1.527226 0.117489 0.895729
v 1.426778 0.118099 -1.235363
v 1.525976 0.117489 -0.863512
v 1.520490 0.117721 0.978053
v 1.283952 0.186047 -1.614683
v 1.503667 0.117629 -0.949080
v 1.371327 0.108706 -0.865605
v 1.465222 0.155118 -1.092221
v 1.514821 0.117559 -0.906296
v 1.344391 0.183994 -1.428189
v 1.364868 0.160467 1.451846
v 1.472666 0.118136 1.125667
v 1.523858 0.117605 0.936891
v 1.210791 0.120810 -1.810193
v -1.419074 0.131502 0.993437
v 1.051916 0.160725 -2.086915
v -1.421283 0.135716 -0.915731
v -1.407131 0.161770 -0.642721
v -1.410599 0.116794 -0.199917
v -1.410600 0.116794 0.200083
v -1.407568 0.135225 0.614335
v -1.349659 0.116757 -1.460678
v -1.154728 0.116691 -1.981580
v -0.779822 0.134055 -2.347616
v -0.260854 0.116625 -2.571684
v 0.238005 0.190827 -2.539375
v 0.661467 0.117526 -2.366328
v 1.075437 0.157183 2.077571
v -1.349640 0.116833 1.460841
v -1.154672 0.116906 1.981728
v -0.781659 0.116963 2.356860
v -0.259880 0.147711 2.561523
v 0.254512 0.116955 2.555679
v 0.752935 0.137596 2.315168
v 1.227077 0.160011 1.792829
v -1.921972 0.271457 -0.020779
v -1.876303 0.291609 -0.020624
v -1.808677 0.000000 -0.029355
v -1.715040 0.000000 -0.029059
v -1.832518 0.297305 -1.242396
v -1.825042 0.297923 -1.291747
v -1.783977 0.306240 -1.234931
v -1.776501 0.306857 -1.284281
v -1.375383 0.291634 -2.506307
v -1.340086 0.291634 -2.541604
v -1.340640 0.300447 -2.471564
v -1.305343 0.300447 -2.506861
v -0.024959 0.283922 -3.121984
v 0.024958 0.283922 -3.121984
v -0.024959 0.292736 -3.072851
v 0.024958 0.292736 -3.072851
v 1.342899 0.290463 -2.553385
v 1.378196 0.290463 -2.518088
v 1.308156 0.299277 -2.518642
v 1.343453 0.299277 -2.483346
v 1.979853 0.312182 -0.961883
v 1.982358 0.312182 -0.912028
v 1.930782 0.320996 -0.959418
v 1.933286 0.320996 -0.909564
v -1.739557 0.000000 -1.193452
v -1.739557 0.000000 -1.285619
v -1.645919 0.000000 -1.285619
v -1.645919 0.000000 -1.193452
v -1.301931 0.000000 -2.456266
v -1.236760 0.000000 -2.521437
v -1.170548 -0.000000 -2.455226
v -1.235720 -0.000000 -2.390054
v -0.046083 -0.000000 -3.022664
v 0.046083 -0.000000 -3.022664
v 0.046083 0.000000 -2.929027
v -0.046084 -0.000000 -2.929026
v 1.259728 0.000000 -2.517901
v 1.324899 0.000000 -2.452729
v 1.258687 0.000000 -2.386518
v 1.193516 0.000000 -2.451689
v 1.882836 0.000000 -1.037440
v 1.887459 0.000000 -0.945389
v 1.793940 -0.000000 -0.940692
v 1.789316 0.000000 -1.032743
v -1.922115 0.271422 0.000000
v -1.809282 0.000000 0.000000
v -1.876600 0.291537 0.000000
v -1.715948 0.000000 0.000000
v 1.172074 1.676905 -0.402969
v 1.172456 1.678234 -0.375433
v 1.159900 1.652205 -0.401608
v 1.160282 1.653534 -0.374072
v 1.936095 0.307960 -0.947983
v 1.936477 0.309289 -0.920446
v 1.928740 0.282405 -0.919041
v 1.928357 0.281076 -0.946578
v 0.816181 1.712554 -2.023246
v 0.820338 1.713883 -1.996022
v 0.804411 1.687803 -2.020240
v 0.808567 1.689132 -1.993017
v 1.325758 0.280147 -2.513625
v 1.329915 0.281476 -2.486402
v 1.322443 0.254592 -2.483948
v 1.318286 0.253263 -2.511172
v 0.001716 1.667205 -2.360490
v 0.023613 1.668534 -2.343790
v -0.004665 1.642454 -2.350153
v 0.017232 1.643783 -2.333453
v -0.007782 0.251887 -3.078987
v 0.014115 0.253216 -3.062287
v 0.010444 0.226332 -3.055332
v -0.011454 0.225003 -3.072033
v -0.814638 1.716040 -2.005434
v -0.787264 1.717369 -2.008447
v -0.812128 1.691289 -1.993549
v -0.784754 1.692618 -1.996561
v -1.339114 0.231339 -2.494856
v -1.311741 0.232668 -2.497869
v -1.309602 0.205783 -2.490301
v -1.336976 0.204454 -2.487288
v -1.146653 1.710987 -1.192191
v -1.127478 1.712316 -1.211958
v -1.137144 1.686236 -1.184631
v -1.117970 1.687565 -1.204398
v -1.794083 0.246855 -1.261814
v -1.772170 0.248476 -1.278468
v -1.766326 0.221554 -1.273399
v -1.788239 0.219933 -1.256745
v -1.124375 1.700423 0.000000
v -1.124498 1.699778 -0.014028
v -1.114217 1.675672 0.000000
v -1.114261 1.675027 -0.007489
v -1.865950 0.260139 0.000000
v -1.865999 0.260782 -0.013710
v -1.853493 0.236113 -0.009271
v -1.853326 0.235499 0.000000
v -1.228610 0.080217 -2.469187
v 1.246290 0.080233 -2.469813
v -1.700333 0.086548 -1.220329
v 1.895981 0.089140 -1.000023
v 0.024958 0.094485 -2.989983
v -1.300311 0.080235 -2.469861
v -1.748944 0.085936 -1.272355
v 1.898706 0.089728 -0.950067
v -0.024959 0.094485 -2.989983
v -1.785865 0.101822 0.000000
v 1.847580 0.089752 -0.947963
v 1.282815 0.081229 -2.506132
v -1.751394 0.086521 -1.222672
v -1.838135 0.101822 0.000000
v -1.265359 0.081206 -2.505325
v -1.263569 0.079245 -2.433723
v -1.837730 0.101539 -0.020668
v 1.317832 0.080255 -2.470615
v 0.024958 0.095910 -3.042003
v -1.785295 0.101541 -0.020505
v 1.281312 0.079260 -2.434299
v -0.024959 0.095910 -3.042003
v -1.697950 0.085963 -1.270037
v 1.844858 0.089165 -0.997915
v -1.921972 0.271457 0.020780
v -1.876303 0.291609 0.020624
v -1.808677 0.000000 0.029355
v -1.715040 0.000000 0.029059
v -1.832518 0.297305 1.242396
v -1.825042 0.297923 1.291747
v -1.783977 0.306240 1.234931
v -1.776501 0.306857 1.284281
v -1.375382 0.291634 2.506307
v -1.340085 0.291634 2.541604
v -1.340640 0.300447 2.471564
v -1.305343 0.300447 2.506861
v -0.024959 0.283922 3.121984
v 0.024959 0.283922 3.121984
v -0.024959 0.292736 3.072851
v 0.024959 0.292736 3.072851
v 1.342899 0.290463 2.553385
v 1.378196 0.290463 2.518088
v 1.308157 0.299277 2.518642
v 1.343454 0.299277 2.483346
v 1.979853 0.312182 0.961882
v 1.982358 0.312182 0.912028
v 1.930782 0.320996 0.959418
v 1.933286 0.320996 0.909564
v -1.739557 0.000000 1.193452
v -1.739557 0.000000 1.285619
v -1.645919 0.000000 1.285619
v -1.645919 0.000000 1.193452
v -1.301931 0.000000 2.456266
v -1.236760 0.000000 2.521437
v -1.170548 -0.000000 2.455226
v -1.235719 -0.000000 2.390054
v -0.046083 -0.000000 3.022664
v 0.046083 -0.000000 3.022664
v 0.046083 0.000000 2.929027
v -0.046084 -0.000000 2.929026
v 1.259728 0.000000 2.517901
v 1.324899 0.000000 2.452729
v 1.258688 0.000000 2.386518
v 1.193516 0.000000 2.451689
v 1.882836 0.000000 1.037440
v 1.887459 0.000000 0.945389
v 1.793940 -0.000000 0.940692
v 1.789316 0.000000 1.032743
v 1.172074 1.676905 0.402969
v 1.172456 1.678234 0.375433
v 1.159900 1.652205 0.401608
v 1.160282 1.653534 0.374072
v 1.936095 0.307960 0.947983
v 1.936477 0.309289 0.920446
v 1.928740 0.282405 0.919041
v 1.928357 0.281076 0.946578
v 0.816181 1.712554 2.023246
v 0.820338 1.713883 1.996022
v 0.804411 1.687803 2.020240
v 0.808568 1.689132 1.993017
v 1.325758 0.280147 2.513625
v 1.329915 0.281476 2.486402
v 1.322444 0.254592 2.483948
v 1.318287 0.253263 2.511172
v 0.001716 1.667205 2.360490
v 0.023613 1.668534 2.343790
v -0.004665 1.642454 2.350153
v 0.017232 1.643783 2.333453
v -0.007782 0.251887 3.078987
v 0.014116 0.253216 3.062287
v 0.010444 0.226332 3.055332
v -0.011454 0.225003 3.072033
v -0.814637 1.716040 2.005434
v -0.787264 1.717369 2.008447
v -0.812128 1.691289 1.993549
v -0.784754 1.692618 1.996561
v -1.339114 0.231339 2.494856
v -1.311740 0.232668 2.497869
v -1.309602 0.205783 2.490301
v -1.336976 0.204454 2.487288
v -1.146653 1.710987 1.192191
v -1.127478 1.712316 1.211958
v -1.137144 1.686236 1.184631
v -1.117970 1.687565 1.204398
v -1.794083 0.246855 1.261814
v -1.772170 0.248476 1.278468
v -1.766326 0.221554 1.273399
v -1.788239 0.219933 1.256745
v -1.124498 1.699778 0.014028
v -1.114261 1.675027 0.007489
v -1.865999 0.260782 0.013711
v -1.853493 0.236113 0.009271
v -1.228610 0.080217 2.469187
v 1.246290 0.080233 2.469813
v -1.700333 0.086548 1.220329
v 1.895981 0.089140 1.000022
v 0.024959 0.094485 2.989983
v -1.300311 0.080235 2.469861
v -1.748944 0.085936 1.272355
v 1.898706 0.089728 0.950067
v -0.024959 0.094485 2.989983
v 1.847580 0.089752 0.947963
v 1.282815 0.081229 2.506132
v -1.751394 0.086521 1.222673
v -1.265359 0.081206 2.505325
v -1.263569 0.079245 2.433723
v -1.837730 0.101539 0.020669
v 1.317833 0.080255 2.470615
v 0.024959 0.095910 3.042003
v -1.785295 0.101541 0.020506
v 1.281312 0.079260 2.434299
v -0.024959 0.095910 3.042003
v -1.697950 0.085963 1.270038
v 1.844858 0.089165 0.997915
v 0.010626 0.311121 2.771865
v -0.039292 0.311121 2.771865
v 0.010626 0.319934 2.722732
v -0.039292 0.319934 2.722732
v -1.113737 0.312182 2.350686
v -1.149034 0.312182 2.315389
v -1.078994 0.320996 2.315944
v -1.114291 0.320996 2.280647
v -1.525488 0.312182 1.224959
v -1.525488 0.312182 1.175042
v -1.476354 0.320996 1.224959
v -1.476354 0.320996 1.175042
v -1.512146 0.312182 0.023728
v -1.509230 0.312182 -0.026104
v -1.463096 0.320996 0.026598
v -1.460180 0.320996 -0.023234
v 1.658448 0.312182 0.955358
v 1.642738 0.312182 1.002739
v 1.611812 0.320996 0.939895
v 1.596102 0.320996 0.987276
v 1.089068 0.312182 2.266355
v 1.053771 0.312182 2.301652
v 1.054325 0.320996 2.231612
v 1.019028 0.320996 2.266909
v 0.044164 0.000000 2.750129
v -0.072830 0.000000 2.750129
v -0.072830 0.000000 2.631267
v 0.044164 0.000000 2.631267
v -1.074517 0.000000 2.358898
v -1.157245 0.000000 2.276170
v -1.073196 0.000000 2.192121
v -0.990469 0.000000 2.274849
v -1.503561 0.000000 1.258498
v -1.503561 0.000000 1.141503
v -1.384699 0.000000 1.141503
v -1.384699 0.000000 1.258498
v -1.492216 0.000000 0.058490
v -1.485381 0.000000 -0.058305
v -1.366722 0.000000 -0.051361
v -1.373557 0.000000 0.065435
v 1.648191 0.000000 0.916623
v 1.611370 0.000000 1.027672
v 1.498549 0.000000 0.990264
v 1.535369 0.000000 0.879214
v 1.097279 0.000000 2.227134
v 1.014551 0.000000 2.309863
v 0.930502 0.000000 2.225815
v 1.013230 0.000000 2.143086
v -1.525488 0.312182 -1.175041
v -1.525488 0.312182 -1.224958
v -1.476355 0.320996 -1.175041
v -1.476355 0.320996 -1.224958
v -1.157294 0.312182 -2.303308
v -1.121997 0.312182 -2.338605
v -1.122551 0.320996 -2.268565
v -1.087254 0.320996 -2.303862
v -0.024959 0.312182 -2.775761
v 0.024958 0.312182 -2.775761
v -0.024959 0.320996 -2.726627
v 0.024958 0.320996 -2.726627
v 1.060933 0.312182 -2.304003
v 1.096230 0.312182 -2.268707
v 1.026191 0.320996 -2.269261
v 1.061488 0.320996 -2.233964
v 1.650233 0.312182 -0.936538
v 1.639560 0.312182 -0.887774
v 1.602236 0.320996 -0.947043
v 1.591563 0.320996 -0.898280
v -1.503561 0.000000 -1.141502
v -1.503561 0.000000 -1.258497
v -1.384699 0.000000 -1.258497
v -1.384699 0.000000 -1.141502
v -1.165504 0.000000 -2.264087
v -1.082777 0.000000 -2.346815
v -0.998728 -0.000000 -2.262767
v -1.081456 -0.000000 -2.180039
v -0.058498 -0.000000 -2.753834
v 0.058497 -0.000000 -2.753834
v 0.058497 0.000000 -2.634974
v -0.058498 -0.000000 -2.634972
v 1.021713 0.000000 -2.312214
v 1.104441 0.000000 -2.229486
v 1.020393 0.000000 -2.145438
v 0.937665 0.000000 -2.228166
v 1.635985 0.000000 -0.973990
v 1.610969 0.000000 -0.859700
v 1.494857 -0.000000 -0.885114
v 1.519871 0.000000 -0.999404
v -1.416540 0.077301 -0.020680
v -1.094759 0.097451 -2.311367
v 1.032321 0.091056 -2.204797
v 1.061561 0.095323 2.238847
v -1.432843 0.078437 1.175042
v -1.418877 0.074066 0.029186
v -1.129785 0.095317 -2.275799
v 0.010626 0.081607 2.730694
v -1.483558 0.078437 1.175042
v -0.039292 0.081607 2.730694
v 0.997295 0.093191 -2.240365
v -1.121354 0.093961 2.287709
v 0.024958 0.120205 -2.690609
v 1.615585 0.060445 0.941146
v -1.433532 0.082277 1.224959
v -1.486259 0.093494 -1.175041
v 0.010626 0.083014 2.680232
v 0.024958 0.123281 -2.741874
v -1.058624 0.095283 -2.275232
v 1.614010 0.105471 -0.944466
v 0.990405 0.095339 2.238286
v -1.469539 0.074259 0.026221
v -1.050198 0.093977 2.287148
v -0.024959 0.120205 -2.690609
v 1.068457 0.093225 -2.240933
v -0.039292 0.083014 2.680232
v 1.564370 0.104907 -0.955332
v 1.026139 0.094342 2.274020
v -1.467202 0.077493 -0.023645
v 1.603782 0.108010 -0.895606
v -1.085620 0.094957 2.251976
v 1.033430 0.095359 -2.276501
v 1.552151 0.062872 0.972703
v -1.093650 0.093149 -2.239664
v -1.085932 0.092980 2.322882
v -1.435079 0.090901 -1.224958
v -1.484246 0.082277 1.224959
v 1.025826 0.096320 2.203113
v -1.485794 0.090901 -1.224958
v 1.554142 0.107445 -0.906471
v 1.567238 0.059212 0.925116
v -0.024959 0.123281 -2.741874
v -1.435544 0.093494 -1.175041
v 1.600498 0.064105 0.988734
v -0.016860 2.805309 1.200000
v -0.016860 3.312534 1.200000
v -0.008430 2.805309 1.185399
v -0.008430 3.312534 1.185399
v 0.008430 2.805309 1.185399
v 0.008430 3.312534 1.185399
v 0.016860 2.805309 1.200000
v 0.016860 3.312534 1.200000
v 0.008430 2.805309 1.214601
v 0.008430 3.312534 1.214601
v -0.008430 2.805309 1.214601
v -0.008430 3.312534 1.214601
v -0.016860 2.805309 -1.200000
v -0.016860 3.312534 -1.200000
v -0.008430 2.805309 -1.214601
v -0.008430 3.312534 -1.214601
v 0.008430 2.805309 -1.214601
v 0.008430 3.312534 -1.214601
v 0.016860 2.805309 -1.200000
v 0.016860 3.312534 -1.200000
v 0.008430 2.805309 -1.185399
v 0.008430 3.312534 -1.185399
v -0.008430 2.805309 -1.185399
v -0.008430 3.312534 -1.185399
v -0.098126 3.118075 0.815338
v -0.099434 3.230917 0.748950
v -0.034519 3.307300 1.188565
v -0.032840 3.122046 1.188100
v -0.082214 2.981809 0.756346
v -0.031161 2.999877 1.187634
v -0.099580 3.117918 0.898660
v -0.100888 3.230759 0.832272
v -0.083668 2.981652 0.839668
v -0.098126 3.118075 -1.584662
v -0.099434 3.230916 -1.651050
v -0.034520 3.307300 -1.211435
v -0.032841 3.122046 -1.211901
v -0.082215 2.981809 -1.643654
v -0.031161 2.999877 -1.212366
v -0.099580 3.117918 -1.501340
v -0.100889 3.230759 -1.567728
v -0.083669 2.981652 -1.560332
vt 0.282336 0.343888
vt 0.282336 0.343888
vt 0.282336 0.343888
vt 0.282336 0.343888
vt 0.282335 0.343889
vt 0.282335 0.343889
vt 0.282335 0.343889
vt 0.719555 0.963606
vt 0.719555 0.963606
vt 0.719555 0.963606
vt 0.719555 0.963606
vt 0.282335 0.343889
vt 0.282335 0.343889
vt 0.282335 0.343889
vt 0.282335 0.343889
vt 0.719555 0.963605
vt 0.719555 0.963605
vt 0.719555 0.963605
vt 0.719555 0.963605
vt 0.719555 0.963605
vt 0.719555 0.963605
vt 0.719555 0.963605
vt 0.719555 0.963605
vt 0.282335 0.343889
vt 0.282335 0.343889
vt 0.282335 0.343889
vt 0.282335 0.343889
vt 0.282335 0.343889
vt 0.346369 0.344510
vt 0.346369 0.344510
vt 0.346369 0.344510
vt 0.346369 0.344510
vt 0.346369 0.344510
vt 0.346369 0.344510
vt 0.346369 0.344510
vt 0.346369 0.344510
vt 0.282335 0.343889
vt 0.282335 0.343889
vt 0.282335 0.343889
vt 0.282335 0.343889
vt 0.282335 0.343889
vt 0.282335 0.343889
vt 0.282335 0.343889
vt 0.346357 0.344504
vt 0.346357 0.344504
vt 0.346357 0.344504
vt 0.346357 0.344504
vt 0.346357 0.344504
vt 0.346357 0.344504
vt 0.346357 0.344504
vt 0.282335 0.343889
vt 0.282335 0.343889
vt 0.282335 0.343889
vt 0.282335 0.343889
vt 0.282335 0.343889
vt 0.346357 0.344504
vt 0.346357 0.344504
vt 0.346357 0.344504
vt 0.346357 0.344504
vt 0.346357 0.344504
vt 0.346357 0.344504
vt 0.346357 0.344504
vt 0.282335 0.343889
vt 0.282335 0.343889
vt 0.282335 0.343889
vt 0.282335 0.343889
vt 0.282335 0.343889
vt 0.282335 0.343889
vt 0.282335 0.343889
vt 0.346357 0.344504
vt 0.346357 0.344504
vt 0.346357 0.344504
vt 0.346357 0.344504
vt 0.346357 0.344504
vt 0.346357 0.344504
vt 0.346357 0.344504
vt 0.282336 0.343888
vt 0.282336 0.343888
vt 0.282336 0.343888
vt 0.282336 0.343888
vt 0.346369 0.344510
vt 0.346369 0.344510
vt 0.346369 0.344510
vt 0.346369 0.344510
vt 0.282336 0.343888
vt 0.282336 0.343888
vt 0.282336 0.343888
vt 0.282336 0.343888
vt 0.282336 0.343888
vt 0.282336 0.343888
vt 0.282336 0.343888
vt 0.282336 0.343888
vt 0.719555 0.963605
vt 0.719555 0.963605
vt 0.719555 0.963606
vt 0.719555 0.963606
vt 0.346369 0.344510
vt 0.346369 0.344510
vt 0.346369 0.344510
vt 0.346369 0.344510
vt 0.346369 0.344510
vt 0.346369 0.344510
vt 0.346369 0.344510
vt 0.346369 0.344510
vt 0.346369 0.344510
vt 0.346369 0.344510
vt 0.346369 0.344510
vt 0.346369 0.344510
vt 0.346369 0.344510
vt 0.346369 0.344510
vt 0.346369 0.344510
vt 0.346369 0.344510
vt 0.346369 0.344510
vt 0.346369 0.344510
vt 0.346369 0.344510
vt 0.346369 0.344510
vt 0.346369 0.344510
vt 0.346369 0.344510
vt 0.346369 0.344510
vt 0.346369 0.344510
vt 0.346369 0.344510
vt 0.346369 0.344510
vt 0.346369 0.344510
vt 0.346369 0.344510
vt 0.346369 0.344510
vt 0.346369 0.344510
vt 0.346369 0.344510
vt 0.346369 0.344510
vt 0.346369 0.344510
vt 0.346369 0.344510
vt 0.282335 0.343889
vt 0.282335 0.343889
vt 0.346357 0.344504
vt 0.346357 0.344504
vt 0.346369 0.344510
vt 0.346357 0.344504
vt 0.346357 0.344504
vt 0.282335 0.343889
vt 0.282335 0.343889
vt 0.346357 0.344504
vt 0.346357 0.344504
vt 0.719555 0.963606
vt 0.719555 0.963606
vt 0.282336 0.343888
vt 0.282336 0.343888
vt 0.282336 0.343888
vt 0.282336 0.343888
vt 0.282336 0.343888
vt 0.346369 0.344511
vt 0.346369 0.344511
vt 0.346369 0.344511
vt 0.346369 0.344511
vt 0.346369 0.344511
vt 0.346369 0.344511
vt 0.346369 0.344511
vt 0.346369 0.344511
vt 0.346369 0.344511
vt 0.346369 0.344511
vt 0.346369 0.344511
vt 0.346369 0.344511
vt 0.346369 0.344511
vt 0.346369 0.344511
vt 0.346369 0.344511
vt 0.346369 0.344511
vt 0.346369 0.344511
vt 0.346369 0.344511
vt 0.346369 0.344511
vt 0.346369 0.344511
vt 0.282336 0.343888
vt 0.282336 0.343888
vt 0.282336 0.343888
vt 0.282336 0.343888
vt 0.282336 0.343888
vt 0.282336 0.343888
vt 0.282336 0.343888
vt 0.282336 0.343888
vt 0.282336 0.343888
vt 0.282336 0.343888
vt 0.282336 0.343888
vt 0.282336 0.343888
vt 0.282336 0.343888
vt 0.282335 0.343889
vt 0.282335 0.343889
vt 0.282336 0.343889
vt 0.282336 0.343888
vt 0.346356 0.344479
vt 0.346356 0.344479
vt 0.346356 0.344479
vt 0.346356 0.344479
vt 0.723176 0.969105
vt 0.723176 0.969105
vt 0.723176 0.969105
vt 0.723176 0.969105
vt 0.346356 0.344479
vt 0.346356 0.344479
vt 0.346356 0.344479
vt 0.346356 0.344479
vt 0.346356 0.344479
vt 0.346356 0.344479
vt 0.346356 0.344479
vt 0.346356 0.344479
vt 0.346356 0.344479
vt 0.346356 0.344479
vt 0.346356 0.344479
vt 0.282336 0.343888
vt 0.282336 0.343888
vt 0.282336 0.343888
vt 0.282336 0.343888
vt 0.282336 0.343888
vt 0.282336 0.343888
vt 0.282336 0.343888
vt 0.282336 0.343888
vt 0.282336 0.343888
vt 0.282336 0.343888
vt 0.282336 0.343888
vt 0.282336 0.343888
vt 0.346369 0.344510
vt 0.346369 0.344510
vt 0.346369 0.344510
vt 0.282336 0.343888
vt 0.282336 0.343888
vt 0.282336 0.343888
vt 0.346369 0.344510
vt 0.346369 0.344510
vt 0.346369 0.344510
vt 0.282336 0.343888
vt 0.282336 0.343888
vt 0.282336 0.343888
vt 0.346369 0.344510
vt 0.346369 0.344510
vt 0.346369 0.344510
vt 0.282336 0.343888
vt 0.282336 0.343888
vt 0.282336 0.343888
vt 0.282336 0.343888
vt 0.282336 0.343888
vt 0.346369 0.344510
vt 0.346369 0.344510
vt 0.346369 0.344510
vt 0.282336 0.343888
vt 0.282336 0.343888
vt 0.282336 0.343888
vt 0.282336 0.343888
vt 0.282336 0.343888
vt 0.282336 0.343888
vt 0.346369 0.344510
vt 0.346369 0.344510
vt 0.346369 0.344510
vt 0.346369 0.344510
vt 0.346369 0.344510
vt 0.346369 0.344510
vt 0.346369 0.344510
vt 0.346369 0.344510
vt 0.346369 0.344510
vt 0.346369 0.344510
vt 0.346369 0.344510
vt 0.346369 0.344510
vt 0.282336 0.343888
vt 0.282336 0.343888
vt 0.282336 0.343888
vt 0.282336 0.343888
vt 0.282336 0.343888
vt 0.282336 0.343888
vt 0.346369 0.344510
vt 0.346369 0.344510
vt 0.346369 0.344510
vt 0.346369 0.344510
vt 0.346369 0.344510
vt 0.346369 0.344510
vt 0.346369 0.344510
vt 0.346369 0.344510
vt 0.346369 0.344510
vt 0.282336 0.343888
vt 0.282336 0.343888
vt 0.282336 0.343888
vt 0.282336 0.343888
vt 0.282336 0.343888
vt 0.282336 0.343888
vt 0.723176 0.969105
vt 0.723176 0.969105
vt 0.723176 0.969105
vt 0.723176 0.969105
vt 0.723176 0.969105
vt 0.723176 0.969105
vt 0.723176 0.969105
vt 0.723176 0.969105
vt 0.723176 0.969105
vt 0.723176 0.969105
vt 0.723176 0.969105
vt 0.723176 0.969105
vt 0.723176 0.969105
vt 0.723176 0.969105
vt 0.346356 0.344479
vt 0.346356 0.344479
vt 0.346369 0.344510
vt 0.346369 0.344510
vt 0.346369 0.344510
vt 0.346369 0.344510
vt 0.346369 0.344510
vt 0.282335 0.343889
vt 0.282335 0.343889
vt 0.282335 0.343889
vt 0.282335 0.343889
vt 0.719555 0.963605
vt 0.719555 0.963605
vt 0.719555 0.963605
vt 0.719555 0.963605
vt 0.719555 0.963606
vt 0.719555 0.963606
vt 0.719555 0.963606
vt 0.719555 0.963606
vt 0.719555 0.963606
vt 0.719555 0.963606
vt 0.719555 0.963606
vt 0.719555 0.963606
vt 0.719555 0.963606
vt 0.719555 0.963606
vt 0.719555 0.963605
vt 0.719555 0.963605
vt 0.719555 0.963606
vt 0.719555 0.963606
vt 0.346356 0.344504
vt 0.346356 0.344504
vt 0.346356 0.344504
vt 0.346356 0.344504
vt 0.346356 0.344504
vt 0.346356 0.344504
vt 0.346356 0.344504
vt 0.346356 0.344504
vt 0.346356 0.344504
vt 0.282335 0.343889
vt 0.282335 0.343889
vt 0.282335 0.343889
vt 0.282335 0.343889
vt 0.282335 0.343889
vt 0.282335 0.343889
vt 0.282335 0.343889
vt 0.282335 0.343889
vt 0.282335 0.343889
vt 0.282335 0.343889
vt 0.282335 0.343889
vt 0.282335 0.343889
vt 0.346362 0.344517
vt 0.346369 0.344510
vt 0.346369 0.344510
vt 0.346369 0.344510
vt 0.282336 0.343888
vt 0.282336 0.343888
vt 0.282336 0.343888
vt 0.346369 0.344510
vt 0.346369 0.344510
vt 0.346369 0.344510
vt 0.719555 0.963606
vt 0.719555 0.963606
vt 0.719555 0.963606
vt 0.719555 0.963606
vt 0.346357 0.344504
vt 0.346357 0.344504
vt 0.346357 0.344504
vt 0.346357 0.344504
vt 0.282335 0.343889
vt 0.282335 0.343889
vt 0.282335 0.343889
vt 0.282335 0.343889
vt 0.719555 0.963605
vt 0.719555 0.963605
vt 0.719555 0.963605
vt 0.719555 0.963605
vt 0.719555 0.963605
vt 0.719555 0.963605
vt 0.719555 0.963605
vt 0.719555 0.963605
vt 0.282335 0.343889
vt 0.282335 0.343889
vt 0.282335 0.343889
vt 0.282335 0.343889
vt 0.282336 0.343888
vt 0.282336 0.343888
vt 0.282336 0.343888
vt 0.282336 0.343888
vt 0.346369 0.344511
vt 0.346369 0.344511
vt 0.346369 0.344511
vt 0.346369 0.344511
vt 0.346369 0.344511
vt 0.282336 0.343888
vt 0.282336 0.343888
vt 0.282336 0.343888
vt 0.282336 0.343888
vt 0.282336 0.343889
vt 0.282336 0.343888
vt 0.282336 0.343889
vt 0.346369 0.344510
vt 0.346369 0.344510
vt 0.346369 0.344510
vt 0.346369 0.344510
vt 0.346369 0.344510
vt 0.346369 0.344510
vt 0.346369 0.344510
vt 0.346369 0.344510
vt 0.346369 0.344510
vt 0.346368 0.344517
vt 0.346368 0.344517
vt 0.346369 0.344510
vt 0.282336 0.343889
vt 0.282336 0.343889
vt 0.282336 0.343889
vt 0.282336 0.343888
vt 0.404032 0.345393
vt 0.404032 0.345393
vt 0.404032 0.345393
vt 0.719555 0.963606
vt 0.719555 0.963606
vt 0.404032 0.345393
vt 0.404032 0.345393
vt 0.404032 0.345393
vt 0.404032 0.345393
vt 0.282336 0.343888
vt 0.282336 0.343888
vt 0.282336 0.343888
vt 0.282336 0.343888
vt 0.346369 0.344510
vt 0.346369 0.344510
vt 0.346369 0.344510
vt 0.723175 0.969111
vt 0.723175 0.969111
vt 0.723175 0.969111
vt 0.723175 0.969111
vt 0.282336 0.343889
vt 0.282336 0.343889
vt 0.282336 0.343889
vt 0.282336 0.343889
vt 0.404032 0.345393
vt 0.404032 0.345393
vt 0.404032 0.345393
vt 0.404032 0.345393
vt 0.404033 0.345393
vt 0.404033 0.345393
vt 0.404032 0.345393
vt 0.404032 0.345393
vt 0.404032 0.345393
vt 0.404032 0.345393
vt 0.404032 0.345393
vt 0.404032 0.345393
vt 0.404032 0.345393
vt 0.346356 0.344479
vt 0.346356 0.344479
vt 0.346356 0.344479
vt 0.346356 0.344479
vt 0.346356 0.344479
vt 0.346356 0.344479
vt 0.346369 0.344510
vt 0.346368 0.344517
vt 0.346368 0.344517
vt 0.346357 0.344504
vt 0.346357 0.344504
vt 0.346357 0.344504
vt 0.346357 0.344504
vt 0.346357 0.344504
vt 0.346357 0.344504
vt 0.346357 0.344504
vt 0.346357 0.344504
vt 0.282335 0.343889
vt 0.282335 0.343889
vt 0.282335 0.343889
vt 0.282335 0.343889
vt 0.282335 0.343889
vt 0.282335 0.343889
vt 0.282335 0.343889
vt 0.346357 0.344504
vt 0.346357 0.344504
vt 0.346357 0.344504
vt 0.346357 0.344504
vt 0.346357 0.344504
vt 0.346357 0.344504
vt 0.346357 0.344504
vt 0.282335 0.343889
vt 0.282335 0.343889
vt 0.282335 0.343889
vt 0.282335 0.343889
vt 0.282335 0.343889
vt 0.346357 0.344504
vt 0.346357 0.344504
vt 0.346357 0.344504
vt 0.346357 0.344504
vt 0.346357 0.344504
vt 0.282335 0.343889
vt 0.282335 0.343889
vt 0.282335 0.343889
vt 0.282335 0.343889
vt 0.282335 0.343889
vt 0.282335 0.343889
vt 0.282335 0.343889
vt 0.346356 0.344479
vt 0.346356 0.344479
vt 0.719555 0.963605
vt 0.719555 0.963605
vt 0.719555 0.963605
vt 0.719555 0.963605
vt 0.346356 0.344479
vt 0.346356 0.344479
vt 0.346356 0.344479
vt 0.346356 0.344479
vt 0.346369 0.344510
vt 0.346369 0.344510
vt 0.346369 0.344510
vt 0.346369 0.344510
vt 0.346356 0.344479
vt 0.346356 0.344479
vt 0.346356 0.344479
vt 0.346356 0.344479
vt 0.282336 0.343888
vt 0.282336 0.343888
vt 0.282336 0.343888
vt 0.282336 0.343888
vt 0.346356 0.344479
vt 0.346356 0.344479
vt 0.346356 0.344479
vt 0.346356 0.344479
vt 0.346369 0.344510
vt 0.346369 0.344510
vt 0.346369 0.344510
vt 0.346369 0.344510
vt 0.346369 0.344510
vt 0.346369 0.344510
vt 0.346356 0.344479
vt 0.346356 0.344479
vt 0.346356 0.344479
vt 0.282336 0.343888
vt 0.282336 0.343888
vt 0.282336 0.343888
vt 0.282336 0.343888
vt 0.346369 0.344510
vt 0.346369 0.344510
vt 0.346356 0.344479
vt 0.346356 0.344479
vt 0.346356 0.344479
vt 0.346369 0.344510
vt 0.346369 0.344510
vt 0.346356 0.344479
vt 0.346369 0.344510
vt 0.346369 0.344510
vt 0.346369 0.344510
vt 0.346369 0.344510
vt 0.346356 0.344479
vt 0.346356 0.344479
vt 0.346369 0.344510
vt 0.346369 0.344510
vt 0.346369 0.344510
vt 0.346356 0.344479
vt 0.723176 0.969105
vt 0.723176 0.969105
vt 0.723176 0.969105
vt 0.723176 0.969105
vt 0.723176 0.969105
vt 0.723176 0.969105
vt 0.723176 0.969105
vt 0.723176 0.969105
vt 0.723176 0.969105
vt 0.723176 0.969105
vt 0.723176 0.969105
vt 0.723176 0.969105
vt 0.723166 0.969103
vt 0.723165 0.969101
vt 0.723165 0.969102
vt 0.282336 0.343888
vt 0.282336 0.343888
vt 0.282336 0.343888
vt 0.282336 0.343888
vt 0.282336 0.343888
vt 0.723167 0.969105
vt 0.723166 0.969104
vt 0.346369 0.344510
vt 0.346369 0.344510
vt 0.346369 0.344510
vt 0.346369 0.344510
vt 0.346369 0.344510
vt 0.346369 0.344510
vt 0.346369 0.344510
vt 0.346369 0.344510
vt 0.723168 0.969108
vt 0.723167 0.969107
vt 0.723169 0.969110
vt 0.723168 0.969109
vt 0.723170 0.969112
vt 0.723169 0.969110
vt 0.346359 0.344509
vt 0.346359 0.344509
vt 0.346358 0.344507
vt 0.346358 0.344507
vt 0.282335 0.343888
vt 0.282335 0.343888
vt 0.282335 0.343888
vt 0.282335 0.343888
vt 0.346360 0.344513
vt 0.346360 0.344513
vt 0.346359 0.344511
vt 0.346359 0.344511
vt 0.282335 0.343889
vt 0.282335 0.343889
vt 0.282335 0.343888
vt 0.282335 0.343888
vt 0.282335 0.343889
vt 0.282335 0.343889
vt 0.346369 0.344510
vt 0.346369 0.344510
vt 0.346357 0.344504
vt 0.346357 0.344504
vt 0.282335 0.343889
vt 0.282335 0.343889
vt 0.346357 0.344504
vt 0.346357 0.344504
vt 0.346369 0.344510
vt 0.346369 0.344510
vt 0.346369 0.344510
vt 0.346369 0.344510
vt 0.346362 0.344517
vt 0.346362 0.344517
vt 0.346361 0.344515
vt 0.346361 0.344515
vt 0.346359 0.344509
vt 0.346358 0.344507
vt 0.282335 0.343888
vt 0.282335 0.343888
vt 0.346360 0.344513
vt 0.346359 0.344511
vt 0.282335 0.343889
vt 0.282335 0.343888
vt 0.346362 0.344517
vt 0.346361 0.344515
vt 0.282335 0.343888
vt 0.282335 0.343888
vt 0.282335 0.343888
vt 0.346359 0.344511
vt 0.346359 0.344509
vt 0.282335 0.343888
vt 0.282335 0.343888
vt 0.346361 0.344515
vt 0.346360 0.344513
vt 0.282335 0.343889
vt 0.282335 0.343889
vt 0.282336 0.343888
vt 0.282336 0.343888
vt 0.282336 0.343888
vt 0.282336 0.343888
vt 0.282336 0.343888
vt 0.346369 0.344511
vt 0.346369 0.344511
vt 0.346369 0.344511
vt 0.346369 0.344511
vt 0.346369 0.344511
vt 0.282336 0.343888
vt 0.282336 0.343888
vt 0.282336 0.343888
vt 0.346369 0.344511
vt 0.346369 0.344511
vt 0.346369 0.344511
vt 0.346369 0.344511
vt 0.346369 0.344511
vt 0.346369 0.344511
vt 0.346369 0.344511
vt 0.346369 0.344511
vt 0.346369 0.344511
vt 0.346369 0.344511
vt 0.282336 0.343888
vt 0.282336 0.343888
vt 0.282336 0.343888
vt 0.282336 0.343888
vt 0.282336 0.343888
vt 0.346369 0.344511
vt 0.346369 0.344511
vt 0.346369 0.344511
vt 0.346369 0.344511
vt 0.346369 0.344511
vt 0.282335 0.343889
vt 0.282335 0.343889
vt 0.346369 0.344517
vt 0.346369 0.344517
vt 0.346369 0.344517
vt 0.346369 0.344517
vt 0.282336 0.343889
vt 0.282336 0.343888
vt 0.282336 0.343888
vt 0.282336 0.343888
vt 0.282336 0.343888
vt 0.282336 0.343888
vt 0.282335 0.343889
vt 0.282335 0.343889
vt 0.282335 0.343889
vt 0.346357 0.344504
vt 0.346357 0.344504
vt 0.346357 0.344504
vt 0.346369 0.344510
vt 0.346369 0.344510
vt 0.346369 0.344510
vt 0.346369 0.344510
vt 0.346356 0.344479
vt 0.346356 0.344479
vt 0.346356 0.344479
vt 0.719555 0.963605
vt 0.719555 0.963605
vt 0.719555 0.963605
vt 0.719555 0.963605
vt 0.346356 0.344479
vt 0.719555 0.963606
vt 0.719555 0.963606
vt 0.719555 0.963606
vt 0.719555 0.963606
vt 0.719555 0.963606
vt 0.719555 0.963606
vt 0.346356 0.344479
vt 0.346356 0.344479
vt 0.346356 0.344479
vt 0.719555 0.963606
vt 0.719555 0.963606
vt 0.346356 0.344479
vt 0.719555 0.963605
vt 0.719555 0.963605
vt 0.719555 0.963606
vt 0.346356 0.344479
vt 0.719555 0.963606
vt 0.346356 0.344479
vt 0.346356 0.344479
vt 0.719555 0.963606
vt 0.346356 0.344479
vt 0.282336 0.343888
vt 0.282336 0.343888
vt 0.282336 0.343888
vt 0.282336 0.343888
vt 0.282336 0.343888
vt 0.282335 0.343888
vt 0.282335 0.343888
vt 0.282335 0.343888
vt 0.282335 0.343888
vt 0.282336 0.343888
vt 0.282336 0.343888
vt 0.282336 0.343888
vt 0.282336 0.343888
vt 0.282336 0.343888
vt 0.282336 0.343888
vt 0.346359 0.344511
vt 0.346359 0.344511
vt 0.346358 0.344508
vt 0.346358 0.344508
vt 0.346369 0.344510
vt 0.346369 0.344510
vt 0.346369 0.344510
vt 0.282336 0.343888
vt 0.282336 0.343888
vt 0.282336 0.343888
vt 0.346369 0.344510
vt 0.346369 0.344510
vt 0.346369 0.344510
vt 0.282335 0.343888
vt 0.282335 0.343888
vt 0.282335 0.343888
vt 0.282335 0.343888
vt 0.346361 0.344515
vt 0.346361 0.344515
vt 0.346360 0.344513
vt 0.346360 0.344513
vt 0.282335 0.343889
vt 0.282335 0.343889
vt 0.282335 0.343889
vt 0.282335 0.343889
vt 0.346369 0.344510
vt 0.346369 0.344510
vt 0.346369 0.344510
vt 0.346369 0.344510
vt 0.346369 0.344510
vt 0.346369 0.344510
vt 0.346369 0.344510
vt 0.346369 0.344510
vt 0.346369 0.344510
vt 0.346369 0.344510
vt 0.346369 0.344510
vt 0.346369 0.344510
vt 0.282336 0.343888
vt 0.282336 0.343888
vt 0.282336 0.343888
vt 0.282336 0.343888
vt 0.282336 0.343888
vt 0.282336 0.343888
vt 0.346369 0.344510
vt 0.346369 0.344510
vt 0.346369 0.344510
vt 0.346369 0.344510
vt 0.346369 0.344510
vt 0.346369 0.344510
vt 0.346369 0.344510
vt 0.346369 0.344510
vt 0.346369 0.344510
vt 0.282336 0.343888
vt 0.282336 0.343888
vt 0.282336 0.343888
vt 0.282336 0.343888
vt 0.282336 0.343888
vt 0.282336 0.343888
vt 0.346369 0.344510
vt 0.346369 0.344510
vt 0.346369 0.344510
vt 0.346369 0.344510
vt 0.346369 0.344510
vt 0.346369 0.344510
vt 0.346369 0.344510
vt 0.346369 0.344510
vt 0.346369 0.344510
vt 0.346369 0.344510
vt 0.282336 0.343888
vt 0.282336 0.343888
vt 0.282336 0.343888
vt 0.346369 0.344510
vt 0.346369 0.344510
vt 0.346369 0.344510
vt 0.282336 0.343888
vt 0.282336 0.343888
vt 0.282336 0.343888
vt 0.282336 0.343888
vt 0.282336 0.343888
vt 0.282336 0.343888
vt 0.282336 0.343888
vt 0.282336 0.343888
vt 0.282336 0.343888
vt 0.346369 0.344510
vt 0.346369 0.344510
vt 0.346369 0.344510
vt 0.346369 0.344510
vt 0.346369 0.344510
vt 0.346369 0.344510
vt 0.346369 0.344510
vt 0.346369 0.344510
vt 0.346369 0.344510
vt 0.346356 0.344479
vt 0.723176 0.969105
vt 0.723176 0.969105
vt 0.723176 0.969105
vt 0.723176 0.969105
vt 0.723176 0.969105
vt 0.723176 0.969105
vt 0.723176 0.969105
vt 0.723176 0.969105
vt 0.723176 0.969105
vt 0.723176 0.969105
vt 0.723176 0.969105
vt 0.723176 0.969105
vt 0.719555 0.963606
vt 0.719555 0.963606
vt 0.719555 0.963606
vt 0.719555 0.963606
vt 0.719555 0.963606
vt 0.719555 0.963606
vt 0.719555 0.963605
vt 0.719555 0.963605
vt 0.719555 0.963605
vt 0.719555 0.963605
vt 0.346369 0.344510
vt 0.346369 0.344510
vt 0.719555 0.963606
vt 0.719555 0.963606
vt 0.346369 0.344510
vt 0.346369 0.344510
vt 0.346369 0.344510
vt 0.719555 0.963606
vt 0.719555 0.963605
vt 0.719555 0.963605
vt 0.719555 0.963605
vt 0.719555 0.963606
vt 0.719555 0.963606
vt 0.719555 0.963606
vt 0.719555 0.963605
vt 0.719555 0.963605
vt 0.719555 0.963605
vt 0.346369 0.344510
vt 0.346369 0.344510
vt 0.346369 0.344510
vt 0.346369 0.344510
vt 0.346369 0.344510
vt 0.346369 0.344510
vt 0.346369 0.344510
vt 0.723176 0.969105
vt 0.723176 0.969105
vt 0.719555 0.963605
vt 0.719555 0.963605
vt 0.719555 0.963605
vt 0.719555 0.963605
vt 0.719555 0.963606
vt 0.719555 0.963606
vt 0.719555 0.963605
vt 0.719555 0.963605
vt 0.719555 0.963606
vt 0.719555 0.963606
vt 0.719555 0.963606
vt 0.719555 0.963606
vt 0.346356 0.344479
vt 0.346356 0.344479
vt 0.346356 0.344479
vt 0.404032 0.345393
vt 0.404032 0.345393
vt 0.719555 0.963606
vt 0.719555 0.963606
vt 0.404032 0.345393
vt 0.404032 0.345393
vt 0.346369 0.344510
vt 0.346369 0.344510
vt 0.723164 0.969099
vt 0.723164 0.969100
vt 0.346357 0.344504
vt 0.346357 0.344504
vt 0.346357 0.344504
vt 0.346357 0.344504
vt 0.346357 0.344504
vt 0.723176 0.969105
vt 0.723176 0.969105
vt 0.282335 0.343889
vt 0.282335 0.343889
vt 0.282335 0.343889
vt 0.282335 0.343889
vt 0.282335 0.343889
vt 0.282335 0.343889
vt 0.282335 0.343889
vt 0.282335 0.343889
vt 0.282335 0.343888
vt 0.282335 0.343888
vt 0.282335 0.343888
vt 0.282335 0.343888
vt 0.282335 0.343889
vt 0.282335 0.343889
vt 0.282335 0.343889
vt 0.282335 0.343889
vt 0.282335 0.343889
vt 0.282335 0.343889
vt 0.282335 0.343889
vt 0.282335 0.343888
vt 0.346358 0.344507
vt 0.346357 0.344506
vt 0.346356 0.344504
vt 0.282336 0.343888
vt 0.282336 0.343888
vt 0.282336 0.343888
vt 0.282336 0.343888
vt 0.282336 0.343888
vt 0.346369 0.344511
vt 0.346369 0.344511
vt 0.346369 0.344511
vt 0.346369 0.344511
vt 0.346369 0.344511
vt 0.282336 0.343888
vt 0.282336 0.343888
vt 0.282336 0.343888
vt 0.282336 0.343888
vt 0.282336 0.343888
vt 0.282336 0.343888
vt 0.282336 0.343888
vt 0.282336 0.343888
vt 0.282336 0.343888
vt 0.282336 0.343888
vt 0.723175 0.969111
vt 0.723175 0.969111
vt 0.282336 0.343888
vt 0.282336 0.343888
vt 0.282336 0.343888
vt 0.282336 0.343888
vt 0.346368 0.344517
vt 0.346368 0.344517
vt 0.346368 0.344517
vt 0.346368 0.344517
vt 0.346368 0.344517
vt 0.346368 0.344517
vt 0.723175 0.969111
vt 0.723175 0.969111
vt 0.723175 0.969111
vt 0.723175 0.969111
vt 0.346368 0.344517
vt 0.346368 0.344517
vt 0.346368 0.344517
vt 0.346368 0.344517
vt 0.723175 0.969111
vt 0.723175 0.969111
vt 0.723175 0.969111
vt 0.346368 0.344517
vt 0.282336 0.343888
vt 0.282336 0.343888
vt 0.282336 0.343889
vt 0.282336 0.343889
vt 0.282336 0.343889
vt 0.282336 0.343889
vt 0.723175 0.969111
vt 0.723175 0.969111
vt 0.723175 0.969111
vt 0.723175 0.969111
vt 0.282336 0.343889
vt 0.282336 0.343889
vt 0.346356 0.344479
vt 0.346356 0.344479
vt 0.282336 0.343889
vt 0.282336 0.343889
vt 0.282336 0.343889
vt 0.282336 0.343889
vt 0.282336 0.343889
vt 0.346368 0.344517
vt 0.346368 0.344517
vt 0.346368 0.344517
vt 0.282336 0.343889
vt 0.282336 0.343889
vt 0.282336 0.343889
vt 0.282336 0.343889
vt 0.282336 0.343889
vt 0.282336 0.343889
vt 0.282336 0.343889
vt 0.346368 0.344517
vt 0.346368 0.344517
vt 0.282336 0.343889
vt 0.282336 0.343889
vt 0.282336 0.343889
vt 0.282336 0.343888
vt 0.282336 0.343888
vt 0.282336 0.343888
vt 0.282336 0.343888
vt 0.282336 0.343888
vt 0.282336 0.343888
vt 0.282336 0.343888
vt 0.282336 0.343888
vt 0.346369 0.344510
vt 0.346369 0.344510
vt 0.346369 0.344510
vt 0.346369 0.344510
vt 0.346369 0.344510
vt 0.346369 0.344510
vt 0.346369 0.344510
vt 0.346369 0.344510
vt 0.346369 0.344510
vt 0.346369 0.344510
vt 0.346369 0.344510
vt 0.282336 0.343888
vt 0.282336 0.343888
vt 0.346369 0.344510
vt 0.346369 0.344510
vt 0.346355 0.344449
vt 0.282336 0.343888
vt 0.346369 0.344510
vt 0.346369 0.344510
vt 0.346369 0.344510
vt 0.282336 0.343888
vt 0.282336 0.343888
vt 0.282336 0.343888
vt 0.282336 0.343888
vt 0.282336 0.343888
vt 0.282336 0.343888
vt 0.282336 0.343888
vt 0.282336 0.343888
vt 0.282336 0.343888
vt 0.282336 0.343888
vt 0.282336 0.343888
vt 0.282336 0.343888
vt 0.346369 0.344510
vt 0.346369 0.344510
vt 0.346369 0.344510
vt 0.346369 0.344510
vt 0.346369 0.344510
vt 0.346369 0.344510
vt 0.282336 0.343888
vt 0.282336 0.343888
vt 0.282336 0.343888
vt 0.282336 0.343888
vt 0.346369 0.344511
vt 0.346369 0.344511
vt 0.346369 0.344511
vt 0.346369 0.344511
vt 0.346369 0.344511
vt 0.282336 0.343888
vt 0.282336 0.343888
vt 0.346369 0.344510
vt 0.346369 0.344510
vt 0.282336 0.343889
vt 0.282336 0.343888
vt 0.723175 0.969111
vt 0.723175 0.969111
vt 0.723175 0.969111
vt 0.723175 0.969111
vt 0.723175 0.969111
vt 0.404032 0.345393
vt 0.282336 0.343888
vt 0.282336 0.343888
vt 0.282336 0.343888
vt 0.282336 0.343888
vt 0.346369 0.344510
vt 0.282336 0.343888
vt 0.282336 0.343888
vt 0.282336 0.343888
vt 0.282336 0.343888
vt 0.346369 0.344511
vt 0.346369 0.344511
vt 0.346369 0.344511
vt 0.346369 0.344511
vt 0.346369 0.344511
vt 0.282336 0.343888
vt 0.282336 0.343888
vt 0.282336 0.343888
vt 0.282336 0.343888
vt 0.282336 0.343888
vt 0.282336 0.343888
vt 0.282336 0.343888
vt 0.282336 0.343888
vt 0.282336 0.343888
vt 0.346369 0.344511
vt 0.346369 0.344511
vt 0.346369 0.344511
vt 0.346369 0.344511
vt 0.346369 0.344511
vt 0.282336 0.343888
vt 0.282336 0.343888
vt 0.282336 0.343888
vt 0.282336 0.343888
vt 0.282336 0.343888
vt 0.282336 0.343888
vt 0.282336 0.343888
vt 0.282336 0.343888
vt 0.282336 0.343888
vt 0.282336 0.343888
vt 0.346369 0.344510
vt 0.346369 0.344510
vt 0.346369 0.344510
vt 0.346369 0.344511
vt 0.346369 0.344511
vt 0.346369 0.344511
vt 0.346369 0.344511
vt 0.346369 0.344511
vt 0.282336 0.343888
vt 0.282336 0.343888
vt 0.282336 0.343888
vt 0.282336 0.343888
vt 0.282336 0.343888
vt 0.282336 0.343888
vt 0.346369 0.344510
vt 0.346369 0.344510
vt 0.346369 0.344510
vt 0.346369 0.344510
vt 0.346369 0.344510
vt 0.346369 0.344510
vt 0.346369 0.344510
vt 0.282336 0.343888
vt 0.282336 0.343888
vt 0.282336 0.343888
vt 0.282336 0.343888
vt 0.282336 0.343888
vt 0.346369 0.344510
vt 0.346369 0.344510
vt 0.346369 0.344510
vt 0.346369 0.344510
vt 0.346369 0.344510
vt 0.346369 0.344510
vt 0.346369 0.344510
vt 0.346369 0.344510
vt 0.346369 0.344510
vt 0.282336 0.343888
vt 0.282336 0.343888
vt 0.282336 0.343888
vt 0.282336 0.343888
vt 0.282336 0.343888
vt 0.346369 0.344510
vt 0.346369 0.344510
vt 0.346369 0.344510
vt 0.346369 0.344510
vt 0.346369 0.344510
vt 0.346369 0.344510
vt 0.346369 0.344510
vt 0.346369 0.344510
vt 0.346369 0.344510
vt 0.282336 0.343888
vt 0.282336 0.343888
vt 0.282336 0.343888
vt 0.282336 0.343888
vt 0.282336 0.343888
vt 0.346369 0.344510
vt 0.346369 0.344510
vt 0.346369 0.344510
vt 0.346369 0.344510
vt 0.346369 0.344510
vt 0.346369 0.344510
vt 0.346369 0.344510
vt 0.346369 0.344510
vt 0.346369 0.344510
vt 0.282335 0.343889
vt 0.282335 0.343889
vt 0.282335 0.343889
vt 0.282335 0.343889
vt 0.282335 0.343888
vt 0.282335 0.343888
vt 0.282335 0.343888
vt 0.282335 0.343888
vt 0.346361 0.344515
vt 0.346360 0.344513
vt 0.346357 0.344506
vt 0.346356 0.344504
vt 0.282335 0.343888
vt 0.282335 0.343888
vt 0.282335 0.343888
vt 0.282335 0.343888
vt 0.282335 0.343888
vt 0.282335 0.343888
vt 0.282335 0.343888
vt 0.282335 0.343888
vt 0.346362 0.344517
vt 0.346362 0.344517
vt 0.346359 0.344511
vt 0.346358 0.344508
vt 0.346362 0.344517
vt 0.346362 0.344517
vt 0.282335 0.343888
vt 0.282335 0.343888
vt 0.282335 0.343888
vt 0.282335 0.343888
vt 0.282335 0.343888
vt 0.282335 0.343888
vt 0.282335 0.343888
vt 0.282335 0.343888
vt 0.346362 0.344517
vt 0.346362 0.344517
vt 0.346362 0.344517
vt 0.346362 0.344517
vt 0.719555 0.963606
vt 0.719555 0.963606
vt 0.282335 0.343888
vt 0.282335 0.343888
vt 0.282335 0.343888
vt 0.282335 0.343888
vt 0.719555 0.963605
vt 0.719555 0.963606
vt 0.346362 0.344517
vt 0.346362 0.344517
vt 0.719555 0.963605
vt 0.282335 0.343888
vt 0.282335 0.343888
vt 0.282335 0.343888
vt 0.282335 0.343888
vt 0.346362 0.344517
vt 0.346362 0.344517
vt 0.282335 0.343888
vt 0.282335 0.343888
vt 0.282335 0.343888
vt 0.282335 0.343888
vt 0.282335 0.343888
vt 0.282335 0.343888
vt 0.282335 0.343888
vt 0.282335 0.343888
vt 0.346362 0.344517
vt 0.346362 0.344517
vt 0.346362 0.344517
vt 0.346362 0.344517
vt 0.282335 0.343888
vt 0.282335 0.343888
vt 0.282335 0.343888
vt 0.282335 0.343888
vt 0.346368 0.344517
vt 0.346368 0.344517
vt 0.346368 0.344517
vt 0.723175 0.969111
vt 0.723175 0.969111
vt 0.723175 0.969111
vt 0.723175 0.969111
vt 0.723175 0.969111
vt 0.723173 0.969112
vt 0.723175 0.969111
vt 0.346368 0.344517
vt 0.346368 0.344517
vt 0.346368 0.344517
vt 0.723164 0.969099
vt 0.723164 0.969099
vt 0.282335 0.343888
vt 0.282335 0.343888
vt 0.282335 0.343888
vt 0.723175 0.969111
vt 0.723175 0.969111
vt 0.723170 0.969112
vt 0.723170 0.969112
vt 0.346362 0.344517
vt 0.346362 0.344516
vt 0.346361 0.344515
vt 0.282335 0.343889
vt 0.282335 0.343889
vt 0.282335 0.343888
vt 0.346360 0.344513
vt 0.346360 0.344512
vt 0.346359 0.344511
vt 0.282335 0.343888
vt 0.282335 0.343888
vt 0.282335 0.343888
vt 0.346359 0.344509
vt 0.346358 0.344508
vt 0.346358 0.344507
vt 0.723170 0.969112
vt 0.723170 0.969112
vt 0.723164 0.969099
vt 0.723164 0.969099
vt 0.723170 0.969112
vt 0.723170 0.969112
vt 0.723164 0.969099
vt 0.723164 0.969099
vt 0.723170 0.969112
vt 0.723170 0.969112
vt 0.723164 0.969099
vt 0.404032 0.345393
vt 0.404032 0.345393
vt 0.404032 0.345393
vt 0.282336 0.343889
vt 0.723163 0.969099
vt 0.723163 0.969099
vt 0.723166 0.969105
vt 0.723167 0.969106
vt 0.723164 0.969099
vt 0.723167 0.969105
vt 0.723170 0.969112
vt 0.723167 0.969105
vt 0.723164 0.969099
vt 0.723167 0.969105
vt 0.723169 0.969111
vt 0.723164 0.969099
vt 0.723164 0.969099
vt 0.723170 0.969112
vt 0.723170 0.969112
vt 0.716006 0.963333
vt 0.716006 0.963333
vt 0.716006 0.963333
vt 0.716006 0.963333
vt 0.716006 0.963333
vt 0.716006 0.963333
vt 0.972204 0.906244
vt 0.972203 0.906244
vt 0.972203 0.906242
vt 0.972204 0.906242
vt 0.716006 0.963333
vt 0.716006 0.963333
vt 0.716006 0.963333
vt 0.716006 0.963333
vt 0.972204 0.906240
vt 0.972204 0.906242
vt 0.972202 0.906242
vt 0.972203 0.906240
vt 0.972204 0.906245
vt 0.972202 0.906245
vt 0.716006 0.963333
vt 0.716006 0.963333
vt 0.972207 0.906245
vt 0.716006 0.963333
vt 0.716006 0.963333
vt 0.716006 0.963333
vt 0.716006 0.963333
vt 0.716006 0.963333
vt 0.716006 0.963333
vt 0.972204 0.906245
vt 0.972202 0.906245
vt 0.972202 0.906242
vt 0.972204 0.906242
vt 0.972204 0.906247
vt 0.972202 0.906247
vt 0.972207 0.906242
vt 0.716006 0.963333
vt 0.716006 0.963333
vt 0.716006 0.963333
vt 0.716006 0.963333
vt 0.972204 0.906242
vt 0.972203 0.906242
vt 0.972203 0.906240
vt 0.972204 0.906240
vt 0.972204 0.906245
vt 0.972203 0.906245
vt 0.716006 0.963333
vt 0.716006 0.963333
vt 0.972207 0.906245
vt 0.716006 0.963333
vt 0.716006 0.963333
vt 0.716006 0.963333
vt 0.716006 0.963333
vt 0.972204 0.906242
vt 0.972202 0.906242
vt 0.972202 0.906240
vt 0.972204 0.906240
vt 0.972204 0.906245
vt 0.972202 0.906245
vt 0.716006 0.963333
vt 0.716006 0.963333
vt 0.972207 0.906245
vt 0.972204 0.906240
vt 0.972203 0.906240
vt 0.972203 0.906237
vt 0.972204 0.906237
vt 0.972204 0.906242
vt 0.972202 0.906242
vt 0.716006 0.963333
vt 0.716006 0.963333
vt 0.716006 0.963333
vt 0.716006 0.963333
vt 0.972204 0.906245
vt 0.972202 0.906245
vt 0.716022 0.963312
vt 0.716018 0.963313
vt 0.716026 0.963322
vt 0.716026 0.963322
vt 0.716018 0.963322
vt 0.716016 0.963318
vt 0.716018 0.963314
vt 0.972207 0.906242
vt 0.972207 0.906244
vt 0.903589 0.964362
vt 0.903589 0.964362
vt 0.903589 0.964362
vt 0.903589 0.964362
vt 0.903589 0.964362
vt 0.903589 0.964362
vt 0.903589 0.964362
vt 0.903589 0.964362
vt 0.903589 0.964362
vt 0.903589 0.964362
vt 0.903589 0.964362
vt 0.903589 0.964363
vt 0.903589 0.964363
vt 0.903589 0.964362
vt 0.903589 0.964362
vt 0.903589 0.964362
vt 0.903589 0.964362
vt 0.903589 0.964362
vt 0.903589 0.964362
vt 0.903589 0.964363
vt 0.903589 0.964363
vt 0.903589 0.964362
vt 0.903589 0.964362
vt 0.903589 0.964362
vt 0.903589 0.964362
vt 0.903589 0.964362
vt 0.903589 0.964362
vt 0.903589 0.964363
vt 0.903589 0.964363
vt 0.903589 0.964362
vt 0.903589 0.964362
vt 0.903589 0.964362
vt 0.903589 0.964362
vt 0.903589 0.964362
vt 0.903589 0.964362
vt 0.903589 0.964363
vt 0.903589 0.964363
vt 0.903589 0.964362
vt 0.903589 0.964362
vt 0.903589 0.964362
vt 0.903589 0.964362
vt 0.903589 0.964362
vt 0.903589 0.964362
vt 0.903589 0.964363
vt 0.903589 0.964363
vt 0.903589 0.964362
vt 0.903589 0.964362
vt 0.903589 0.964362
vt 0.716006 0.963333
vt 0.716006 0.963333
vt 0.972203 0.906247
vt 0.972202 0.906237
vt 0.716006 0.963333
vt 0.716006 0.963333
vt 0.716006 0.963333
vt 0.972203 0.906240
vt 0.972203 0.906237
vt 0.716006 0.963333
vt 0.972203 0.906240
vt 0.972203 0.906239
vt 0.716006 0.963333
vt 0.716006 0.963333
vt 0.716006 0.963333
vt 0.716006 0.963333
vt 0.716006 0.963333
vt 0.972204 0.906242
vt 0.972203 0.906242
vt 0.716006 0.963333
vt 0.716006 0.963333
vt 0.716006 0.963333
vt 0.716006 0.963333
vt 0.972204 0.906240
vt 0.972203 0.906240
vt 0.972202 0.906242
vt 0.972204 0.906242
vt 0.972204 0.906245
vt 0.972202 0.906245
vt 0.716006 0.963333
vt 0.716006 0.963333
vt 0.972207 0.906245
vt 0.716006 0.963333
vt 0.716006 0.963333
vt 0.716006 0.963333
vt 0.716006 0.963333
vt 0.716006 0.963333
vt 0.716006 0.963333
vt 0.972204 0.906245
vt 0.972204 0.906242
vt 0.972202 0.906242
vt 0.972202 0.906245
vt 0.972202 0.906247
vt 0.972204 0.906247
vt 0.972207 0.906242
vt 0.716006 0.963333
vt 0.716006 0.963333
vt 0.716006 0.963333
vt 0.716006 0.963333
vt 0.972204 0.906242
vt 0.972204 0.906240
vt 0.972203 0.906240
vt 0.972203 0.906242
vt 0.972203 0.906245
vt 0.972204 0.906245
vt 0.716006 0.963333
vt 0.716006 0.963333
vt 0.972207 0.906245
vt 0.716006 0.963333
vt 0.716006 0.963333
vt 0.716006 0.963333
vt 0.716006 0.963333
vt 0.972204 0.906242
vt 0.972204 0.906240
vt 0.972202 0.906240
vt 0.972202 0.906242
vt 0.972202 0.906245
vt 0.972204 0.906245
vt 0.716006 0.963333
vt 0.716006 0.963333
vt 0.972207 0.906245
vt 0.972204 0.906240
vt 0.972204 0.906237
vt 0.972203 0.906237
vt 0.972203 0.906240
vt 0.972202 0.906242
vt 0.972204 0.906242
vt 0.716006 0.963333
vt 0.716006 0.963333
vt 0.716006 0.963333
vt 0.716006 0.963333
vt 0.972204 0.906245
vt 0.972202 0.906245
vt 0.716022 0.963312
vt 0.716018 0.963313
vt 0.716026 0.963322
vt 0.716026 0.963322
vt 0.716018 0.963322
vt 0.716016 0.963318
vt 0.972207 0.906242
vt 0.903589 0.964362
vt 0.903589 0.964362
vt 0.903589 0.964362
vt 0.903589 0.964362
vt 0.903589 0.964362
vt 0.903589 0.964362
vt 0.903589 0.964362
vt 0.903589 0.964362
vt 0.903589 0.964362
vt 0.903589 0.964363
vt 0.903589 0.964362
vt 0.903589 0.964362
vt 0.903589 0.964362
vt 0.903589 0.964363
vt 0.903589 0.964362
vt 0.903589 0.964362
vt 0.903589 0.964362
vt 0.903589 0.964363
vt 0.903589 0.964362
vt 0.903589 0.964362
vt 0.903589 0.964362
vt 0.903589 0.964363
vt 0.903589 0.964362
vt 0.903589 0.964362
vt 0.903589 0.964362
vt 0.903589 0.964363
vt 0.903589 0.964362
vt 0.903589 0.964362
vt 0.903589 0.964362
vt 0.903589 0.964363
vt 0.903589 0.964362
vt 0.903589 0.964362
vt 0.903589 0.964362
vt 0.903589 0.964363
vt 0.903589 0.964362
vt 0.903589 0.964362
vt 0.903589 0.964362
vt 0.903589 0.964363
vt 0.903589 0.964362
vt 0.903589 0.964362
vt 0.903589 0.964362
vt 0.903589 0.964362
vt 0.903589 0.964362
vt 0.903589 0.964363
vt 0.716006 0.963333
vt 0.716006 0.963333
vt 0.972203 0.906247
vt 0.972202 0.906237
vt 0.716006 0.963333
vt 0.716006 0.963333
vt 0.716006 0.963333
vt 0.972203 0.906240
vt 0.972203 0.906237
vt 0.716006 0.963333
vt 0.972203 0.906240
vt 0.719871 0.962509
vt 0.719871 0.962509
vt 0.719871 0.962509
vt 0.719871 0.962509
vt 0.719871 0.962509
vt 0.719871 0.962509
vt 0.719871 0.962509
vt 0.719871 0.962509
vt 0.972204 0.911164
vt 0.972207 0.911164
vt 0.972207 0.911166
vt 0.972204 0.911166
vt 0.719871 0.962509
vt 0.719871 0.962509
vt 0.719871 0.962509
vt 0.719871 0.962509
vt 0.719871 0.962509
vt 0.719871 0.962509
vt 0.972204 0.911166
vt 0.972202 0.911166
vt 0.972203 0.911164
vt 0.972204 0.911164
vt 0.719871 0.962509
vt 0.719871 0.962509
vt 0.972207 0.911164
vt 0.972207 0.911166
vt 0.719871 0.962509
vt 0.719871 0.962509
vt 0.719871 0.962509
vt 0.719871 0.962509
vt 0.972204 0.911161
vt 0.972204 0.911164
vt 0.972202 0.911164
vt 0.972202 0.911161
vt 0.972204 0.911166
vt 0.972202 0.911166
vt 0.719871 0.962509
vt 0.719871 0.962509
vt 0.972207 0.911166
vt 0.719871 0.962509
vt 0.719871 0.962509
vt 0.719871 0.962509
vt 0.719871 0.962509
vt 0.719871 0.962509
vt 0.719871 0.962509
vt 0.972204 0.911166
vt 0.972202 0.911166
vt 0.972202 0.911164
vt 0.972204 0.911164
vt 0.972204 0.911169
vt 0.972202 0.911169
vt 0.972207 0.911164
vt 0.719871 0.962509
vt 0.719871 0.962509
vt 0.719871 0.962509
vt 0.719871 0.962509
vt 0.972204 0.911164
vt 0.972202 0.911164
vt 0.972202 0.911161
vt 0.972204 0.911161
vt 0.972204 0.911166
vt 0.972202 0.911166
vt 0.719871 0.962509
vt 0.719871 0.962509
vt 0.972207 0.911166
vt 0.972204 0.911161
vt 0.972203 0.911161
vt 0.972203 0.911159
vt 0.972204 0.911159
vt 0.972204 0.911164
vt 0.972202 0.911164
vt 0.719871 0.962509
vt 0.719871 0.962509
vt 0.719871 0.962509
vt 0.719871 0.962509
vt 0.972204 0.911166
vt 0.972202 0.911166
vt 0.719886 0.962487
vt 0.719882 0.962489
vt 0.719890 0.962498
vt 0.719891 0.962498
vt 0.719882 0.962498
vt 0.719871 0.962509
vt 0.719871 0.962509
vt 0.719871 0.962509
vt 0.719871 0.962509
vt 0.972204 0.911161
vt 0.972204 0.911164
vt 0.972202 0.911164
vt 0.972203 0.911161
vt 0.972204 0.911166
vt 0.972202 0.911166
vt 0.719871 0.962509
vt 0.719871 0.962509
vt 0.972207 0.911166
vt 0.719871 0.962509
vt 0.719871 0.962509
vt 0.719871 0.962509
vt 0.719871 0.962509
vt 0.719871 0.962509
vt 0.719871 0.962509
vt 0.972204 0.911166
vt 0.972202 0.911166
vt 0.972202 0.911164
vt 0.972204 0.911164
vt 0.972204 0.911169
vt 0.972203 0.911169
vt 0.972207 0.911164
vt 0.719871 0.962509
vt 0.719871 0.962509
vt 0.719871 0.962509
vt 0.719871 0.962509
vt 0.972204 0.911164
vt 0.972203 0.911164
vt 0.972203 0.911161
vt 0.972204 0.911161
vt 0.972204 0.911166
vt 0.972203 0.911166
vt 0.719871 0.962509
vt 0.719871 0.962509
vt 0.972207 0.911166
vt 0.719871 0.962509
vt 0.719871 0.962509
vt 0.719871 0.962509
vt 0.719871 0.962509
vt 0.972204 0.911164
vt 0.972202 0.911164
vt 0.972203 0.911161
vt 0.972204 0.911161
vt 0.972204 0.911166
vt 0.972202 0.911166
vt 0.719871 0.962509
vt 0.719871 0.962509
vt 0.972207 0.911166
vt 0.972204 0.911161
vt 0.972203 0.911161
vt 0.972203 0.911159
vt 0.972204 0.911159
vt 0.972204 0.911164
vt 0.972203 0.911164
vt 0.719871 0.962509
vt 0.719871 0.962509
vt 0.719871 0.962509
vt 0.719871 0.962509
vt 0.972204 0.911166
vt 0.972203 0.911166
vt 0.719886 0.962487
vt 0.719882 0.962489
vt 0.719890 0.962498
vt 0.719891 0.962498
vt 0.719882 0.962498
vt 0.719880 0.962494
vt 0.972202 0.911159
vt 0.972202 0.911161
vt 0.719871 0.962509
vt 0.719871 0.962509
vt 0.972203 0.911159
vt 0.719871 0.962509
vt 0.972202 0.911169
vt 0.972202 0.911166
vt 0.972203 0.911169
vt 0.972203 0.911159
vt 0.719871 0.962509
vt 0.972202 0.911164
vt 0.972203 0.911169
vt 0.972202 0.911159
vt 0.719871 0.962509
vt 0.719871 0.962509
vt 0.719871 0.962509
vt 0.719871 0.962509
vt 0.972202 0.911161
vt 0.972203 0.911161
vt 0.719871 0.962509
vt 0.719871 0.962509
vt 0.972203 0.911161
vt 0.719871 0.962509
vt 0.963837 0.905883
vt 0.963837 0.905888
vt 0.963836 0.905888
vt 0.963836 0.905883
vt 0.963834 0.905888
vt 0.963834 0.905883
vt 0.963832 0.905888
vt 0.963832 0.905883
vt 0.963831 0.905888
vt 0.963831 0.905883
vt 0.963828 0.905881
vt 0.963829 0.905883
vt 0.963837 0.905883
vt 0.963837 0.905888
vt 0.963836 0.905888
vt 0.963836 0.905883
vt 0.963834 0.905888
vt 0.963834 0.905883
vt 0.963832 0.905888
vt 0.963832 0.905883
vt 0.963831 0.905888
vt 0.963831 0.905883
vt 0.963828 0.905881
vt 0.963829 0.905883
vt 0.719898 0.969631
vt 0.719898 0.969631
vt 0.719898 0.969631
vt 0.719898 0.969631
vt 0.843990 0.971185
vt 0.843990 0.971185
vt 0.843990 0.971185
vt 0.843990 0.971185
vt 0.843990 0.971185
vt 0.843990 0.971185
vt 0.784209 0.969067
vt 0.784209 0.969067
vt 0.784209 0.969067
vt 0.784209 0.969067
vt 0.784209 0.969067
vt 0.719898 0.969631
vt 0.719898 0.969631
vt 0.719898 0.969631
vt 0.719898 0.969631
vt 0.843990 0.971185
vt 0.843990 0.971185
vt 0.843990 0.971185
vt 0.843990 0.971185
vt 0.843990 0.971185
vt 0.843990 0.971185
vt 0.784209 0.969067
vt 0.784209 0.969067
vt 0.784209 0.969067
vt 0.784209 0.969067
vt 0.784209 0.969067
vn 0.5228 0.7756 0.3536
vn 0.8249 0.0621 0.5618
vn 0.4041 0.6861 0.6050
vn -0.1796 0.0858 0.9800
vn -0.4043 0.6862 0.6048
vn -0.7227 0.6808 0.1189
vn 0.8583 0.3130 0.4067
vn 0.4167 0.6629 0.6220
vn -0.4167 0.6629 0.6220
vn -0.6056 0.6860 0.4032
vn 0.8810 -0.4166 0.2242
vn 0.5204 0.1701 0.8368
vn 0.4664 0.2518 0.8480
vn 0.2461 0.1909 0.9502
vn 0.3312 0.2823 0.9004
vn -0.2061 0.1837 0.9611
vn -0.2840 0.3057 0.9088
vn -0.5294 0.1697 0.8312
vn -0.4403 0.3113 0.8422
vn -0.8309 0.1672 0.5307
vn -0.8446 0.3089 0.4374
vn -0.9637 0.1650 0.2100
vn -0.9269 0.2750 0.2553
vn -0.3505 0.7759 0.5246
vn 0.3489 0.7726 0.5305
vn 0.1289 0.7718 0.6227
vn -0.6162 0.7784 0.1198
vn 0.6057 0.6860 0.4032
vn -0.1420 0.6861 0.7135
vn 0.6147 0.7796 0.1200
vn 0.1709 -0.5491 0.8181
vn -0.1189 0.7745 0.6213
vn -0.1600 -0.5410 0.8257
vn -0.8358 -0.5247 0.1614
vn 0.6952 -0.5454 0.4682
vn 0.1423 0.6861 0.7135
vn -0.7011 -0.5362 0.4700
vn 0.8243 -0.5419 0.1638
vn -0.8281 -0.5359 0.1647
vn -0.7009 -0.5377 0.4686
vn -0.4659 -0.5407 0.7004
vn -0.4675 -0.5382 0.7013
vn 0.1638 -0.5554 0.8153
vn 0.4597 -0.5477 0.6990
vn 0.4622 -0.5523 0.6938
vn -0.5249 0.7757 0.3503
vn 0.6978 -0.5424 0.4679
vn 0.5390 0.0536 0.8406
vn 0.2169 0.0589 0.9744
vn -0.1543 -0.5508 0.8202
vn -0.5507 0.1026 0.8284
vn -0.8259 0.1114 0.5527
vn -0.9742 0.1154 0.1941
vn 0.6975 -0.5422 0.4686
vn 0.4590 -0.5547 0.6939
vn 0.1668 -0.5584 0.8126
vn -0.1579 -0.5414 0.8258
vn -0.4676 -0.5387 0.7008
vn -0.7005 -0.5381 0.4688
vn -0.8346 -0.5256 0.1648
vn 0.8315 -0.5308 0.1636
vn 0.7149 0.6912 0.1052
vn -0.1895 0.0062 0.9819
vn -0.5555 0.0004 0.8315
vn 0.8292 -0.0409 0.5574
vn 0.2009 0.0129 0.9795
vn -0.9808 -0.0012 0.1950
vn 0.9808 -0.0000 -0.1951
vn 0.9862 0.0172 0.1650
vn 0.5505 0.0604 0.8327
vn 0.9351 -0.3526 0.0363
vn 0.0000 -1.0000 0.0000
vn 0.7466 0.5034 0.4350
vn -0.5555 0.0002 0.8315
vn -0.9808 -0.0016 0.1951
vn -0.5546 0.0007 0.8321
vn 0.8276 -0.0315 0.5605
vn 0.5547 0.0536 0.8303
vn -0.9808 -0.0013 0.1951
vn 0.5470 0.0509 0.8356
vn -0.9824 0.0007 0.1869
vn -0.1929 0.0077 0.9812
vn -0.8314 -0.0005 0.5557
vn -0.8315 -0.0008 0.5556
vn 0.1983 0.0153 0.9800
vn 0.8309 0.0033 0.5565
vn 0.5530 0.0152 0.8331
vn -0.1870 0.0101 0.9823
vn 0.9811 0.0766 0.1780
vn -0.5556 0.0003 0.8315
vn 0.1988 0.0189 0.9799
vn 0.9842 -0.0455 0.1712
vn -0.8314 -0.0007 0.5557
vn -0.1915 0.0037 0.9815
vn 0.8312 -0.0346 0.5548
vn 0.2029 0.0115 0.9791
vn 0.8295 0.0098 0.5585
vn 0.5511 0.0006 0.8345
vn 0.2015 0.0026 0.9795
vn -0.1882 0.0212 0.9819
vn -0.5553 0.0037 0.8317
vn -0.8314 -0.0008 0.5557
vn -0.9809 0.0244 0.1930
vn 0.9809 0.0275 0.1928
vn -0.6423 0.7543 0.1359
vn -0.4757 0.8475 0.2355
vn -0.2165 0.8537 0.4737
vn -0.1843 0.7466 0.6393
vn 0.2410 0.7194 0.6514
vn 0.2664 0.8157 0.5135
vn -0.6236 0.6626 0.4150
vn -0.1464 0.6631 0.7341
vn 0.6236 0.6626 0.4150
vn 0.7632 0.6455 0.0292
vn 0.1464 0.6631 0.7341
vn -0.7354 0.6621 0.1443
vn 0.9335 0.1708 0.3153
vn 0.6349 -0.7618 0.1284
vn -0.5596 0.8221 0.1047
vn 0.3178 0.8163 0.4823
vn -0.1088 0.8181 0.5647
vn -0.4773 0.8189 0.3188
vn 0.4755 0.8189 0.3213
vn 0.1165 0.8157 0.5666
vn -0.3186 0.8192 0.4769
vn 0.5579 0.8233 0.1048
vn 0.8301 0.1531 0.5362
vn 0.7970 0.3267 0.5079
vn 0.6804 0.6873 0.2542
vn 0.8261 0.0600 0.5603
vn -0.3943 -0.9156 0.0789
vn -0.0888 -0.8796 0.4673
vn -0.2446 -0.8972 0.3676
vn -0.3455 -0.9093 0.2319
vn 0.5155 -0.7840 0.3458
vn 0.9768 0.0092 0.2139
vn 0.3135 -0.8227 0.4741
vn 0.1046 -0.8550 0.5080
vn 0.5162 -0.7810 0.3515
vn 0.6262 0.7722 0.1074
vn -0.3554 0.7683 0.5323
vn 0.1275 0.7647 0.6317
vn 0.5314 0.7685 0.3564
vn -0.5321 0.7685 0.3553
vn 0.9983 0.0060 -0.0574
vn 0.9973 0.0060 -0.0726
vn -0.1236 0.7670 0.6296
vn 0.3559 0.7654 0.5362
vn -0.6274 0.7712 0.1075
vn -0.7183 0.6859 -0.1162
vn -0.8269 0.1086 -0.5517
vn -0.5535 0.0993 -0.8269
vn -0.1418 0.6865 -0.7132
vn 0.4039 0.6864 -0.6047
vn 0.8291 0.0632 -0.5556
vn 0.9769 0.2138 -0.0031
vn 0.9993 0.0269 -0.0258
vn 0.3499 0.7759 -0.5250
vn 0.0000 0.0303 0.9995
vn -0.3515 0.7743 -0.5262
vn 0.9973 0.0695 -0.0225
vn 0.1771 -0.9842 -0.0068
vn 0.1770 -0.9842 0.0068
vn 0.9964 -0.0159 -0.0835
vn -0.4039 0.6864 -0.6047
vn 0.9996 -0.0262 -0.0137
vn 0.9996 -0.0255 0.0146
vn -0.1236 0.7741 -0.6209
vn -0.6230 0.6612 -0.4180
vn 0.0056 -0.3035 0.9528
vn -0.0231 -0.2992 0.9539
vn 0.9785 0.1636 -0.1258
vn 0.9898 0.1283 -0.0619
vn 0.9889 0.1314 0.0690
vn 0.9779 0.1687 0.1233
vn 0.9472 0.1995 -0.2511
vn 0.9865 0.1158 -0.1155
vn 0.9841 0.1193 0.1318
vn 0.9105 0.2489 0.3302
vn 0.9300 0.3676 0.0055
vn 0.4716 0.2408 -0.8483
vn 0.5364 0.1540 -0.8298
vn 0.3157 0.2745 -0.9083
vn 0.2207 0.1751 -0.9595
vn -0.2887 0.3039 -0.9079
vn -0.2201 0.1806 -0.9586
vn -0.4402 0.3124 -0.8418
vn -0.5315 0.1713 -0.8296
vn -0.8457 0.3103 -0.4342
vn -0.8312 0.1686 -0.5298
vn -0.9267 0.2749 -0.2562
vn -0.9637 0.1656 -0.2093
vn 0.1418 0.6865 -0.7132
vn 0.7217 0.6816 -0.1206
vn 0.5242 0.7762 -0.3503
vn -0.5257 0.7746 -0.3516
vn -0.6165 0.7780 -0.1207
vn -0.8304 -0.5327 -0.1633
vn 0.6125 0.7813 -0.1202
vn -0.4721 -0.5315 -0.7034
vn 0.4669 -0.5420 -0.6988
vn 0.6988 -0.5420 -0.4669
vn -0.7052 -0.5317 -0.4690
vn 0.1686 -0.5387 -0.8254
vn -0.8901 0.4556 0.0111
vn -0.8959 0.4396 -0.0645
vn -0.7164 0.6894 0.1072
vn -0.5096 0.8603 0.0132
vn -0.7107 0.6998 -0.0717
vn -0.9320 0.3613 -0.0289
vn -0.5555 -0.0245 -0.8311
vn -0.9527 0.3027 -0.0278
vn 0.6052 0.6862 -0.4035
vn 0.4704 -0.5387 -0.6990
vn 0.1661 -0.5333 -0.8295
vn -0.1642 -0.5325 -0.8303
vn -0.1666 -0.5320 -0.8302
vn -0.6053 0.6862 -0.4034
vn -0.8361 -0.5247 -0.1601
vn -0.9522 0.3042 0.0275
vn -0.9488 0.3150 0.0233
vn -0.9470 0.3208 0.0139
vn -0.9847 0.1741 -0.0082
vn -0.9857 0.1685 -0.0046
vn -0.9857 0.1684 0.0046
vn -0.9847 0.1741 0.0082
vn -0.9745 0.1144 -0.1930
vn -0.7032 -0.5330 -0.4705
vn -0.4696 -0.5324 -0.7042
vn -0.1953 0.0877 -0.9768
vn 0.1919 0.0771 -0.9784
vn 0.5534 0.0696 -0.8300
vn 0.8242 -0.5420 -0.1640
vn 0.8782 -0.4204 -0.2283
vn -0.9836 0.1806 0.0049
vn -0.9922 0.1249 -0.0037
vn -0.9921 0.1255 -0.0017
vn -0.9921 0.1255 0.0017
vn -0.9922 0.1249 0.0037
vn -0.9926 0.1209 0.0054
vn -0.4018 -0.9157 -0.0005
vn -0.8355 -0.5245 -0.1638
vn -0.7029 -0.5347 -0.4691
vn -0.4699 -0.5344 -0.7026
vn -0.1651 -0.5347 -0.8288
vn 0.1681 -0.5328 -0.8294
vn 0.4670 -0.5431 -0.6978
vn 0.8276 -0.5370 -0.1636
vn -0.3755 -0.9268 0.0086
vn -0.3704 -0.9289 -0.0078
vn -0.3967 -0.9179 -0.0003
vn -0.4027 -0.9153 0.0050
vn 0.8311 -0.0303 -0.5553
vn 0.5556 -0.0000 -0.8315
vn -0.8315 -0.0023 -0.5555
vn 0.9807 -0.0137 -0.1949
vn 0.1954 -0.0201 -0.9805
vn -0.1952 -0.0228 -0.9805
vn 0.8340 0.1499 -0.5310
vn 0.9710 0.2380 -0.0242
vn 0.8216 0.5700 0.0056
vn -0.5284 0.8488 0.0191
vn 0.8213 0.2944 -0.4886
vn 0.9504 0.0350 -0.3091
vn -0.5280 0.8490 -0.0190
vn -0.4880 0.8718 -0.0418
vn -0.0121 -0.2781 0.9605
vn -0.4279 0.9031 -0.0358
vn -0.4282 0.9030 0.0357
vn -0.4881 0.8718 0.0418
vn -0.5409 0.8407 0.0246
vn -0.4917 0.8653 -0.0974
vn -0.4578 0.8878 -0.0480
vn -0.4557 0.8889 0.0463
vn -0.4893 0.8665 0.0990
vn -0.5786 0.8119 0.0775
vn -0.9752 0.1067 -0.1937
vn -0.5799 0.7946 -0.1797
vn 0.9818 -0.0117 -0.1894
vn -0.8318 -0.0025 -0.5550
vn -0.5594 0.8279 -0.0408
vn 0.8315 -0.0000 -0.5556
vn 0.9806 -0.0114 -0.1958
vn -0.5551 -0.0209 -0.8315
vn -0.5698 0.8200 0.0541
vn -0.5895 0.7907 0.1652
vn -0.6623 0.7136 0.2285
vn 0.1944 -0.0170 -0.9808
vn -0.5562 -0.0207 -0.8308
vn 0.1952 -0.0008 -0.9808
vn 0.1965 -0.0165 -0.9804
vn -0.1958 -0.0192 -0.9804
vn -0.8315 -0.0025 -0.5555
vn -0.9782 0.0877 -0.1884
vn -0.5556 -0.0024 -0.8314
vn 0.8303 -0.0249 -0.5567
vn -0.1951 -0.0019 -0.9808
vn -0.9808 -0.0022 -0.1951
vn -0.6577 0.7278 -0.1943
vn -0.6698 0.7413 -0.0431
vn -0.6613 0.7481 0.0549
vn -0.6517 0.7357 0.1841
vn -0.6605 0.6596 0.3587
vn 0.5557 -0.0000 -0.8314
vn 0.8321 -0.0250 -0.5541
vn -0.1946 -0.0194 -0.9807
vn -0.8313 -0.0023 -0.5558
vn 0.6688 0.7136 -0.2086
vn -0.9774 0.0900 -0.1914
vn 0.6997 0.7125 -0.0522
vn 0.6941 0.7174 0.0593
vn 0.6643 0.7213 0.1962
vn 0.6646 0.6543 0.3607
vn -0.9810 0.0227 -0.1927
vn -0.8316 -0.0052 -0.5554
vn -0.5557 -0.0054 -0.8314
vn -0.1953 -0.0047 -0.9807
vn 0.1955 -0.0004 -0.9807
vn 0.5556 -0.0003 -0.8315
vn 0.9809 0.0129 -0.1939
vn -0.6814 0.7153 -0.1548
vn -0.5374 0.8048 -0.2519
vn -0.2809 0.6562 -0.7004
vn -0.3044 0.5655 -0.7665
vn 0.1856 0.8364 -0.5158
vn 0.3001 0.8233 -0.4818
vn 0.5892 0.8014 -0.1026
vn 0.5373 0.8383 -0.0922
vn 0.5345 0.8382 0.1081
vn 0.5657 0.8188 0.0973
vn 0.6842 0.7166 0.1358
vn -0.1461 0.6607 -0.7363
vn 0.5174 0.8528 -0.0707
vn 0.6230 0.6612 -0.4180
vn 0.1461 0.6607 -0.7363
vn 0.4884 0.8687 -0.0824
vn 0.7351 0.6616 -0.1477
vn 0.4942 0.8644 0.0924
vn 0.5326 0.8435 0.0693
vn 0.5844 0.8083 0.0717
vn 0.4861 0.8730 -0.0402
vn 0.4145 0.9089 -0.0452
vn -0.4161 0.6609 -0.6245
vn -0.7512 0.6543 -0.0873
vn 0.4161 0.6609 -0.6245
vn 0.4185 0.9070 0.0477
vn 0.4898 0.8709 0.0393
vn 0.5373 0.8430 0.0241
vn 0.9418 -0.3362 0.0033
vn 0.8919 -0.4523 0.0024
vn 0.6738 0.5865 -0.4496
vn 0.9049 -0.4255 0.0130
vn 0.3187 0.8185 -0.4780
vn -0.5604 0.8215 -0.1051
vn 0.5580 0.8232 -0.1045
vn -0.3205 0.8169 -0.4796
vn 0.0235 -0.2846 -0.9584
vn 0.1100 0.8173 -0.5656
vn -0.0007 -0.3307 -0.9437
vn 0.4773 0.8189 -0.3187
vn -0.4790 0.8173 -0.3202
vn -0.1127 0.8166 -0.5661
vn 0.1204 0.7748 -0.6207
vn -0.9630 0.2692 -0.0146
vn -0.9369 0.3495 -0.0102
vn 0.9154 0.1392 -0.3778
vn 0.8665 0.2811 -0.4125
vn 0.6527 0.6857 -0.3222
vn -0.0926 -0.8808 -0.4644
vn 0.1058 -0.8539 -0.5095
vn 0.5219 -0.7783 -0.3490
vn 0.3251 -0.8122 -0.4843
vn -0.9835 0.1806 -0.0049
vn -0.3433 -0.9110 -0.2285
vn -0.3934 -0.9162 -0.0769
vn -0.2431 -0.8995 -0.3630
vn -0.9927 0.1209 -0.0054
vn -0.4028 -0.9153 -0.0050
vn -0.5409 0.8407 -0.0246
vn -0.5788 0.8118 -0.0773
vn -0.6576 0.7145 -0.2386
vn 0.9000 -0.3708 -0.2290
vn -0.6619 0.6595 -0.3564
vn -0.1253 0.7671 -0.6292
vn 0.6619 0.6553 -0.3639
vn -0.5331 0.7678 -0.3554
vn 0.5318 0.7692 -0.3544
vn 0.1241 0.7677 -0.6287
vn 0.6709 0.7237 -0.1616
vn 0.5734 0.8152 -0.0822
vn -0.3564 0.7673 -0.5331
vn 0.6265 0.7721 -0.1066
vn -0.6278 0.7709 -0.1070
vn 0.5378 0.8427 -0.0255
vn 0.3554 0.7686 -0.5319
vn 0.9996 0.0269 -0.0105
vn 0.9964 0.0657 -0.0538
vn 0.9990 -0.0221 -0.0384
vn 0.9992 -0.0369 -0.0129
vn 0.6294 0.7769 -0.0164
vn 0.9067 -0.4214 -0.0144
vn 0.8493 0.4840 0.2108
vn 0.9978 -0.0170 -0.0647
vn 0.9964 0.0826 0.0188
vn 0.9462 0.2633 0.1880
vn 0.9947 -0.0084 0.1027
vn 0.6107 0.7828 0.1195
vn 0.9987 0.0498 0.0080
vn 0.9017 0.4248 0.0808
vn 0.0000 -0.3140 -0.9494
vn 0.9997 0.0123 -0.0212
vn 0.9965 -0.0135 0.0830
vn -0.9981 0.0619 0.0000
vn 0.9996 -0.0176 -0.0198
vn 0.5292 0.8320 -0.1663
vn 0.6090 0.7625 -0.2184
vn 0.9669 0.2031 -0.1546
vn 0.9239 0.3506 0.1533
vn 0.9158 0.2955 0.2719
vn 0.9197 0.2740 -0.2811
vn 0.9013 0.4182 -0.1125
vn 0.9755 0.2199 -0.0004
vn 0.7638 0.5278 0.3714
vn 0.9649 0.2593 0.0415
vn 0.9997 0.0110 0.0210
vn 0.9974 0.0087 -0.0711
vn 0.9996 0.0268 -0.0105
vn 0.9969 0.0643 -0.0449
vn 0.9995 -0.0228 -0.0195
vn 0.9974 -0.0716 0.0013
vn 0.5975 0.8018 -0.0107
vn 0.9928 -0.0055 -0.1199
vn 0.9995 -0.0227 -0.0200
vn 0.9999 -0.0106 0.0060
vn 0.5253 0.8507 -0.0193
vn 0.5911 0.8065 0.0116
vn 0.8864 -0.4630 -0.0024
vn 0.9062 -0.4228 0.0057
vn 0.9076 -0.4058 -0.1080
vn 0.9598 0.2807 -0.0072
vn 0.9990 -0.0253 0.0361
vn 0.9988 0.0427 -0.0248
vn -0.9999 -0.0022 0.0149
vn 0.9929 0.1188 0.0114
vn 0.9976 -0.0268 -0.0640
vn 0.9967 0.0808 -0.0103
vn 0.9997 -0.0156 -0.0207
vn 0.9960 0.0849 0.0261
vn 0.9992 0.0320 -0.0239
vn 0.9879 -0.1545 0.0119
vn 0.6245 0.7807 0.0227
vn 0.5966 0.8025 0.0114
vn 0.9984 0.0390 -0.0421
vn 0.8563 0.5164 0.0052
vn 0.5264 0.8386 -0.1405
vn 0.9271 0.2704 -0.2596
vn 0.9739 0.2248 -0.0318
vn -0.1376 -0.0118 0.9904
vn 0.9476 0.2020 0.2476
vn -0.6067 0.7948 0.0131
vn -0.8469 -0.5316 -0.0105
vn -0.8596 -0.5101 0.0316
vn -1.0000 -0.0030 0.0067
vn -0.9942 0.1067 0.0150
vn -0.9958 0.0911 0.0071
vn -0.9950 0.0936 0.0337
vn -0.9949 0.0989 0.0175
vn -0.8277 -0.5612 -0.0034
vn -0.9998 -0.0169 0.0061
vn -0.9942 0.1064 0.0171
vn -0.9951 0.0949 -0.0289
vn -0.9949 0.0961 0.0297
vn -0.9724 0.2328 0.0137
vn -0.5735 0.8191 -0.0134
vn -0.8549 -0.5189 -0.0022
vn -1.0000 -0.0022 0.0037
vn -0.9939 0.1081 0.0203
vn -0.9925 0.1015 -0.0683
vn -0.9956 0.0929 0.0127
vn -0.9695 0.2449 0.0007
vn -0.5728 0.8196 0.0132
vn -0.8423 -0.5391 -0.0026
vn -0.9950 0.0954 0.0309
vn -0.9943 0.1067 0.0039
vn -0.9953 0.0944 -0.0193
vn -0.9955 0.0926 0.0177
vn -0.9919 0.1266 0.0027
vn -0.8414 -0.5403 0.0076
vn -0.9948 0.0976 0.0287
vn -0.9935 0.1013 -0.0511
vn -0.9610 0.2765 -0.0031
vn -0.6067 0.7949 -0.0131
vn -0.8534 -0.5211 -0.0142
vn -0.9947 0.1009 -0.0218
vn -0.9998 -0.0063 -0.0177
vn -0.9934 0.0922 -0.0680
vn -0.9259 0.3774 -0.0185
vn -0.8314 -0.0007 0.5556
vn 0.9897 0.0339 0.1393
vn -0.5553 0.0002 0.8317
vn -0.5556 0.0002 0.8315
vn 0.8262 -0.0242 0.5629
vn 0.5578 0.0408 0.8289
vn 0.5460 0.0440 0.8367
vn -0.9808 -0.0014 0.1952
vn -0.9812 -0.0024 0.1928
vn 0.2013 0.0145 0.9794
vn -0.1911 0.0083 0.9815
vn 0.8342 -0.0222 0.5510
vn -0.8314 -0.0006 0.5557
vn -0.1917 0.0048 0.9814
vn 0.9913 -0.0145 0.1311
vn 0.1979 0.0168 0.9801
vn 0.9988 0.0331 -0.0370
vn 0.9978 -0.0061 -0.0657
vn -0.9751 0.0628 -0.2125
vn 0.9812 -0.0086 -0.1928
vn -0.8315 -0.0023 -0.5556
vn 0.8341 -0.0181 -0.5513
vn 0.9808 -0.0090 -0.1949
vn -0.5524 -0.0155 -0.8334
vn -0.5588 -0.0155 -0.8292
vn 0.1984 -0.0126 -0.9800
vn 0.1922 -0.0121 -0.9813
vn -0.1987 -0.0144 -0.9800
vn -0.9827 0.0615 -0.1745
vn -0.1916 -0.0142 -0.9814
vn -0.8316 -0.0023 -0.5554
vn 0.8285 -0.0180 -0.5597
vn 0.9986 0.0395 -0.0359
vn 0.9976 0.0413 -0.0551
vn 0.9982 -0.0031 -0.0595
vn 0.9990 -0.0028 -0.0436
vn 0.9983 0.0420 -0.0415
vn 0.9991 -0.0027 -0.0435
vn 0.9988 0.0349 -0.0345
vn 0.9987 0.0020 -0.0516
vn 0.9992 -0.0149 -0.0359
vn 0.9989 -0.0300 -0.0373
vn -0.9982 0.0602 -0.0087
vn -0.9974 0.0589 0.0409
vn -0.9983 0.0532 -0.0233
vn -0.9975 0.0616 0.0354
vn -0.9989 0.0340 -0.0320
vn -0.9972 0.0646 0.0380
vn -0.9980 0.0584 -0.0237
vn -0.9978 0.0596 0.0281
vn -0.9980 0.0548 -0.0312
vn -0.9978 0.0580 0.0315
vn -0.9974 0.0486 -0.0526
vn -0.9985 0.0522 0.0135
vn 0.9942 0.0000 0.1075
vn 0.6604 0.7076 -0.2514
vn 0.5660 0.8059 0.1734
vn 0.5674 0.8006 -0.1925
vn 0.6501 0.7189 0.2459
vn 0.5361 0.8408 -0.0760
vn 0.7204 0.6810 -0.1315
vn 0.7207 0.6903 0.0638
vn 0.5329 0.8416 0.0877
vn 0.6048 0.6862 -0.4041
vn 0.4038 0.6864 -0.6048
vn -0.4038 0.6864 -0.6048
vn -0.5947 0.7925 0.1353
vn -0.6569 0.7429 0.1290
vn -0.6050 0.6862 -0.4039
vn -0.5602 0.8272 -0.0437
vn -0.7202 0.6862 -0.1026
vn -0.5857 0.7991 -0.1356
vn -0.5663 0.8231 0.0428
vn -0.4044 0.6862 0.6047
vn 0.1422 0.6861 0.7135
vn -0.7207 0.6814 0.1274
vn 0.4043 0.6861 0.6048
vn -0.6055 0.6860 0.4034
vn -0.6827 0.7178 -0.1365
vn 0.6055 0.6860 0.4034
vn 0.9283 0.1859 0.3220
vn 0.9320 0.3428 -0.1175
vn 0.8643 0.4426 -0.2388
vn 0.9146 0.2738 -0.2976
vn 0.9346 0.1860 0.3031
vn 0.8737 0.3846 0.2980
vn 0.9152 0.4030 0.0015
vn 0.8620 0.2843 -0.4197
vn -0.9485 0.3166 -0.0117
vn -0.1313 -0.0756 -0.9885
vn 0.8246 0.2943 -0.4832
vn -0.9469 0.3214 0.0111
vn -0.9489 0.3150 0.0175
vn -0.9530 0.3025 0.0167
vn -0.9529 0.3028 -0.0170
vn -0.9516 0.3070 -0.0169
vn -0.9163 0.2736 -0.2925
vn -0.8760 0.3061 -0.3727
vn -0.3806 0.3223 -0.8668
vn -0.3438 0.3074 -0.8873
vn 0.3935 0.2779 -0.8763
vn 0.4230 0.2433 -0.8729
vn 0.9804 0.1188 0.1574
vn 0.9840 0.1155 -0.1360
vn 0.9284 0.1820 -0.3239
vn -0.0078 -0.3085 0.9512
vn 0.8279 0.2061 0.5216
vn -0.9184 0.2664 0.2925
vn -0.8756 0.3049 0.3746
vn -0.3800 0.3106 0.8713
vn -0.3420 0.3046 0.8890
vn 0.4011 0.2915 0.8684
vn 0.4206 0.2551 0.8707
vn 0.8878 0.1683 0.4284
vn -0.9618 -0.2731 -0.0179
vn 0.0031 0.0861 -0.9963
vn 0.9019 0.4316 0.0168
vn -0.9922 -0.1237 -0.0166
vn 0.1014 -0.0410 -0.9940
vn 0.9324 0.3493 0.0929
vn -0.0155 0.3029 0.9529
vn -0.1788 0.9838 -0.0148
vn -0.7043 -0.1068 -0.7018
vn 0.6588 0.3625 -0.6592
vn 0.6637 0.3448 0.6637
vn -0.6922 -0.1213 0.7115
vn -0.1248 0.9843 -0.1248
vn -0.0000 -0.1977 -0.9803
vn 1.0000 -0.0000 0.0000
vn -0.0000 0.3857 0.9226
vn -0.9761 0.2175 0.0021
vn 0.0000 0.9843 -0.1766
vn 0.7051 -0.0966 -0.7025
vn 0.7032 -0.0410 0.7098
vn -0.6659 0.3365 0.6659
vn -0.6771 0.2915 -0.6757
vn 0.1249 0.9843 -0.1249
vn 0.9376 -0.3445 -0.0471
vn 0.0293 -0.1767 0.9838
vn -0.8557 0.5157 0.0421
vn -0.0293 0.1767 -0.9838
vn 0.1763 0.9843 -0.0089
vn -0.4040 0.9148 -0.0019
vn 0.8665 0.4979 -0.0361
vn 0.4280 -0.1171 0.8962
vn -0.8656 -0.4995 0.0361
vn -0.4280 0.1171 -0.8962
vn -0.8971 0.4417 -0.0089
vn 0.9610 -0.2766 -0.0000
vn 0.9121 0.3785 -0.1577
vn 0.5204 -0.1043 0.8475
vn -0.9113 -0.3804 0.1577
vn -0.5204 0.1043 -0.8475
vn -0.8916 0.4380 0.1148
vn 0.9519 -0.2766 -0.1319
vn 0.5474 0.3759 -0.7477
vn 0.9692 -0.1160 0.2171
vn -0.5469 -0.3779 0.7471
vn -0.9692 0.1160 -0.2172
vn -0.5618 0.4380 0.7018
vn 0.5933 -0.2766 -0.7560
vn -0.1192 0.3486 -0.9297
vn 0.8411 -0.1227 -0.5268
vn 0.1193 -0.3506 0.9289
vn -0.8411 0.1227 0.5268
vn 0.0773 0.4380 0.8957
vn -0.0919 -0.2766 -0.9566
vn -0.6420 0.3158 -0.6987
vn 0.3637 -0.1178 -0.9240
vn 0.6416 -0.3179 0.6981
vn -0.3653 0.1172 0.9235
vn 0.6304 0.4380 0.6409
vn -0.5699 -0.2698 -0.7761
vn -0.8890 0.4579 0.0055
vn 0.2213 -0.1133 -0.9686
vn 0.8895 -0.4567 -0.0103
vn 0.9256 0.3774 -0.0298
vn -0.8902 -0.4552 -0.0166
vn 0.5955 0.5368 0.5977
vn 0.9761 0.2175 0.0021
vn -1.0000 -0.0000 -0.0000
vn 0.6647 -0.3410 -0.6647
vn -0.5981 0.5308 0.6004
vn 0.0469 0.0495 0.9977
vn -0.0432 0.3894 -0.9200
vn 0.0031 0.0009 -1.0000
vn -0.9303 -0.3546 -0.0934
vn 0.8506 0.5256 0.0121
vn 0.6921 0.1212 -0.7115
vn -0.6976 0.1377 0.7031
vn 0.0000 -0.3915 -0.9202
vn 0.0000 0.5421 0.8403
vn 0.6884 0.2177 0.6919
vn -0.7032 0.0410 -0.7098
vn 0.9908 -0.1258 -0.0507
vn -0.9392 0.3402 0.0472
vn -0.8960 -0.4439 -0.0092
vn 0.8236 0.5668 0.0214
vn 0.0158 0.1709 -0.9852
vn -0.1015 0.0404 0.9940
vn -0.6625 -0.3495 -0.6625
vn -0.9618 -0.2731 0.0179
vn 0.0031 0.0861 0.9963
vn 0.9019 0.4316 -0.0168
vn -0.9922 -0.1236 0.0166
vn 0.1014 -0.0410 0.9940
vn 0.9324 0.3493 -0.0929
vn -0.0155 0.3029 -0.9529
vn -0.1788 0.9838 0.0148
vn -0.7043 -0.1068 0.7018
vn 0.6588 0.3625 0.6592
vn 0.6637 0.3448 -0.6637
vn -0.6922 -0.1213 -0.7115
vn -0.1248 0.9843 0.1248
vn -0.0000 -0.1977 0.9803
vn 0.0000 0.3857 -0.9226
vn -0.9761 0.2175 -0.0021
vn 0.0000 0.9843 0.1766
vn 0.7051 -0.0966 0.7025
vn 0.7032 -0.0410 -0.7098
vn -0.6659 0.3365 -0.6659
vn -0.6771 0.2915 0.6757
vn 0.1249 0.9843 0.1249
vn 0.9376 -0.3445 0.0471
vn 0.0293 -0.1767 -0.9838
vn -0.8557 0.5157 -0.0421
vn -0.0293 0.1767 0.9838
vn 0.1763 0.9843 0.0089
vn -0.4040 0.9148 0.0019
vn 0.8665 0.4979 0.0361
vn 0.4280 -0.1171 -0.8962
vn -0.8656 -0.4995 -0.0361
vn -0.4280 0.1171 0.8962
vn -0.8971 0.4417 0.0089
vn 0.9121 0.3785 0.1577
vn 0.5204 -0.1043 -0.8475
vn -0.9113 -0.3804 -0.1577
vn -0.5204 0.1043 0.8475
vn -0.8916 0.4380 -0.1148
vn 0.9519 -0.2766 0.1319
vn 0.5474 0.3759 0.7477
vn 0.9692 -0.1160 -0.2171
vn -0.5469 -0.3779 -0.7471
vn -0.9692 0.1160 0.2172
vn -0.5618 0.4380 -0.7018
vn 0.5933 -0.2766 0.7560
vn -0.1192 0.3486 0.9297
vn 0.8411 -0.1227 0.5268
vn 0.1193 -0.3506 -0.9289
vn -0.8411 0.1227 -0.5268
vn 0.0773 0.4380 -0.8957
vn -0.0919 -0.2766 0.9566
vn -0.6420 0.3158 0.6987
vn 0.3637 -0.1178 0.9240
vn 0.6416 -0.3179 -0.6981
vn -0.3653 0.1172 -0.9235
vn 0.6304 0.4380 -0.6410
vn -0.5699 -0.2698 0.7761
vn -0.8890 0.4579 -0.0055
vn 0.2213 -0.1133 0.9686
vn 0.8895 -0.4567 0.0103
vn 0.9256 0.3774 0.0298
vn -0.8902 -0.4552 0.0166
vn 0.5955 0.5368 -0.5977
vn 0.9761 0.2175 -0.0021
vn 0.6647 -0.3410 0.6647
vn -0.5981 0.5308 -0.6004
vn 0.0469 0.0495 -0.9977
vn -0.0432 0.3894 0.9200
vn 0.0031 0.0009 1.0000
vn -0.9303 -0.3546 0.0934
vn 0.8506 0.5256 -0.0121
vn 0.6922 0.1212 0.7115
vn -0.6976 0.1377 -0.7031
vn 0.0000 -0.3915 0.9202
vn 0.0000 0.5421 -0.8403
vn 0.6884 0.2177 -0.6919
vn -0.7032 0.0410 0.7098
vn 0.9908 -0.1258 0.0507
vn -0.9392 0.3402 -0.0472
vn -0.8960 -0.4439 0.0092
vn 0.8236 0.5668 -0.0214
vn 0.0158 0.1709 0.9852
vn -0.1015 0.0404 -0.9940
vn -0.6625 -0.3495 0.6625
vn 0.0000 0.2317 0.9728
vn -0.9263 0.3769 0.0031
vn 0.0000 0.5081 -0.8613
vn 0.9263 0.3769 0.0031
vn -0.6938 0.1821 0.6968
vn -0.6678 0.3343 -0.6650
vn 0.6960 0.1766 -0.6960
vn 0.6642 0.3374 0.6670
vn -0.1249 0.9843 0.1249
vn -0.9713 0.2376 -0.0095
vn 0.0000 0.0000 -1.0000
vn 0.9843 0.1766 0.0000
vn -0.0000 0.3775 0.9260
vn -0.1766 0.9843 -0.0000
vn -0.9643 0.2604 -0.0480
vn 0.0541 0.3977 -0.9159
vn 0.9826 0.1766 0.0575
vn -0.0584 -0.0000 0.9983
vn -0.1763 0.9843 -0.0103
vn 0.8943 0.3451 0.2847
vn -0.3147 -0.0000 0.9492
vn -0.9343 0.1766 -0.3098
vn 0.2711 0.4895 -0.8288
vn 0.1676 0.9843 0.0556
vn 0.6960 -0.1766 0.6960
vn -0.7071 -0.0000 0.7071
vn -0.6248 0.4717 -0.6222
vn 0.7071 0.0000 -0.7071
vn 0.1248 0.9843 0.1248
vn -0.9824 0.1868 -0.0056
vn -0.0000 0.3377 0.9413
vn -0.6998 0.1716 -0.6935
vn 0.6706 0.3294 -0.6647
vn 0.6960 0.1766 0.6960
vn 0.0000 0.0966 -0.9953
vn 0.0000 0.1766 0.9843
vn -0.9639 0.2664 0.0048
vn 0.6989 0.1790 -0.6925
vn 0.7071 -0.0000 0.7071
vn -0.6960 0.1766 0.6960
vn -0.6691 0.3359 -0.6630
vn 0.1248 0.9843 -0.1249
vn 0.9615 -0.1766 0.2105
vn -0.2138 0.0000 0.9769
vn -0.8727 0.4474 -0.1955
vn 0.2138 0.0000 -0.9769
vn 0.1725 0.9843 0.0378
vn -0.9843 -0.1766 0.0000
vn 0.0584 0.0000 -0.9983
vn -0.7607 0.5936 -0.2626
vn 0.6689 0.3301 -0.6661
vn 0.0000 -0.1766 -0.9843
vn 0.6612 0.3427 0.6674
vn -0.9615 0.1766 -0.2105
vn -0.9826 -0.1766 -0.0575
vn -0.2814 0.4676 0.8380
vn -0.6960 0.1766 -0.6960
vn 0.0000 0.0000 1.0000
vn 0.6960 -0.1766 -0.6960
vn -0.2051 0.2974 0.9325
vn 0.0000 0.1766 -0.9843
vn 0.9343 -0.1766 0.3098
vn -0.6653 0.3331 0.6681
vn 0.8766 0.4812 -0.0050
vn -0.6630 0.3360 0.6690
vn 0.9685 0.1385 0.2071
vn 0.6235 0.4752 -0.6208
vn 0.6945 0.1771 0.6974
vn 0.0000 0.3462 -0.9382
vn 0.6190 0.4759 0.6248
vn 0.0000 -0.1766 0.9843
vn -0.7071 0.0000 -0.7071
vn 0.8562 0.5166 -0.0083
vn -0.0528 0.4121 0.9096
vn 0.0000 0.4200 0.9075
vn -0.6960 -0.1766 0.6960
vn 0.0000 0.3932 -0.9195
vn 0.8443 0.5328 0.0568
vn 0.3147 -0.0000 -0.9492
vn -0.6960 -0.1766 -0.6960
vn 0.9639 0.2664 0.0048
vn -0.6168 0.4814 0.6227
vn 0.2027 0.3039 -0.9309
vn -0.8660 0.0000 -0.5000
vn 0.8660 0.0000 -0.5000
vn 0.8660 0.0000 0.5000
vn 0.0000 1.0000 -0.0000
vn -0.8660 0.0000 0.5000
vn 0.9744 0.0094 -0.2248
vn 0.9743 0.0142 -0.2249
vn 0.9939 0.1085 0.0176
vn 0.9996 0.0219 0.0175
vn 0.9710 0.1809 -0.1560
vn 0.9826 -0.0855 -0.1647
usemtl Medieval
s off
f 6/1/1 4/2/1 104/3/1 110/4/1
f 20/5/2 134/6/2 130/7/2
f 118/8/3 111/9/3 686/10/3 683/11/3
f 25/12/4 128/13/4 127/14/4 27/15/4
f 107/16/5 120/17/5 682/18/5 684/19/5
f 114/20/6 113/21/6 687/22/6 688/23/6
f 696/24/7 100/25/7 124/26/7 697/27/7 750/28/7
f 95/29/8 91/30/8 17/31/8
f 90/32/9 98/33/9 17/31/9
f 113/21/10 107/16/10 684/19/10 687/22/10
f 101/34/11 3/35/11 55/36/11
f 22/37/12 21/38/12 23/39/12 24/40/12
f 690/41/13 22/37/13 24/40/13 691/42/13 749/43/13
f 24/44/14 23/45/14 25/46/14 26/47/14
f 691/48/15 24/44/15 26/47/15 692/49/15 748/50/15
f 26/51/16 25/12/16 27/15/16 28/52/16
f 692/53/17 26/51/17 28/52/17 693/54/17 747/55/17
f 28/56/18 27/57/18 29/58/18 30/59/18
f 693/60/19 28/56/19 30/59/19 694/61/19 746/62/19
f 30/63/20 29/64/20 31/65/20 32/66/20
f 694/67/21 30/63/21 32/66/21 695/68/21 745/69/21
f 32/70/22 31/71/22 18/72/22 19/73/22
f 695/74/23 32/70/23 19/73/23 689/75/23 744/76/23
f 14/77/24 12/78/24 121/79/24 106/80/24
f 8/81/25 6/82/25 110/83/25 119/84/25
f 10/85/26 8/86/26 119/87/26 108/88/26
f 2/89/27 16/90/27 112/91/27 115/92/27
f 111/9/28 105/93/28 662/94/28 686/10/28
f 120/17/29 109/95/29 685/96/29 682/18/29
f 4/97/30 3/35/30 117/98/30 104/99/30
f 46/100/31 10/101/31 37/102/31
f 12/103/32 10/101/32 108/104/32 121/105/32
f 48/106/33 12/103/33 36/107/33
f 54/108/34 2/109/34 33/110/34
f 42/111/35 6/82/35 39/112/35
f 109/95/36 118/8/36 683/11/36 685/96/36
f 52/113/37 16/114/37 34/115/37
f 56/116/38 4/97/38 40/117/38
f 34/115/39 16/114/39 53/118/39
f 35/119/40 14/120/40 51/121/40
f 36/107/41 12/103/41 49/122/41
f 50/123/42 14/120/42 35/119/42
f 38/124/43 8/81/43 45/125/43
f 39/112/44 6/82/44 43/126/44
f 44/127/45 8/81/45 38/124/45
f 16/114/46 14/120/46 106/128/46 112/129/46
f 40/117/47 4/97/47 41/130/47
f 21/38/48 131/131/48 133/132/48 23/39/48
f 23/45/49 133/133/49 128/134/49 25/46/49
f 37/102/50 10/101/50 47/135/50
f 27/57/51 127/136/51 129/137/51 29/58/51
f 29/64/52 129/138/52 125/139/52 31/65/52
f 31/71/53 125/140/53 126/141/53 18/72/53
f 6/82/54 42/111/54 41/130/54 4/97/54
f 8/81/55 44/127/55 43/126/55 6/82/55
f 10/101/56 46/100/56 45/125/56 8/81/56
f 12/103/57 48/106/57 47/135/57 10/101/57
f 14/120/58 50/123/58 49/122/58 12/103/58
f 16/114/59 52/113/59 51/121/59 14/120/59
f 2/109/60 54/108/60 53/118/60 16/114/60
f 4/97/61 56/116/61 55/36/61 3/35/61
f 105/93/62 116/142/62 669/143/62 662/94/62
f 72/144/63 75/145/63 518/146/63 514/147/63 515/148/63
f 81/149/64 79/150/64 503/151/64 501/152/64 502/153/64
f 69/154/65 73/155/65 516/156/65 504/157/65 505/158/65
f 82/159/66 70/160/66 512/161/66 513/162/66 520/163/66
f 71/164/67 78/165/67 511/166/67 509/167/67 510/168/67
f 555/169/68 523/170/68 522/171/68
f 80/172/69 68/173/69 499/174/69 500/175/69 519/176/69
f 77/177/70 76/178/70 508/179/70 506/180/70 507/181/70
f 101/182/71 132/183/71 417/184/71 181/185/71
f 62/186/72 61/187/72 59/188/72 57/189/72
f 99/190/73 103/191/73 122/192/73 123/193/73
f 64/194/72 63/195/72 61/187/72 62/186/72
f 5/196/72 7/197/72 62/186/72 57/189/72
f 66/198/72 65/199/72 63/195/72 64/194/72
f 15/200/72 1/201/72 65/199/72 66/198/72
f 7/197/72 9/202/72 64/194/72 62/186/72
f 9/202/72 11/203/72 66/198/72 64/194/72
f 11/203/72 13/204/72 15/200/72 66/198/72
f 501/205/74 479/206/74 478/207/74
f 509/208/75 471/209/75 470/210/75
f 81/211/76 502/212/76 477/213/76 12/78/76
f 516/214/77 73/215/77 6/1/77 496/216/77
f 508/217/78 76/218/78 8/81/78 492/219/78
f 71/220/79 510/221/79 469/222/79 16/90/79
f 77/223/80 507/224/80 489/225/80 6/82/80
f 511/226/81 78/227/81 2/89/81 472/228/81
f 514/229/82 483/230/82 482/231/82
f 74/232/83 67/233/83 497/234/83 498/235/83 517/236/83
f 498/237/84 475/238/84 474/239/84
f 82/240/85 520/241/85 485/242/85 8/86/85
f 504/243/86 495/244/86 494/245/86
f 506/246/87 491/247/87 490/248/87
f 74/249/83 517/250/83 473/251/83 14/120/83
f 72/252/88 515/253/88 481/254/88 10/101/88
f 499/255/89 68/256/89 4/97/89 468/257/89
f 503/258/90 79/259/90 14/77/90 480/260/90
f 513/261/91 487/262/91 486/263/91
f 80/264/92 519/265/92 465/266/92 3/35/92
f 497/267/93 67/268/93 16/114/93 476/269/93
f 518/270/94 75/271/94 12/103/94 484/272/94
f 69/273/95 505/274/95 493/275/95 4/2/95
f 512/276/96 70/277/96 10/85/96 488/278/96
f 73/215/97 69/273/97 4/2/97 6/1/97
f 76/218/98 77/223/98 6/82/98 8/81/98
f 70/277/99 82/240/99 8/86/99 10/85/99
f 75/271/100 72/252/100 10/101/100 12/103/100
f 79/259/101 81/211/101 12/78/101 14/77/101
f 67/268/102 74/249/102 14/120/102 16/114/102
f 78/227/103 71/220/103 16/90/103 2/89/103
f 68/256/104 80/264/104 3/35/104 4/97/104
f 15/279/105 88/280/105 89/281/105 1/282/105
f 13/283/106 87/284/106 88/280/106 15/279/106
f 11/285/107 86/286/107 87/284/107 13/283/107
f 9/287/108 85/288/108 86/286/108 11/285/108
f 7/289/109 84/290/109 85/288/109 9/287/109
f 5/291/110 83/292/110 84/290/110 7/289/110
f 5/196/72 57/189/72 99/293/72 123/294/72
f 92/295/111 90/32/111 17/31/111
f 98/33/112 97/296/112 17/31/112
f 91/30/113 96/297/113 17/31/113
f 96/297/114 94/298/114 17/31/114
f 97/296/115 95/29/115 17/31/115
f 93/299/116 92/295/116 17/31/116
f 20/5/117 124/26/117 100/25/117 102/300/117
f 101/182/118 55/301/118 56/302/118 40/303/118 134/6/118 132/183/118
f 135/304/119 136/305/119 115/306/119 112/307/119
f 137/308/120 138/309/120 119/310/120 110/311/120
f 139/312/121 140/313/121 121/314/121 108/315/121
f 142/316/122 135/304/122 112/307/122 106/317/122
f 143/318/123 137/308/123 110/311/123 104/319/123
f 138/309/124 139/312/124 108/315/124 119/310/124
f 140/313/125 142/316/125 106/317/125 121/314/125
f 141/320/126 143/318/126 104/319/126 117/321/126
f 124/322/127 20/323/127 21/324/127 22/325/127
f 697/326/128 124/322/128 22/325/128 690/327/128 743/328/128
f 123/193/129 122/192/129 83/292/129 5/291/129
f 20/323/130 130/329/130 131/330/130 21/324/130
f 126/141/131 125/140/131 34/115/131 53/118/131 54/108/131 33/110/131
f 127/14/132 128/13/132 37/331/132 47/332/132 48/333/132 36/334/132
f 129/137/133 127/136/133 36/107/133 49/122/133 50/123/133 35/119/133
f 125/139/134 129/138/134 35/335/134 51/336/134 52/337/134 34/338/134
f 131/330/135 130/329/135 40/117/135 41/130/135 42/111/135 39/112/135
f 132/183/136 134/6/136 20/5/136 102/300/136
f 133/132/137 131/131/137 39/339/137 43/340/137 44/341/137 38/342/137
f 128/134/138 133/133/138 38/124/138 45/125/138 46/100/138 37/102/138
f 130/329/139 134/343/139 40/117/139
f 116/142/140 105/93/140 143/318/140 141/320/140
f 120/17/141 107/16/141 142/316/141 140/313/141
f 118/8/142 109/95/142 139/312/142 138/309/142
f 105/93/143 111/9/143 137/308/143 143/318/143
f 107/16/144 113/21/144 135/304/144 142/316/144
f 596/344/145 584/345/145 580/346/145
f 591/347/146 588/348/146 587/349/146
f 602/350/145 599/351/145 598/352/145
f 109/95/147 120/17/147 140/313/147 139/312/147
f 111/9/148 118/8/148 138/309/148 137/308/148
f 113/21/149 114/20/149 136/305/149 135/304/149
f 378/353/150 374/354/150 675/355/150 674/356/150
f 173/357/151 395/358/151 397/359/151 171/360/151
f 171/361/152 397/362/152 391/363/152 169/364/152
f 353/365/153 370/366/153 671/367/153 673/368/153
f 372/369/154 365/370/154 670/371/154 672/372/154
f 163/373/155 390/374/155 392/375/155 161/376/155
f 402/377/156 398/378/156 191/379/156 190/380/156
f 398/381/157 402/382/157 583/383/157 581/384/157 582/385/157
f 157/386/158 155/387/158 364/388/158 373/389/158
f 427/390/159 178/391/159 386/392/159
f 151/393/160 149/394/160 358/395/160 371/396/160
f 595/397/161 405/398/161 191/399/161 585/400/161
f 179/401/162 385/402/162 386/403/162 178/404/162
f 180/405/163 384/406/163 385/407/163 179/408/163
f 380/409/164 384/410/164 414/411/164
f 370/366/165 359/412/165 677/413/165 671/367/165
f 381/414/166 385/415/166 384/410/166 380/409/166
f 382/416/167 386/417/167 385/415/167 381/414/167
f 153/418/168 151/419/168 371/420/168 352/421/168
f 323/422/169 332/423/169 160/424/169
f 722/425/170 450/426/170 430/427/170 718/428/170
f 369/429/171 368/430/171 423/431/171 428/432/171
f 363/433/172 380/409/172 414/411/172 362/434/172
f 366/435/173 381/414/173 380/409/173 363/433/173
f 367/436/174 382/416/174 381/414/174 366/435/174
f 368/437/175 369/438/175 382/416/175 367/436/175
f 700/439/176 363/433/176 362/434/176 699/440/176
f 701/441/177 366/435/177 363/433/177 700/439/177
f 702/442/178 367/436/178 366/435/178 701/441/178
f 357/443/179 450/444/179 356/445/179
f 345/446/72 354/447/72 351/448/72 344/449/72
f 346/450/72 355/451/72 354/447/72 345/446/72
f 177/452/180 58/453/180 400/454/180 303/455/180
f 712/456/181 164/457/181 162/458/181 713/459/181 742/460/181
f 164/457/182 165/461/182 163/462/182 162/458/182
f 711/463/183 166/464/183 164/465/183 712/466/183 741/467/183
f 166/464/184 167/468/184 165/469/184 164/465/184
f 710/470/185 168/471/185 166/472/185 711/473/185 740/474/185
f 168/471/186 169/475/186 167/476/186 166/472/186
f 709/477/187 170/478/187 168/479/187 710/480/187 739/481/187
f 170/478/188 171/361/188 169/364/188 168/479/188
f 708/482/189 172/483/189 170/484/189 709/485/189 738/486/189
f 172/483/190 173/357/190 171/360/190 170/484/190
f 698/487/191 175/488/191 172/489/191 708/490/191 737/491/191
f 175/488/192 174/492/192 173/493/192 172/489/192
f 365/370/193 353/365/193 673/368/193 670/371/193
f 347/494/72 356/495/72 355/451/72 346/450/72
f 376/496/194 361/497/194 668/498/194 666/499/194
f 348/500/72 357/501/72 356/495/72 347/494/72
f 243/502/72 242/503/72 357/501/72 348/500/72
f 158/504/195 157/505/195 373/506/195 360/507/195
f 338/508/72 345/446/72 344/449/72 337/509/72
f 339/510/72 346/450/72 345/446/72 338/508/72
f 340/511/72 347/494/72 346/450/72 339/510/72
f 149/512/196 147/513/196 379/514/196 358/515/196
f 342/516/72 348/500/72 347/494/72 340/511/72
f 245/517/72 243/502/72 348/500/72 342/516/72
f 333/518/72 338/508/72 337/509/72 326/519/72
f 147/520/197 145/521/197 375/522/197 379/523/197
f 225/524/198 147/520/198 189/525/198
f 334/526/72 339/510/72 338/508/72 333/518/72
f 335/527/72 340/511/72 339/510/72 334/526/72
f 336/528/72 342/516/72 340/511/72 335/527/72
f 159/529/199 158/530/199 360/531/199 377/532/199
f 229/533/200 151/393/200 187/534/200
f 247/535/72 245/517/72 342/516/72 336/528/72
f 320/536/72 333/518/72 326/519/72 319/537/72
f 235/538/201 157/505/201 184/539/201
f 321/540/72 334/526/72 333/518/72 320/536/72
f 237/541/202 158/504/202 183/542/202
f 227/543/203 149/394/203 188/544/203
f 322/545/72 335/527/72 334/526/72 321/540/72
f 325/546/72 336/528/72 335/527/72 322/545/72
f 233/547/204 155/548/204 185/549/204
f 144/550/72 247/535/72 336/528/72 325/546/72
f 314/551/205 320/552/205 319/553/205 313/554/205
f 315/555/206 321/556/206 320/552/206 314/551/206
f 316/557/207 322/558/207 321/556/207 315/555/207
f 317/559/208 325/560/208 322/558/208 316/557/208
f 310/561/209 144/562/209 325/560/209 317/559/209
f 704/563/210 314/551/210 313/554/210 703/564/210 736/565/210
f 278/566/211 276/567/211 564/568/211 562/569/211 563/570/211
f 705/571/212 315/555/212 314/551/212 704/563/212 735/572/212
f 361/497/213 372/369/213 672/372/213 668/498/213
f 185/549/214 155/548/214 234/573/214
f 186/574/215 153/575/215 232/576/215
f 187/534/216 151/393/216 230/577/216
f 231/578/217 153/575/217 186/574/217
f 359/412/218 378/353/218 674/356/218 677/413/218
f 176/579/219 145/521/219 224/580/219
f 706/581/220 316/557/220 315/555/220 705/571/220 734/582/220
f 707/583/221 317/559/221 316/557/221 706/581/221 733/584/221
f 698/585/222 310/561/222 317/559/222 707/583/222 732/586/222
f 295/587/223 308/588/223 307/589/223 294/590/223
f 304/591/224 309/592/224 308/593/224 295/594/224
f 305/595/225 311/596/225 309/597/225 304/598/225
f 306/599/226 312/600/226 311/601/226 305/602/226
f 174/492/227 396/603/227 395/604/227 173/493/227
f 189/525/228 147/520/228 226/605/228
f 188/544/229 149/394/229 228/606/229
f 169/475/230 391/607/230 394/608/230 167/476/230
f 167/468/231 394/609/231 393/610/231 165/469/231
f 165/461/232 393/611/232 390/612/232 163/462/232
f 184/539/202 157/505/202 236/613/202
f 183/542/233 158/504/233 238/614/233
f 239/615/234 159/616/234 303/455/234
f 174/617/235 175/618/235 312/619/235 306/620/235
f 290/621/236 295/587/236 294/590/236 288/622/236
f 291/623/237 304/591/237 295/594/237 290/624/237
f 292/625/238 305/595/238 304/598/238 291/626/238
f 293/627/239 306/599/239 305/602/239 292/628/239
f 396/629/240 174/617/240 306/620/240 293/630/240
f 282/631/241 290/624/241 288/632/241 280/633/241
f 147/520/242 225/524/242 224/580/242 145/521/242
f 149/394/243 227/543/243 226/605/243 147/520/243
f 151/393/244 229/533/244 228/606/244 149/394/244
f 153/575/245 231/578/245 230/577/245 151/393/245
f 155/548/246 233/547/246 232/576/246 153/575/246
f 157/505/247 235/538/247 234/573/247 155/548/247
f 158/504/202 237/541/202 236/613/202 157/505/202
f 159/616/248 239/615/248 238/614/248 158/504/248
f 283/634/249 291/626/249 290/621/249 282/635/249
f 284/636/250 292/628/250 291/623/250 283/637/250
f 286/638/251 293/630/251 292/625/251 284/639/251
f 176/640/252 396/603/252 293/627/252 286/641/252
f 256/642/253 296/643/253 576/644/253 559/645/253 560/646/253
f 285/647/254 269/648/254 570/649/254 571/650/254 573/651/254
f 581/652/146 593/653/146 578/654/146
f 253/655/255 289/656/255 575/657/255 557/658/255 558/659/255
f 252/660/256 281/661/256 561/662/256 555/663/256 556/664/256
f 272/665/257 273/666/257 567/667/257 565/668/257 566/669/257
f 287/670/258 268/671/258 568/672/258 569/673/258 574/674/258
f 162/675/259 163/373/259 161/376/259 389/676/259
f 425/677/260 422/678/260 445/679/260 448/680/260
f 178/391/261 427/390/261 444/681/261 446/682/261
f 266/683/262 275/684/262 274/685/262 265/686/262
f 713/687/263 162/675/263 389/676/263 714/688/263 731/689/263
f 161/690/264 392/691/264 400/454/264 349/692/264
f 274/693/265 271/694/265 264/695/265 265/696/265
f 242/503/72 240/697/72 341/698/72 426/699/72
f 259/700/266 264/701/266 263/702/266 258/703/266
f 386/392/267 369/429/267 428/432/267 427/390/267
f 243/502/72 244/704/72 240/697/72 242/503/72
f 260/705/268 265/706/268 264/701/268 259/700/268
f 261/707/269 266/708/269 265/706/269 260/705/269
f 262/709/270 267/710/270 266/708/270 261/707/270
f 245/517/72 246/711/72 244/704/72 243/502/72
f 156/712/72 240/697/72 244/704/72 154/713/72
f 401/714/271 375/715/271 267/710/271 262/709/271
f 247/535/72 248/716/72 246/711/72 245/517/72
f 251/717/272 259/700/272 258/703/272 250/718/272
f 254/719/273 260/705/273 259/700/273 251/717/273
f 144/550/72 146/720/72 248/716/72 247/535/72
f 255/721/274 261/707/274 260/705/274 254/719/274
f 154/713/72 244/704/72 246/711/72 152/722/72
f 152/722/72 246/711/72 248/716/72 150/723/72
f 257/724/275 262/709/275 261/707/275 255/721/275
f 374/354/276 401/714/276 262/709/276 257/724/276
f 146/720/72 148/725/72 150/723/72 248/716/72
f 277/726/277 249/727/277 553/728/277 554/729/277 572/730/277
f 220/731/278 680/732/278 678/733/278 219/734/278
f 561/735/279 281/736/279 159/529/279 524/737/279
f 575/738/280 289/739/280 149/512/280 548/740/280
f 221/741/281 681/742/281 680/743/281 220/744/281
f 559/745/282 527/746/282 526/747/282
f 252/748/283 556/749/283 521/750/283 158/530/283
f 564/751/284 276/752/284 151/393/284 544/753/284
f 222/754/285 679/755/285 681/756/285 221/757/285
f 223/758/286 676/759/286 679/760/286 222/761/286
f 329/762/287 675/763/287 676/764/287 223/765/287
f 272/766/288 566/767/288 533/768/288 153/575/288
f 278/769/289 563/770/289 541/771/289 149/394/289
f 565/772/290 535/773/290 534/774/290
f 567/775/291 273/776/291 155/548/291 536/777/291
f 287/778/292 574/779/292 537/780/292 151/419/292
f 557/781/293 547/782/293 546/783/293
f 553/784/294 249/785/294 147/520/294 552/786/294
f 562/787/295 543/788/295 542/789/295
f 256/790/296 560/791/296 525/792/296 157/505/296
f 571/793/254 531/794/254 530/795/254
f 569/796/297 539/797/297 538/798/297
f 554/799/298 551/800/298 550/801/298
f 215/802/299 220/744/299 219/803/299 214/804/299
f 216/805/300 221/741/300 220/744/300 215/802/300
f 217/806/301 222/761/301 221/741/301 216/805/301
f 218/807/302 223/758/302 222/761/302 217/806/302
f 160/424/303 329/808/303 223/758/303 218/807/303
f 285/809/304 573/810/304 529/811/304 155/387/304
f 576/812/305 296/813/305 158/504/305 528/814/305
f 568/815/306 268/816/306 153/418/306 540/817/306
f 570/818/254 269/819/254 157/386/254 532/820/254
f 253/821/307 558/822/307 545/823/307 147/513/307
f 210/824/308 215/802/308 214/804/308 209/825/308
f 277/826/309 572/827/309 549/828/309 145/521/309
f 211/829/310 216/805/310 215/802/310 210/824/310
f 212/830/311 217/806/311 216/805/311 211/829/311
f 213/831/312 218/807/312 217/806/312 212/830/312
f 331/832/313 160/424/313 218/807/313 213/831/313
f 249/785/314 277/826/314 145/521/314 147/520/314
f 289/739/315 253/821/315 147/513/315 149/512/315
f 276/752/316 278/769/316 149/394/316 151/393/316
f 268/816/317 287/778/317 151/419/317 153/418/317
f 273/776/318 272/766/318 153/575/318 155/548/318
f 269/819/319 285/809/319 155/387/319 157/386/319
f 296/813/282 256/790/282 157/505/282 158/504/282
f 281/736/320 252/748/320 158/530/320 159/529/320
f 341/698/72 240/697/72 156/712/72 387/833/72
f 144/562/321 310/561/321 297/834/321 146/835/321
f 146/835/322 297/834/322 298/836/322 148/837/322
f 148/837/323 298/836/323 299/838/323 150/839/323
f 150/839/324 299/838/324 300/840/324 152/841/324
f 152/841/325 300/840/325 301/842/325 154/843/325
f 154/843/326 301/842/326 302/844/326 156/845/326
f 205/846/327 667/847/327 661/848/327 204/849/327
f 206/850/328 665/851/328 667/847/328 205/846/328
f 207/852/329 663/853/329 665/851/329 206/850/329
f 208/854/330 664/855/330 663/853/330 207/852/330
f 376/496/331 666/499/331 664/855/331 208/854/331
f 328/856/332 324/857/332 160/424/332
f 200/858/333 205/846/333 204/849/333 199/859/333
f 330/860/334 327/861/334 160/424/334
f 318/862/335 328/856/335 160/424/335
f 201/863/336 206/850/336 205/846/336 200/858/336
f 331/832/337 330/860/337 160/424/337
f 202/864/338 207/852/338 206/850/338 201/863/338
f 203/865/339 208/854/339 207/852/339 202/864/339
f 408/866/340 376/496/340 208/854/340 203/865/340
f 195/867/341 200/858/341 199/859/341 194/868/341
f 196/869/342 201/863/342 200/858/342 195/867/342
f 324/857/343 323/422/343 160/424/343
f 332/423/344 329/808/344 160/424/344
f 327/861/345 318/862/345 160/424/345
f 197/870/346 202/864/346 201/863/346 196/869/346
f 198/871/347 203/865/347 202/864/347 197/870/347
f 377/872/348 408/866/348 203/865/348 198/871/348
f 181/873/349 439/874/349 190/875/349 182/876/349
f 178/404/350 446/877/350 177/452/350 193/878/350 192/879/350
f 156/845/351 302/844/351 388/880/351 387/881/351
f 303/455/352 159/616/352 193/878/352 177/452/352
f 403/882/353 404/883/353 373/884/353 364/885/353
f 401/714/354 406/886/354 379/887/354 375/715/354
f 407/888/355 408/866/355 377/872/355 360/889/355
f 409/890/356 410/891/356 371/892/356 358/893/356
f 59/188/72 351/448/72 420/894/72 431/895/72 416/896/72
f 414/411/357 384/410/357 180/897/357 421/898/357
f 411/899/358 403/882/358 364/885/358 352/900/358
f 699/440/359 362/434/359 419/901/359 716/902/359
f 404/883/360 407/888/360 360/889/360 373/884/360
f 406/886/361 409/890/361 358/893/361 379/887/361
f 344/449/72 351/448/72 59/188/72 61/187/72
f 337/509/72 344/449/72 61/187/72 63/195/72
f 410/891/362 411/899/362 352/900/362 371/892/362
f 155/548/363 153/575/363 352/903/363 364/904/363
f 326/519/72 337/509/72 63/195/72 65/199/72
f 319/537/72 326/519/72 65/199/72 1/201/72
f 313/554/364 319/553/364 1/282/364 89/281/364
f 703/564/365 313/554/365 89/281/365 689/905/365 730/906/365
f 389/907/366 161/690/366 349/692/366 343/908/366
f 714/909/367 389/907/367 343/908/367 720/910/367 729/911/367
f 387/881/368 388/880/368 350/912/368 341/913/368
f 394/608/369 391/607/369 187/534/369 230/577/369 231/578/369 186/574/369
f 393/610/370 394/609/370 186/914/370 232/915/370 233/916/370 185/917/370
f 392/375/371 390/374/371 184/918/371 236/919/371 237/920/371 183/921/371
f 390/612/372 393/611/372 185/549/372 234/573/372 235/538/372 184/539/372
f 294/922/373 307/923/373 19/924/373 18/925/373
f 397/359/374 395/358/374 189/525/374 226/605/374 227/543/374 188/544/374
f 395/604/375 396/603/375 176/640/375 224/926/375 225/927/375 189/928/375
f 391/363/376 397/362/376 188/929/376 228/930/376 229/931/376 187/932/376
f 288/632/377 294/922/377 18/925/377 126/933/377
f 280/934/378 288/622/378 126/141/378 33/110/378
f 258/703/379 263/702/379 115/306/379 136/305/379
f 250/718/380 258/703/380 136/305/380 114/20/380
f 219/803/381 678/935/381 688/936/381 93/299/381
f 400/454/382 392/691/382 183/542/382 238/614/382 239/615/382 303/455/382
f 214/804/383 219/803/383 93/299/383 17/31/383
f 370/366/384 353/365/384 411/899/384 410/891/384
f 209/825/385 214/804/385 17/31/385 94/298/385
f 378/353/386 359/412/386 409/890/386 406/886/386
f 372/369/387 361/497/387 407/888/387 404/883/387
f 353/365/388 365/370/388 403/882/388 411/899/388
f 204/849/389 661/848/389 669/143/389 116/142/389
f 199/859/390 204/849/390 116/142/390 141/320/390
f 359/412/391 370/366/391 410/891/391 409/890/391
f 361/497/392 376/496/392 408/866/392 407/888/392
f 374/354/393 378/353/393 406/886/393 401/714/393
f 194/868/394 199/859/394 141/320/394 117/321/394
f 365/370/395 372/369/395 404/883/395 403/882/395
f 438/937/396 405/938/396 595/939/396 596/940/396 604/941/396
f 413/942/157 412/943/157 590/944/157 591/945/157 592/946/157
f 590/947/397 412/948/397 3/949/397 589/950/397
f 413/951/398 592/952/398 586/953/398 182/954/398
f 412/948/399 413/951/399 182/954/399 3/949/399
f 182/954/400 194/955/400 117/956/400 3/949/400
f 101/182/401 181/185/401 182/954/401 3/949/401
f 416/957/402 383/958/402 103/191/402 99/190/402
f 398/378/403 582/959/403 577/960/403 191/379/403
f 583/961/404 402/377/404 190/380/404 594/962/404
f 100/963/405 415/964/405 418/965/405 102/966/405
f 418/965/406 417/967/406 132/968/406 102/966/406
f 420/969/407 241/970/407 435/971/407 431/972/407
f 421/973/408 180/974/408 433/975/408 434/976/408
f 719/977/409 435/971/409 241/970/409 716/978/409 728/979/409
f 57/189/72 59/188/72 416/896/72 99/293/72
f 362/434/410 414/411/410 421/898/410 419/901/410
f 422/678/411 58/453/411 444/980/411 445/679/411
f 369/438/412 386/417/412 382/416/412
f 386/392/413 60/981/413 399/982/413
f 349/983/414 400/984/414 58/985/414 422/986/414
f 426/987/415 429/988/415 447/989/415 449/990/415
f 341/913/416 350/912/416 429/988/416 426/987/416
f 425/991/417 343/992/417 349/983/417 422/986/417
f 357/501/72 242/503/72 426/699/72 449/993/72 424/994/72
f 715/995/418 727/996/418 719/997/418 432/998/418 415/999/418
f 696/1000/419 726/1001/419 715/1002/419 415/964/419 100/963/419
f 717/1003/420 725/1004/420 720/1005/420 343/992/420 425/991/420
f 718/1006/421 724/1007/421 721/1008/421 448/1009/421 423/431/421
f 419/1010/422 421/973/422 434/976/422 432/1011/422
f 431/972/423 435/971/423 383/958/423 416/957/423
f 432/998/424 434/1012/424 418/1013/424 415/999/424
f 434/1012/425 433/1014/425 417/184/425 418/1013/425
f 609/1015/426 614/1016/426 606/1017/426
f 437/1018/427 436/1019/427 601/1020/427 602/1021/427 603/1022/427
f 601/1023/428 436/1024/428 182/876/428 600/1025/428
f 437/1026/429 603/1027/429 597/1028/429 190/875/429
f 436/1024/430 437/1026/430 190/875/430 182/876/430
f 190/875/431 195/1029/431 194/1030/431 182/876/431
f 180/974/432 439/874/432 433/975/432
f 438/1031/433 604/1032/433 579/1033/433 192/879/433
f 405/398/434 438/1031/434 192/879/434 191/399/434
f 191/379/435 196/1034/435 195/1035/435 190/380/435
f 192/879/436 197/1036/436 196/1037/436 191/399/436
f 178/404/437 192/879/437 191/1038/437 179/401/437
f 190/875/438 180/974/438 179/401/438 191/1038/438
f 190/875/439 439/874/439 180/974/439
f 433/1014/440 439/1039/440 181/185/440 417/184/440
f 443/1040/441 618/1041/441 607/1042/441 159/616/441
f 443/1043/442 442/1044/442 616/1045/442 617/1046/442 618/1047/442
f 624/1048/443 621/1049/443 620/1050/443
f 441/1051/444 440/1052/444 193/1053/444 192/1054/444
f 617/1055/445 612/1056/445 608/1057/445
f 616/1058/446 442/1059/446 193/878/446 613/1060/446
f 440/1052/447 610/1061/447 605/1062/447 193/1053/447
f 611/1063/448 441/1051/448 192/1054/448 615/1064/448
f 440/1065/449 441/1066/449 611/1067/449 609/1068/449 610/1069/449
f 442/1059/450 443/1040/450 159/616/450 193/878/450
f 193/1053/451 198/1070/451 197/1071/451 192/1054/451
f 159/616/452 377/1072/452 198/1073/452 193/878/452
f 445/1074/453 444/681/453 427/390/453 428/432/453
f 446/682/454 444/681/454 58/985/454 177/1075/454
f 449/990/455 447/989/455 430/427/455 424/1076/455
f 721/1077/456 447/989/456 429/988/456 717/1078/456 723/1079/456
f 448/1009/457 445/1074/457 428/432/457 423/431/457
f 430/427/458 450/426/458 357/1080/458 424/1076/458
f 702/442/459 722/1081/459 368/437/459 367/436/459
f 145/1082/460 279/1083/460 267/1084/460 375/1085/460
f 452/1086/461 145/521/461 176/579/461
f 286/641/462 279/1083/462 451/1087/462
f 631/1088/463 628/1089/463 627/1090/463
f 454/1091/464 453/1092/464 623/1093/464 624/1094/464 625/1095/464
f 623/1096/465 453/1097/465 145/1082/465 622/1098/465
f 454/1099/466 625/1100/466 619/1101/466 279/1083/466
f 453/1097/467 454/1099/467 279/1083/467 145/1082/467
f 284/636/468 283/637/468 274/685/468 275/684/468
f 638/1102/469 635/1103/469 634/1104/469
f 456/1105/470 455/1106/470 630/1107/470 631/1108/470 632/1109/470
f 630/1110/471 455/1111/471 275/684/471 629/1112/471
f 456/1113/472 632/1114/472 626/1115/472 274/685/472
f 455/1111/473 456/1113/473 274/685/473 275/684/473
f 264/1116/474 271/1117/474 270/1118/474 263/1119/474
f 282/631/475 280/633/475 270/1118/475 271/1117/475
f 645/1120/476 642/1121/476 641/1122/476
f 458/1123/477 457/1124/477 637/1125/477 638/1126/477 639/1127/477
f 637/1128/478 457/1129/478 271/1117/478 636/1130/478
f 458/1131/479 639/1132/479 633/1133/479 270/1118/479
f 457/1129/480 458/1131/480 270/1118/480 271/1117/480
f 279/1134/481 275/1135/481 266/1136/481 267/1137/481
f 279/1134/482 286/638/482 284/639/482 275/1135/482
f 462/1138/483 653/1139/483 647/1140/483 271/694/483
f 460/1141/484 459/1142/484 644/1143/484 645/1144/484 646/1145/484
f 644/1146/485 459/1147/485 279/1134/485 643/1148/485
f 460/1149/486 646/1150/486 640/1151/486 275/1135/486
f 459/1147/487 460/1149/487 275/1135/487 279/1134/487
f 274/693/488 283/634/488 282/635/488 271/694/488
f 464/1152/489 660/1153/489 654/1154/489 2/109/489
f 462/1155/484 461/1156/484 651/1157/484 652/1158/484 653/1159/484
f 652/1160/476 649/1161/476 648/1162/476
f 651/1163/490 461/1164/490 274/693/490 650/1165/490
f 461/1164/491 462/1138/491 271/694/491 274/693/491
f 270/1166/492 2/109/492 115/1167/492 263/1168/492
f 270/1166/493 280/934/493 33/110/493 2/109/493
f 464/1169/494 463/1170/494 658/1171/494 659/1172/494 660/1173/494
f 659/1174/495 656/1175/495 655/1176/495
f 658/1177/496 463/1178/496 270/1166/496 657/1179/496
f 463/1178/497 464/1152/497 2/109/497 270/1166/497
f 475/238/498 498/237/498 497/267/498 476/269/498
f 467/1180/499 500/1181/499 499/255/499 468/257/499
f 477/213/500 502/212/500 501/205/500 478/207/500
f 503/258/501 480/260/501 479/206/501 501/205/501
f 504/243/502 494/245/502 493/275/502 505/274/502
f 489/225/503 507/224/503 506/246/503 490/248/503
f 508/217/504 492/219/504 491/247/504 506/246/504
f 469/222/505 510/221/505 509/208/505 470/210/505
f 511/226/506 472/228/506 471/209/506 509/208/506
f 487/262/507 513/261/507 512/276/507 488/278/507
f 514/229/508 482/231/508 481/254/508 515/253/508
f 495/244/509 504/243/509 516/214/509 496/216/509
f 498/237/510 474/239/510 473/251/510 517/250/510
f 483/230/511 514/229/511 518/270/511 484/272/511
f 500/1181/512 466/1182/512 465/266/512 519/265/512
f 513/261/513 486/263/513 485/242/513 520/241/513
f 593/653/514 581/652/514 583/961/514 594/962/514
f 581/652/515 578/654/515 577/960/515 582/959/515
f 551/800/516 554/799/516 553/784/516 552/786/516
f 555/169/517 522/171/517 521/750/517 556/749/517
f 557/781/518 546/783/518 545/823/518 558/822/518
f 559/745/519 526/747/519 525/792/519 560/791/519
f 561/735/520 524/737/520 523/170/520 555/169/520
f 541/771/521 563/770/521 562/787/521 542/789/521
f 564/751/522 544/753/522 543/788/522 562/787/522
f 533/768/523 566/767/523 565/772/523 534/774/523
f 567/775/524 536/777/524 535/773/524 565/772/524
f 539/797/525 569/796/525 568/815/525 540/817/525
f 531/794/254 571/793/254 570/818/254 532/820/254
f 554/799/526 550/801/526 549/828/526 572/827/526
f 571/793/254 530/795/254 529/811/254 573/810/254
f 569/796/527 538/798/527 537/780/527 574/779/527
f 547/782/528 557/781/528 575/738/528 548/740/528
f 527/746/529 559/745/529 576/812/529 528/814/529
f 584/345/530 596/344/530 595/397/530 585/400/530
f 588/348/531 591/347/531 590/947/531 589/950/531
f 591/347/532 587/349/532 586/953/532 592/952/532
f 596/344/533 580/346/533 579/1033/533 604/1032/533
f 599/351/534 602/350/534 601/1023/534 600/1025/534
f 602/350/535 598/352/535 597/1028/535 603/1027/535
f 614/1016/536 609/1015/536 611/1063/536 615/1064/536
f 609/1015/537 606/1017/537 605/1062/537 610/1061/537
f 612/1056/538 617/1055/538 616/1058/538 613/1060/538
f 617/1055/539 608/1057/539 607/1042/539 618/1041/539
f 621/1049/540 624/1048/540 623/1096/540 622/1098/540
f 624/1048/541 620/1050/541 619/1101/541 625/1100/541
f 628/1089/542 631/1088/542 630/1110/542 629/1112/542
f 631/1088/543 627/1090/543 626/1115/543 632/1114/543
f 635/1103/544 638/1102/544 637/1128/544 636/1130/544
f 638/1102/545 634/1104/545 633/1133/545 639/1132/545
f 642/1121/546 645/1120/546 644/1146/546 643/1148/546
f 645/1120/547 641/1122/547 640/1151/547 646/1150/547
f 649/1161/548 652/1160/548 651/1163/548 650/1165/548
f 652/1160/549 648/1162/549 647/1140/549 653/1139/549
f 656/1175/550 659/1174/550 658/1177/550 657/1179/550
f 659/1174/551 655/1176/551 654/1154/551 660/1153/551
f 500/1181/552 467/1180/552 466/1182/552
f 669/1183/553 661/1184/553 209/1185/553 94/1186/553
f 663/1187/554 664/1188/554 213/1189/554 212/1190/554
f 661/1191/555 667/1192/555 210/824/555 209/825/555
f 664/1193/556 666/1194/556 331/832/556 213/831/556
f 667/1195/557 665/1196/557 211/1197/557 210/1198/557
f 666/1199/558 668/1200/558 330/1201/558 331/1202/558
f 662/1203/559 669/1204/559 94/298/559 96/297/559
f 665/1205/560 663/1206/560 212/830/560 211/829/560
f 668/1207/561 672/1208/561 327/861/561 330/860/561
f 673/1209/153 671/1210/153 324/1211/153 328/1212/153
f 672/1213/562 670/1214/562 318/1215/562 327/1216/562
f 670/1217/193 673/1218/193 328/856/193 318/862/193
f 671/1219/563 677/1220/563 323/422/563 324/857/563
f 679/1221/564 676/1222/564 257/724/564 255/721/564
f 676/1222/565 675/355/565 374/354/565 257/724/565
f 677/1223/566 674/1224/566 332/1225/566 323/1226/566
f 680/1227/567 681/1228/567 254/719/567 251/717/567
f 674/1229/568 675/1230/568 329/808/568 332/423/568
f 678/1231/569 680/1227/569 251/717/569 250/718/569
f 681/1228/570 679/1221/570 255/721/570 254/719/570
f 684/1232/571 682/1233/571 98/1234/571 90/1235/571
f 682/1236/29 685/1237/29 97/296/29 98/33/29
f 685/1238/572 683/1239/572 95/1240/572 97/1241/572
f 688/1242/573 687/1243/573 92/1244/573 93/1245/573
f 683/1246/574 686/1247/574 91/30/574 95/29/574
f 687/1248/575 684/1249/575 90/32/575 92/295/575
f 688/23/576 678/1231/576 250/718/576 114/20/576
f 686/1250/577 662/1251/577 96/1252/577 91/1253/577
f 356/445/578 450/444/578 722/1081/578 702/442/578
f 448/680/579 721/1254/579 723/1255/579 717/1256/579 425/677/579
f 430/427/580 447/989/580 721/1077/580 724/1257/580 718/428/580
f 429/988/581 350/912/581 720/1258/581 725/1259/581 717/1078/581
f 103/191/582 383/958/582 715/1260/582 726/1261/582 696/1262/582
f 383/958/583 435/971/583 719/977/583 727/1263/583 715/1260/583
f 432/1011/584 719/1264/584 728/1265/584 716/1266/584 419/1010/584
f 388/880/585 714/1267/585 729/1268/585 720/1258/585 350/912/585
f 307/923/586 703/1269/586 730/1270/586 689/1271/586 19/924/586
f 351/1272/587 699/1273/587 716/978/587 241/970/587 420/969/587
f 302/844/588 713/1274/588 731/1275/588 714/1267/588 388/880/588
f 175/618/589 698/1276/589 732/1277/589 707/1278/589 312/619/589
f 312/600/590 707/1279/590 733/1280/590 706/1281/590 311/601/590
f 311/596/591 706/1282/591 734/1283/591 705/1284/591 309/597/591
f 309/592/592 705/1285/592 735/1286/592 704/1287/592 308/593/592
f 308/588/593 704/1288/593 736/1289/593 703/1290/593 307/589/593
f 310/561/594 698/585/594 737/1291/594 708/1292/594 297/834/594
f 297/834/595 708/1292/595 738/1293/595 709/1294/595 298/836/595
f 298/836/596 709/1294/596 739/1295/596 710/1296/596 299/838/596
f 299/838/597 710/1296/597 740/1297/597 711/1298/597 300/840/597
f 300/840/598 711/1298/598 741/1299/598 712/1300/598 301/842/598
f 301/842/599 712/1300/599 742/1301/599 713/1274/599 302/844/599
f 356/445/600 702/442/600 701/441/600 355/1302/600
f 355/1302/601 701/441/601 700/439/601 354/1303/601
f 354/1303/602 700/439/602 699/440/602 351/1304/602
f 368/430/603 722/1305/603 718/1006/603 423/431/603
f 122/192/604 697/1306/604 743/1307/604 690/1308/604 83/292/604
f 88/280/605 695/1309/605 744/1310/605 689/905/605 89/281/605
f 87/284/606 694/1311/606 745/1312/606 695/1309/606 88/280/606
f 86/286/607 693/1313/607 746/1314/607 694/1311/607 87/284/607
f 85/288/608 692/1315/608 747/1316/608 693/1313/608 86/286/608
f 84/290/609 691/1317/609 748/1318/609 692/1315/609 85/288/609
f 83/292/610 690/1308/610 749/1319/610 691/1317/610 84/290/610
f 103/191/611 696/1262/611 750/1320/611 697/1306/611 122/192/611
f 796/1321/612 860/1322/612 863/1323/612 753/1324/612
f 753/1324/613 863/1323/613 866/1325/613 754/1326/613
f 797/1327/614 856/1328/614 866/1329/614 752/1330/614
f 775/1331/615 859/1332/615 853/1333/615 776/1334/615
f 756/1335/616 758/1336/616 869/1337/616 853/1338/616
f 757/1339/617 849/1340/617 869/1337/617 758/1336/617
f 778/1341/618 849/1342/618 859/1332/618 775/1331/618
f 758/1336/619 756/1335/619 755/1343/619 757/1339/619
f 779/1344/620 852/1345/620 861/1346/620 780/1347/620
f 780/1347/621 861/1346/621 847/1348/621 781/1349/621
f 761/1350/622 862/1351/622 847/1352/622 762/1353/622
f 761/1350/623 759/1354/623 852/1355/623 862/1351/623
f 762/1353/624 760/1356/624 759/1354/624 761/1350/624
f 783/1357/625 868/1358/625 865/1359/625 784/1360/625
f 766/1361/626 851/1362/626 865/1363/626 764/1364/626
f 766/1361/627 765/1365/627 855/1366/627 851/1362/627
f 786/1367/628 855/1368/628 868/1358/628 783/1357/628
f 766/1361/629 764/1364/629 763/1369/629 765/1365/629
f 787/1370/630 858/1371/630 864/1372/630 788/1373/630
f 770/1374/631 867/1375/631 864/1376/631 768/1377/631
f 770/1374/632 769/1378/632 848/1379/632 867/1375/632
f 790/1380/633 848/1381/633 858/1371/633 787/1370/633
f 770/1374/634 768/1377/634 767/1382/634 769/1378/634
f 772/1383/635 854/1384/635 850/1385/635 771/1386/635
f 772/1383/636 774/1387/636 857/1388/636 854/1384/636
f 793/1389/637 857/1390/637 870/1391/637 794/1392/637
f 773/1393/638 771/1386/638 850/1385/638 870/1394/638
f 774/1387/639 772/1383/639 771/1386/639 773/1393/639
f 776/1334/72 777/1395/72 778/1341/72 775/1331/72
f 780/1347/72 781/1349/72 782/1396/72 779/1344/72
f 791/1397/72 792/1398/72 793/1389/72 794/1392/72
f 787/1370/72 788/1373/72 789/1399/72 790/1380/72
f 783/1357/72 784/1360/72 785/1400/72 786/1367/72
f 753/1324/72 754/1326/72 798/1401/72 796/1321/72
f 752/1330/640 751/1402/640 795/1403/640 797/1327/640
f 800/1404/641 804/1405/641 803/1406/641 799/1407/641
f 800/1404/642 802/1408/642 805/1409/642 804/1405/642
f 805/1409/643 802/1408/643 801/1410/643 806/1411/643
f 801/1410/644 799/1407/644 803/1406/644 806/1411/644
f 802/1408/645 800/1404/645 799/1407/645 801/1410/645
f 803/1406/646 804/1405/646 805/1409/646 806/1411/646
f 808/1412/647 812/1413/647 811/1414/647 807/1415/647
f 808/1412/648 810/1416/648 813/1417/648 812/1413/648
f 813/1417/649 810/1416/649 809/1418/649 814/1419/649
f 809/1418/650 807/1415/650 811/1414/650 814/1419/650
f 810/1416/651 808/1412/651 807/1415/651 809/1418/651
f 811/1414/652 812/1413/652 813/1417/652 814/1419/652
f 816/1420/653 820/1421/653 819/1422/653 815/1423/653
f 816/1420/654 818/1424/654 821/1425/654 820/1421/654
f 821/1425/655 818/1424/655 817/1426/655 822/1427/655
f 817/1426/656 815/1423/656 819/1422/656 822/1427/656
f 818/1424/657 816/1420/657 815/1423/657 817/1426/657
f 819/1422/658 820/1421/658 821/1425/658 822/1427/658
f 824/1428/659 828/1429/659 827/1430/659 823/1431/659
f 824/1428/660 826/1432/660 829/1433/660 828/1429/660
f 829/1433/661 826/1432/661 825/1434/661 830/1435/661
f 825/1434/662 823/1431/662 827/1430/662 830/1435/662
f 826/1432/663 824/1428/663 823/1431/663 825/1434/663
f 827/1430/664 828/1429/664 829/1433/664 830/1435/664
f 832/1436/665 836/1437/665 835/1438/665 831/1439/665
f 832/1436/666 834/1440/666 837/1441/666 836/1437/666
f 837/1441/667 834/1440/667 833/1442/667 838/1443/667
f 833/1442/668 831/1439/668 835/1438/668 838/1443/668
f 834/1440/669 832/1436/669 831/1439/669 833/1442/669
f 835/1438/670 836/1437/670 837/1441/670 838/1443/670
f 840/1444/671 844/1445/671 843/1446/671 839/1447/671
f 840/1444/672 842/1448/672 845/1449/672 844/1445/672
f 845/1449/673 842/1448/673 841/1450/673 846/1451/673
f 842/1448/674 840/1444/674 839/1447/674 841/1450/674
f 843/1446/675 844/1445/675 845/1449/675 846/1451/675
f 847/1348/676 862/1452/676 782/1396/676 781/1349/676
f 865/1359/677 851/1453/677 785/1400/677 784/1360/677
f 868/1454/678 855/1366/678 765/1365/678 763/1369/678
f 864/1376/679 858/1455/679 767/1382/679 768/1377/679
f 867/1456/680 848/1381/680 790/1380/680 789/1399/680
f 854/1457/681 857/1390/681 793/1389/681 792/1398/681
f 870/1391/682 850/1458/682 791/1397/682 794/1392/682
f 866/1329/683 863/1459/683 751/1402/683 752/1330/683
f 853/1338/684 859/1460/684 755/1343/684 756/1335/684
f 869/1461/685 849/1342/685 778/1341/685 777/1395/685
f 847/1352/686 861/1462/686 760/1356/686 762/1353/686
f 862/1452/687 852/1345/687 779/1344/687 782/1396/687
f 865/1363/688 868/1454/688 763/1369/688 764/1364/688
f 851/1453/689 855/1368/689 786/1367/689 785/1400/689
f 864/1372/690 867/1456/690 789/1399/690 788/1373/690
f 858/1455/691 848/1379/691 769/1378/691 767/1382/691
f 850/1458/692 854/1457/692 792/1398/692 791/1397/692
f 870/1394/693 857/1388/693 774/1387/693 773/1393/693
f 863/1459/694 860/1463/694 795/1403/694 751/1402/694
f 866/1325/695 856/1464/695 798/1401/695 754/1326/695
f 853/1333/696 869/1461/696 777/1395/696 776/1334/696
f 859/1460/697 849/1340/697 757/1339/697 755/1343/697
f 861/1462/698 852/1355/698 759/1354/698 760/1356/698
f 796/1321/699 873/1465/699 973/1466/699 860/1322/699
f 873/1465/700 874/1467/700 976/1468/700 973/1466/700
f 797/1327/701 872/1469/701 976/1470/701 856/1328/701
f 895/1471/702 896/1472/702 965/1473/702 970/1474/702
f 876/1475/703 965/1476/703 979/1477/703 878/1478/703
f 877/1479/704 878/1478/704 979/1477/704 961/1480/704
f 898/1481/705 895/1471/705 970/1474/705 961/1482/705
f 878/1478/706 877/1479/706 875/1483/706 876/1475/706
f 899/1484/707 900/1485/707 971/1486/707 964/1487/707
f 900/1485/708 901/1488/708 959/1489/708 971/1486/708
f 881/1490/709 882/1491/709 959/1492/709 972/1493/709
f 881/1490/710 972/1493/710 964/1494/710 879/1495/710
f 882/1491/711 881/1490/711 879/1495/711 880/1496/711
f 903/1497/712 904/1498/712 975/1499/712 978/1500/712
f 886/1501/626 884/1502/626 975/1503/626 963/1504/626
f 886/1501/713 963/1504/713 967/1505/713 885/1506/713
f 906/1507/714 903/1497/714 978/1500/714 967/1508/714
f 886/1501/715 885/1506/715 883/1509/715 884/1502/715
f 907/1510/716 908/1511/716 974/1512/716 969/1513/716
f 890/1514/717 888/1515/717 974/1516/717 977/1517/717
f 890/1514/718 977/1517/718 960/1518/718 889/1519/718
f 910/1520/719 907/1510/719 969/1513/719 960/1521/719
f 890/1514/720 889/1519/720 887/1522/720 888/1515/720
f 892/1523/721 891/1524/721 962/1525/721 966/1526/721
f 892/1523/722 966/1526/722 968/1527/722 894/1528/722
f 913/1529/723 914/1530/723 980/1531/723 968/1532/723
f 893/1533/724 980/1534/724 962/1525/724 891/1524/724
f 894/1528/725 893/1533/725 891/1524/725 892/1523/725
f 896/1472/72 895/1471/72 898/1481/72 897/1535/72
f 900/1485/72 899/1484/72 902/1536/72 901/1488/72
f 911/1537/72 914/1530/72 913/1529/72 912/1538/72
f 907/1510/72 910/1520/72 909/1539/72 908/1511/72
f 903/1497/72 906/1507/72 905/1540/72 904/1498/72
f 873/1465/72 796/1321/72 798/1401/72 874/1467/72
f 872/1469/726 797/1327/726 795/1403/726 871/1541/726
f 916/1542/727 915/1543/727 919/1544/727 920/1545/727
f 916/1542/728 920/1545/728 921/1546/728 918/1547/728
f 921/1546/729 922/1548/729 917/1549/729 918/1547/729
f 917/1549/730 922/1548/730 919/1544/730 915/1543/730
f 918/1547/731 917/1549/731 915/1543/731 916/1542/731
f 919/1544/646 922/1548/646 921/1546/646 920/1545/646
f 924/1550/732 923/1551/732 927/1552/732 928/1553/732
f 924/1550/733 928/1553/733 929/1554/733 926/1555/733
f 929/1554/734 930/1556/734 925/1557/734 926/1555/734
f 925/1557/735 930/1556/735 927/1552/735 923/1551/735
f 926/1555/736 925/1557/736 923/1551/736 924/1550/736
f 927/1552/737 930/1556/737 929/1554/737 928/1553/737
f 932/1558/738 931/1559/738 935/1560/738 936/1561/738
f 932/1558/739 936/1561/739 937/1562/739 934/1563/739
f 937/1562/740 938/1564/740 933/1565/740 934/1563/740
f 933/1565/741 938/1564/741 935/1560/741 931/1559/741
f 934/1563/742 933/1565/742 931/1559/742 932/1558/742
f 935/1560/743 938/1564/743 937/1562/743 936/1561/743
f 940/1566/744 939/1567/744 943/1568/744 944/1569/744
f 940/1566/745 944/1569/745 945/1570/745 942/1571/745
f 945/1570/746 946/1572/746 941/1573/746 942/1571/746
f 941/1573/747 946/1572/747 943/1568/747 939/1567/747
f 942/1571/748 941/1573/748 939/1567/748 940/1566/748
f 943/1568/749 946/1572/749 945/1570/749 944/1569/749
f 948/1574/750 947/1575/750 951/1576/750 952/1577/750
f 948/1574/751 952/1577/751 953/1578/751 950/1579/751
f 953/1578/752 954/1580/752 949/1581/752 950/1579/752
f 949/1581/753 954/1580/753 951/1576/753 947/1575/753
f 950/1579/754 949/1581/754 947/1575/754 948/1574/754
f 951/1576/755 954/1580/755 953/1578/755 952/1577/755
f 955/1582/756 839/1447/756 843/1446/756 957/1583/756
f 955/1582/757 957/1583/757 958/1584/757 956/1585/757
f 958/1584/758 846/1451/758 841/1450/758 956/1585/758
f 956/1585/759 841/1450/759 839/1447/759 955/1582/759
f 843/1446/760 846/1451/760 958/1584/760 957/1583/760
f 959/1489/761 901/1488/761 902/1536/761 972/1586/761
f 975/1499/762 904/1498/762 905/1540/762 963/1587/762
f 978/1588/678 883/1509/678 885/1506/678 967/1505/678
f 974/1516/763 888/1515/763 887/1522/763 969/1589/763
f 977/1590/764 909/1539/764 910/1520/764 960/1521/764
f 966/1591/765 912/1538/765 913/1529/765 968/1532/765
f 980/1531/766 914/1530/766 911/1537/766 962/1592/766
f 976/1470/767 872/1469/767 871/1541/767 973/1593/767
f 965/1476/768 876/1475/768 875/1483/768 970/1594/768
f 979/1595/769 897/1535/769 898/1481/769 961/1482/769
f 959/1492/770 882/1491/770 880/1496/770 971/1596/770
f 972/1586/771 902/1536/771 899/1484/771 964/1487/771
f 975/1503/772 884/1502/772 883/1509/772 978/1588/772
f 963/1587/773 905/1540/773 906/1507/773 967/1508/773
f 974/1512/774 908/1511/774 909/1539/774 977/1590/774
f 969/1589/775 887/1522/775 889/1519/775 960/1518/775
f 962/1592/776 911/1537/776 912/1538/776 966/1591/776
f 980/1534/777 893/1533/777 894/1528/777 968/1527/777
f 973/1593/778 871/1541/778 795/1403/778 860/1463/778
f 976/1468/779 874/1467/779 798/1401/779 856/1464/779
f 965/1473/780 896/1472/780 897/1535/780 979/1595/780
f 970/1594/781 875/1483/781 877/1479/781 961/1480/781
f 971/1596/782 880/1496/782 879/1495/782 964/1494/782
f 1005/1597/783 1076/1598/783 1078/1599/783 1006/1600/783
f 1006/1600/784 1078/1599/784 1094/1601/784 1007/1602/784
f 1007/1602/785 1094/1601/785 1085/1603/785 1008/1604/785
f 1008/1604/786 1085/1603/786 1076/1598/786 1005/1597/786
f 984/1605/715 982/1606/715 981/1607/715 983/1608/715
f 1009/1609/787 1103/1610/787 1080/1611/787 1010/1612/787
f 1010/1612/788 1080/1611/788 1099/1613/788 1011/1614/788
f 987/1615/789 1091/1616/789 1099/1617/789 988/1618/789
f 1012/1619/790 1091/1620/790 1103/1610/790 1009/1609/790
f 988/1618/791 986/1621/791 985/1622/791 987/1615/791
f 1013/1623/792 1105/1624/792 1077/1625/792 1014/1626/792
f 990/1627/793 992/1628/793 1073/1629/793 1077/1630/793
f 991/1631/794 1083/1632/794 1073/1629/794 992/1628/794
f 1016/1633/795 1083/1634/795 1105/1624/795 1013/1623/795
f 992/1628/796 990/1627/796 989/1635/796 991/1631/796
f 1017/1636/797 1090/1637/797 1097/1638/797 1018/1639/797
f 1018/1639/798 1097/1638/798 1069/1640/798 1019/1641/798
f 995/1642/799 1074/1643/799 1069/1644/799 996/1645/799
f 995/1642/800 993/1646/800 1090/1647/800 1074/1643/800
f 996/1645/801 994/1648/801 993/1646/801 995/1642/801
f 1021/1649/802 1082/1650/802 1112/1651/802 1022/1652/802
f 1000/1653/803 1101/1654/803 1112/1655/803 998/1656/803
f 1000/1653/804 999/1657/804 1109/1658/804 1101/1654/804
f 1024/1659/805 1109/1660/805 1082/1650/805 1021/1649/805
f 1000/1653/806 998/1656/806 997/1661/806 999/1657/806
f 1002/1662/807 1096/1663/807 1072/1664/807 1001/1665/807
f 1002/1662/808 1004/1666/808 1089/1667/808 1096/1663/808
f 1027/1668/809 1089/1669/809 1106/1670/809 1028/1671/809
f 1003/1672/810 1001/1665/810 1072/1664/810 1106/1673/810
f 1004/1666/811 1002/1662/811 1001/1665/811 1003/1672/811
f 1006/1600/72 1007/1602/72 1008/1604/72 1005/1597/72
f 1010/1612/72 1011/1614/72 1012/1619/72 1009/1609/72
f 1014/1626/72 1015/1674/72 1016/1633/72 1013/1623/72
f 1018/1639/72 1019/1641/72 1020/1675/72 1017/1636/72
f 1025/1676/72 1026/1677/72 1027/1668/72 1028/1671/72
f 1021/1649/72 1022/1652/72 1023/1678/72 1024/1659/72
f 1049/1679/812 1084/1680/812 1107/1681/812 1050/1682/812
f 1030/1683/793 1032/1684/793 1104/1685/793 1107/1686/793
f 1031/1687/794 1111/1688/794 1104/1685/794 1032/1684/794
f 1052/1689/813 1111/1690/813 1084/1680/813 1049/1679/813
f 1032/1684/796 1030/1683/796 1029/1691/796 1031/1687/796
f 1053/1692/814 1075/1693/814 1070/1694/814 1054/1695/814
f 1054/1695/815 1070/1694/815 1087/1696/815 1055/1697/815
f 1035/1698/816 1102/1699/816 1087/1700/816 1036/1701/816
f 1035/1698/808 1033/1702/808 1075/1703/808 1102/1699/808
f 1036/1701/624 1034/1704/624 1033/1702/624 1035/1698/624
f 1057/1705/817 1110/1706/817 1086/1707/817 1058/1708/817
f 1040/1709/626 1081/1710/626 1086/1711/626 1038/1712/626
f 1040/1709/818 1039/1713/818 1092/1714/818 1081/1710/818
f 1060/1715/819 1092/1716/819 1110/1706/819 1057/1705/819
f 1040/1709/629 1038/1712/629 1037/1717/629 1039/1713/629
f 1061/1718/820 1100/1719/820 1093/1720/820 1062/1721/820
f 1044/1722/821 1071/1723/821 1093/1724/821 1042/1725/821
f 1044/1722/822 1043/1726/822 1079/1727/822 1071/1723/822
f 1064/1728/823 1079/1729/823 1100/1719/823 1061/1718/823
f 1044/1722/824 1042/1725/824 1041/1730/824 1043/1726/824
f 1046/1731/825 1098/1732/825 1088/1733/825 1045/1734/825
f 1046/1731/826 1048/1735/826 1108/1736/826 1098/1732/826
f 1067/1737/827 1108/1738/827 1095/1739/827 1068/1740/827
f 1047/1741/828 1045/1734/828 1088/1733/828 1095/1742/828
f 1048/1735/829 1046/1731/829 1045/1734/829 1047/1741/829
f 1050/1682/72 1051/1743/72 1052/1689/72 1049/1679/72
f 1054/1695/72 1055/1697/72 1056/1744/72 1053/1692/72
f 1065/1745/72 1066/1746/72 1067/1737/72 1068/1740/72
f 1061/1718/72 1062/1721/72 1063/1747/72 1064/1728/72
f 1057/1705/72 1058/1708/72 1059/1748/72 1060/1715/72
f 1077/1630/830 1105/1749/830 989/1635/830 990/1627/830
f 1069/1644/831 1097/1750/831 994/1648/831 996/1645/831
f 1101/1751/832 1109/1660/832 1024/1659/832 1023/1678/832
f 1106/1670/833 1072/1752/833 1025/1676/833 1028/1671/833
f 1086/1711/834 1110/1753/834 1037/1717/834 1038/1712/834
f 1093/1720/835 1071/1754/835 1063/1747/835 1062/1721/835
f 1095/1742/836 1108/1736/836 1048/1735/836 1047/1741/836
f 1076/1755/626 1085/1756/626 983/1608/626 981/1607/626
f 1097/1750/837 1090/1647/837 993/1646/837 994/1648/837
f 1112/1651/838 1101/1751/838 1023/1678/838 1022/1652/838
f 1106/1673/839 1089/1667/839 1004/1666/839 1003/1672/839
f 1084/1757/840 1111/1688/840 1031/1687/840 1029/1691/840
f 1093/1724/841 1100/1758/841 1041/1730/841 1042/1725/841
f 1098/1759/842 1108/1738/842 1067/1737/842 1066/1746/842
f 1085/1756/843 1094/1760/843 984/1605/843 983/1608/843
f 1103/1761/821 1091/1616/821 987/1615/821 985/1622/821
f 1112/1655/844 1082/1762/844 997/1661/844 998/1656/844
f 1096/1763/845 1089/1669/845 1027/1668/845 1026/1677/845
f 1104/1764/846 1111/1690/846 1052/1689/846 1051/1743/846
f 1102/1765/847 1075/1693/847 1053/1692/847 1056/1744/847
f 1088/1766/848 1098/1759/848 1066/1746/848 1065/1745/848
f 1094/1760/678 1078/1767/678 982/1606/678 984/1605/678
f 1099/1613/849 1091/1620/849 1012/1619/849 1011/1614/849
f 1105/1749/840 1083/1632/840 991/1631/840 989/1635/840
f 1072/1752/850 1096/1763/850 1026/1677/850 1025/1676/850
f 1107/1681/851 1104/1764/851 1051/1743/851 1050/1682/851
f 1087/1696/852 1102/1765/852 1056/1744/852 1055/1697/852
f 1110/1753/678 1092/1714/678 1039/1713/678 1037/1717/678
f 1078/1767/853 1076/1755/853 981/1607/853 982/1606/853
f 1099/1617/854 1080/1768/854 986/1621/854 988/1618/854
f 1073/1769/855 1083/1634/855 1016/1633/855 1015/1674/855
f 1074/1770/856 1090/1637/856 1017/1636/856 1020/1675/856
f 1107/1686/830 1084/1757/830 1029/1691/830 1030/1683/830
f 1087/1700/810 1070/1771/810 1034/1704/810 1036/1701/810
f 1081/1772/857 1092/1716/857 1060/1715/857 1059/1748/857
f 1100/1758/854 1079/1727/854 1043/1726/854 1041/1730/854
f 1080/1768/858 1103/1761/858 985/1622/858 986/1621/858
f 1077/1625/859 1073/1769/859 1015/1674/859 1014/1626/859
f 1069/1640/860 1074/1770/860 1020/1675/860 1019/1641/860
f 1082/1762/861 1109/1658/861 999/1657/861 997/1661/861
f 1070/1771/862 1075/1703/862 1033/1702/862 1034/1704/862
f 1086/1707/863 1081/1772/863 1059/1748/863 1058/1708/863
f 1071/1754/864 1079/1729/864 1064/1728/864 1063/1747/864
f 1095/1739/865 1088/1766/865 1065/1745/865 1068/1740/865
f 1113/1773/866 1114/1774/866 1116/1775/866 1115/1776/866
f 1115/1776/793 1116/1775/793 1118/1777/793 1117/1778/793
f 1117/1778/867 1118/1777/867 1120/1779/867 1119/1780/867
f 1119/1780/868 1120/1779/868 1122/1781/868 1121/1782/868
f 1116/1775/869 1114/1774/869 1124/1783/869 1122/1781/869 1120/1779/869 1118/1777/869
f 1121/1782/840 1122/1781/840 1124/1783/840 1123/1784/840
f 1123/1784/870 1124/1783/870 1114/1774/870 1113/1773/870
f 1113/1773/72 1115/1776/72 1117/1778/72 1119/1780/72 1121/1782/72 1123/1784/72
f 1125/1785/866 1126/1786/866 1128/1787/866 1127/1788/866
f 1127/1788/793 1128/1787/793 1130/1789/793 1129/1790/793
f 1129/1790/867 1130/1789/867 1132/1791/867 1131/1792/867
f 1131/1792/868 1132/1791/868 1134/1793/868 1133/1794/868
f 1128/1787/869 1126/1786/869 1136/1795/869 1134/1793/869 1132/1791/869 1130/1789/869
f 1133/1794/840 1134/1793/840 1136/1795/840 1135/1796/840
f 1135/1796/870 1136/1795/870 1126/1786/870 1125/1785/870
f 1125/1785/72 1127/1788/72 1129/1790/72 1131/1792/72 1133/1794/72 1135/1796/72
f 1143/1797/871 1139/1798/871 1140/1799/871
f 1142/1800/872 1143/1797/872 1140/1799/872
f 1141/1801/873 1137/1802/873 1143/1803/873 1145/1804/873
f 1137/1802/874 1138/1805/874 1144/1806/874 1143/1803/874
f 1145/1807/875 1143/1808/875 1142/1809/875
f 1143/1808/876 1144/1810/876 1139/1811/876
f 1152/1812/871 1148/1813/871 1149/1814/871
f 1151/1815/872 1152/1812/872 1149/1814/872
f 1150/1816/873 1146/1817/873 1152/1818/873 1154/1819/873
f 1146/1817/874 1147/1820/874 1153/1821/874 1152/1818/874
f 1154/1822/875 1152/1823/875 1151/1824/875
f 1152/1823/876 1153/1825/876 1148/1826/876
o Tent2_Collider_Cylinder.025
v -1.467605 0.000000 1.200000
v -1.198212 1.688430 1.199812
v 1.197729 1.690170 1.200000
v 1.107949 1.690135 1.658780
v 1.126245 0.000000 2.236039
v 0.848355 1.689283 2.044353
v 0.519043 -0.000001 2.573069
v 0.459640 1.688488 2.301062
v 0.000000 0.000000 2.712207
v 0.000321 1.689100 2.395504
v -0.532984 0.000000 2.615607
v -0.459166 1.689278 2.307463
v -1.090031 0.000000 2.344490
v -0.848283 1.689085 2.047723
v -1.398428 0.000000 1.805183
v -1.108312 1.688775 1.658718
v 0.000000 2.833939 1.200000
v -1.240922 0.868884 1.201592
v 1.071125 0.879212 1.769424
v 0.873845 0.877877 2.065304
v 0.466168 0.874767 2.303355
v 0.000536 0.876901 2.441070
v -0.468319 0.874532 2.331048
v -0.884757 0.873242 2.084433
v -1.132160 0.871179 1.668750
v -1.174234 1.650226 1.199786
v -1.085547 1.650675 1.649210
v -0.830865 1.651078 2.030166
v -0.449757 1.651315 2.284412
v 0.000358 1.651178 2.370045
v 0.450276 1.650563 2.277109
v 0.830912 1.651462 2.026192
v 1.085081 1.652448 1.649200
v 1.174624 0.000000 1.768379
v 1.068415 1.628968 -0.399923
v 1.013469 0.065781 2.212088
v 0.512259 0.065750 2.450114
v 0.000000 0.065781 2.692405
v -0.525994 0.065781 2.483790
v -1.057354 0.065781 2.257354
v -1.279058 0.065781 1.726058
v -1.449197 0.065781 1.200000
v 1.381209 0.000000 1.665787
v 1.181568 1.655630 1.199330
v 1.172493 0.881052 1.404047
v 1.315022 0.071593 1.645453
v 0.612791 2.123356 1.454236
v -0.470134 2.122282 1.670357
v 0.000001 2.121301 1.866096
v 0.470135 2.122282 1.670354
v -0.612791 2.123356 1.454236
v -0.655279 2.122166 1.200222
v 0.655279 2.122162 1.200222
v 0.254729 2.121535 1.815075
v -0.254719 2.121558 1.815169
v 1.158511 0.065781 1.971854
v 1.163588 0.000000 1.988171
v -1.467605 0.000000 -1.200000
v -1.198224 1.688430 -1.200188
v -1.392960 0.000000 -1.751591
v -1.108482 1.688103 -1.659130
v -1.101691 0.000000 -2.314527
v -0.848597 1.687844 -2.048239
v -0.538686 0.000000 -2.527000
v -0.459591 1.687691 -2.308276
v -0.000000 0.000000 -2.741220
v -0.000687 1.687669 -2.399653
v 0.593514 0.000000 -2.585521
v 0.458779 1.689668 -2.308051
v 1.036592 0.000000 -2.236039
v 0.847976 1.690170 -2.047976
v 1.107934 1.690170 -1.658921
v 1.198605 1.690170 -1.199364
v -0.000000 2.833939 -1.200000
v 1.058639 0.872033 -1.790541
v 0.872862 0.879698 -2.072745
v 0.463180 0.876251 -2.323603
v -0.003976 0.863816 -2.448336
v -0.471127 0.863964 -2.330613
v -0.886832 0.864979 -2.082112
v -1.133283 0.866707 -1.665790
v -1.240922 0.868884 -1.198408
v -1.174243 1.650226 -1.200214
v 1.176601 1.655598 -0.799181
v 1.173140 1.653996 -0.400670
v 1.173088 1.653953 0.399330
v 1.175289 1.655595 0.799330
v 1.189885 1.687224 0.798909
v 1.085055 1.652508 -1.649445
v 0.830465 1.652508 -2.030465
v 0.449220 1.651706 -2.285228
v -0.000894 1.649235 -2.374985
v -0.450315 1.649264 -2.285466
v -0.831273 1.649462 -2.030775
v -1.085768 1.649800 -1.649685
v 1.187626 1.686288 0.400000
v 1.187651 1.679572 -0.400000
v 1.192360 1.689855 -0.799076
v 0.610065 2.069411 0.800227
v 0.602285 2.030152 0.409067
v 0.609725 2.031582 -0.399773
v 0.628151 2.065403 -0.800497
v 0.000000 2.582188 0.800000
v 0.000000 2.480121 0.400000
v -0.000000 2.480408 -0.400000
v -0.000000 2.582188 -0.800000
v 1.168043 0.000000 -1.768379
v 1.550717 0.065781 0.913819
v -0.633264 2.056592 0.800222
v -0.606951 2.007297 0.400229
v -0.606951 2.005892 -0.399771
v -0.633264 2.056422 -0.799778
v -1.190747 1.688133 0.799812
v -1.188139 1.684654 0.399812
v -1.190547 1.683112 -0.398622
v -1.190758 1.688136 -0.800188
v -1.168247 1.650217 0.799786
v -1.165936 1.648920 0.399786
v -1.166618 1.648497 -0.399777
v -1.168258 1.650217 -0.800214
v -1.239278 0.868884 0.801592
v -1.235945 0.868884 0.401592
v -1.279058 0.065781 -1.726058
v -1.057354 0.065781 -2.257354
v -0.525994 0.065781 -2.483790
v -0.000000 0.065781 -2.692405
v 0.512246 0.065781 -2.450235
v 1.012591 0.065781 -2.212088
v 1.182019 1.655630 -1.199568
v -1.235935 0.868884 -0.398408
v -1.239270 0.868884 -0.798408
v -1.449197 0.065781 -1.200000
v -1.443173 0.065781 0.800000
v -1.432872 0.065781 0.400000
v -1.432872 0.065781 -0.400000
v -1.443173 0.065781 -0.800000
v -1.461540 0.000000 0.800000
v -1.481839 0.000000 0.400000
v -1.543874 0.000000 -0.400000
v -1.554297 0.000000 -0.800000
v 1.378470 0.000000 -1.649228
v 1.200776 0.879643 -1.419638
v 1.305643 0.071671 -1.648975
v 1.413493 0.000000 0.937087
v -0.000000 2.127787 -1.858999
v 1.222417 0.000000 0.400000
v 1.231583 0.000000 -0.400000
v 1.412951 0.000000 -0.900048
v -0.466807 2.126867 -1.666585
v 0.610434 2.125836 -1.452817
v 0.252367 2.127548 -1.809045
v 1.147941 0.877415 -0.625748
v -0.252367 2.127549 -1.809045
v 0.466807 2.126867 -1.666585
v -0.655279 2.122166 -1.199778
v 0.655279 2.122166 -1.199778
v -0.610434 2.125836 -1.452817
v 1.098266 0.864379 0.400248
v 1.100874 0.864379 -0.394711
v 1.436128 0.066966 1.290851
v 1.068605 1.632371 0.399986
v 1.197129 0.000000 -2.021324
v 1.134476 0.065781 -2.003524
v 1.152606 0.864379 0.642782
v 1.442821 0.000000 1.294986
v 1.235927 0.879974 1.010423
v 1.651892 0.000000 0.869580
v 1.284658 0.879698 0.637363
v 1.243647 0.879626 -1.009374
v 1.661294 0.000000 -0.845450
v 1.538189 0.000000 -1.250739
v 1.284609 0.879698 -0.622873
v 1.438620 0.066461 -1.249449
v 1.549210 0.065781 -0.880330
vt 0.095220 0.782645
vt 0.095220 0.782645
vt 0.095220 0.782645
vt 0.095220 0.782646
vt 0.095220 0.782645
vt 0.095220 0.782645
vt 0.095220 0.782645
vt 0.095220 0.782645
vt 0.158427 0.714789
vt 0.158427 0.714788
vt 0.158427 0.714790
vt 0.158427 0.714790
vt 0.158427 0.714789
vt 0.095220 0.782644
vt 0.095220 0.782645
vt 0.095220 0.782645
vt 0.095220 0.782644
vt 0.037863 0.655529
vt 0.037863 0.655530
vt 0.037863 0.655529
vt 0.037863 0.655529
vt 0.095220 0.782645
vt 0.095220 0.782645
vt 0.037863 0.655527
vt 0.037863 0.655528
vt 0.037863 0.655529
vt 0.037863 0.655529
vt 0.095220 0.782645
vt 0.095220 0.782645
vt 0.095220 0.782645
vt 0.095220 0.782645
vt 0.037863 0.655529
vt 0.037863 0.655529
vt 0.037863 0.655529
vt 0.037863 0.655529
vt 0.095220 0.782643
vt 0.095220 0.782645
vt 0.037863 0.655529
vt 0.037863 0.655529
vt 0.037863 0.655529
vt 0.037863 0.655529
vt 0.095220 0.782643
vt 0.095220 0.782643
vt 0.037863 0.655529
vt 0.037863 0.655529
vt 0.158427 0.714790
vt 0.158427 0.714789
vt 0.158427 0.714789
vt 0.158427 0.714789
vt 0.158427 0.714790
vt 0.158427 0.714790
vt 0.158427 0.714790
vt 0.158427 0.714790
vt 0.158427 0.714789
vt 0.158427 0.714789
vt 0.158427 0.714790
vt 0.158427 0.714789
vt 0.158427 0.714789
vt 0.158427 0.714789
vt 0.158427 0.714789
vt 0.158427 0.714789
vt 0.158427 0.714789
vt 0.158427 0.714789
vt 0.723176 0.969105
vt 0.723176 0.969105
vt 0.723176 0.969105
vt 0.723176 0.969105
vt 0.031827 0.403809
vt 0.031827 0.403808
vt 0.031827 0.403808
vt 0.031827 0.403808
vt 0.031827 0.403809
vt 0.031827 0.403808
vt 0.031827 0.403808
vt 0.031827 0.403809
vt 0.031827 0.403808
vt 0.723176 0.969105
vt 0.723176 0.969105
vt 0.723176 0.969105
vt 0.723176 0.969105
vt 0.723176 0.969105
vt 0.723176 0.969105
vt 0.723176 0.969105
vt 0.723176 0.969105
vt 0.723176 0.969105
vt 0.723176 0.969105
vt 0.723176 0.969105
vt 0.723176 0.969105
vt 0.723176 0.969105
vt 0.723176 0.969105
vt 0.031827 0.403809
vt 0.031827 0.403808
vt 0.158427 0.714790
vt 0.158427 0.714789
vt 0.158427 0.714789
vt 0.158427 0.714790
vt 0.158427 0.714789
vt 0.719555 0.963605
vt 0.719555 0.963605
vt 0.719555 0.963605
vt 0.719555 0.963606
vt 0.719555 0.963606
vt 0.719555 0.963606
vt 0.719555 0.963606
vt 0.719555 0.963606
vt 0.719555 0.963606
vt 0.719555 0.963606
vt 0.719555 0.963606
vt 0.719555 0.963606
vt 0.719555 0.963606
vt 0.719555 0.963606
vt 0.719555 0.963606
vt 0.719555 0.963606
vt 0.719555 0.963606
vt 0.719555 0.963606
vt 0.032253 0.653302
vt 0.032253 0.653303
vt 0.032253 0.653303
vt 0.032253 0.653302
vt 0.032253 0.653301
vt 0.032253 0.653302
vt 0.095220 0.782645
vt 0.095220 0.782645
vt 0.037863 0.655529
vt 0.037863 0.655529
vt 0.037863 0.655529
vt 0.037863 0.655529
vt 0.095220 0.782645
vt 0.095220 0.782645
vt 0.095220 0.782645
vt 0.095220 0.782645
vt 0.095220 0.782645
vt 0.095220 0.782645
vt 0.095220 0.782645
vt 0.095220 0.782645
vt 0.153315 0.777425
vt 0.153315 0.777425
vt 0.153316 0.777425
vt 0.158427 0.714790
vt 0.153944 0.778053
vt 0.153871 0.777980
vt 0.153315 0.777426
vt 0.153779 0.777888
vt 0.158427 0.714791
vt 0.158428 0.714792
vt 0.158427 0.714788
vt 0.153315 0.777425
vt 0.153315 0.777425
vt 0.153315 0.777425
vt 0.153361 0.777471
vt 0.037863 0.655529
vt 0.037863 0.655529
vt 0.037863 0.655529
vt 0.037863 0.655528
vt 0.095220 0.782643
vt 0.095220 0.782645
vt 0.095220 0.782645
vt 0.095220 0.782643
vt 0.037863 0.655529
vt 0.037863 0.655529
vt 0.037863 0.655529
vt 0.037863 0.655529
vt 0.095220 0.782645
vt 0.095220 0.782645
vt 0.037863 0.655529
vt 0.037863 0.655529
vt 0.095220 0.782645
vt 0.095220 0.782644
vt 0.095220 0.782645
vt 0.095220 0.782644
vt 0.031827 0.403809
vt 0.031827 0.403808
vt 0.031827 0.403809
vt 0.031827 0.403808
vt 0.031827 0.403808
vt 0.031827 0.403808
vt 0.031827 0.403809
vt 0.031827 0.403809
vt 0.031827 0.403809
vt 0.031827 0.403809
vt 0.723176 0.969105
vt 0.723176 0.969105
vt 0.723176 0.969105
vt 0.723176 0.969105
vt 0.723176 0.969105
vt 0.723176 0.969105
vt 0.723176 0.969105
vt 0.723176 0.969105
vt 0.723176 0.969105
vt 0.723176 0.969105
vt 0.095220 0.782645
vt 0.095220 0.782645
vt 0.037863 0.655529
vt 0.037863 0.655529
vt 0.095220 0.782645
vt 0.095220 0.782645
vt 0.037863 0.655529
vt 0.037863 0.655527
vt 0.056982 0.697902
vt 0.056982 0.697899
vt 0.047422 0.676716
vt 0.047422 0.676715
vt 0.076101 0.740273
vt 0.076101 0.740271
vt 0.085660 0.761459
vt 0.085660 0.761457
vt 0.158427 0.714790
vt 0.158427 0.714789
vt 0.158427 0.714790
vt 0.158427 0.714790
vt 0.158427 0.714790
vt 0.158427 0.714789
vt 0.158427 0.714789
vt 0.158427 0.714789
vt 0.158427 0.714789
vt 0.158427 0.714789
vt 0.158427 0.714789
vt 0.158428 0.714791
vt 0.158427 0.714790
vt 0.158427 0.714789
vt 0.158427 0.714790
vt 0.158428 0.714791
vt 0.158427 0.714790
vt 0.158427 0.714789
vt 0.095220 0.782645
vt 0.095220 0.782645
vt 0.037863 0.655529
vt 0.037863 0.655529
vt 0.037863 0.655528
vt 0.037863 0.655529
vt 0.031827 0.403809
vt 0.031827 0.403808
vt 0.719555 0.963605
vt 0.719555 0.963605
vt 0.719555 0.963605
vt 0.719555 0.963605
vt 0.153315 0.777425
vt 0.153315 0.777425
vt 0.719555 0.963606
vt 0.719555 0.963606
vt 0.719555 0.963606
vt 0.719555 0.963606
vt 0.031827 0.403808
vt 0.031827 0.403808
vt 0.719555 0.963606
vt 0.719555 0.963606
vt 0.031827 0.403809
vt 0.031827 0.403808
vt 0.031827 0.403808
vt 0.031827 0.403808
vt 0.158427 0.714790
vt 0.158427 0.714790
vt 0.158427 0.714789
vt 0.158427 0.714790
vt 0.158427 0.714790
vt 0.158427 0.714790
vt 0.158427 0.714789
vt 0.158427 0.714790
vt 0.158427 0.714790
vt 0.158427 0.714789
vt 0.158427 0.714790
vt 0.158427 0.714789
vt 0.158427 0.714789
vt 0.158427 0.714790
vt 0.031827 0.403808
vt 0.723176 0.969105
vt 0.723176 0.969105
vt 0.723176 0.969105
vt 0.723176 0.969105
vt 0.723176 0.969105
vt 0.723176 0.969105
vt 0.723176 0.969105
vt 0.723176 0.969105
vt 0.723176 0.969105
vt 0.723176 0.969105
vt 0.723176 0.969105
vt 0.723176 0.969105
vt 0.158427 0.714791
vt 0.158427 0.714791
vt 0.158427 0.714788
vt 0.158427 0.714790
vt 0.158427 0.714790
vt 0.719555 0.963606
vt 0.719555 0.963606
vt 0.719555 0.963606
vt 0.719555 0.963606
vt 0.719555 0.963605
vt 0.719555 0.963605
vt 0.719555 0.963605
vt 0.719555 0.963605
vt 0.719555 0.963605
vt 0.719555 0.963605
vt 0.158427 0.714790
vt 0.158427 0.714790
vt 0.158427 0.714790
vt 0.158427 0.714789
vt 0.158427 0.714788
vt 0.158427 0.714789
vt 0.158427 0.714790
vt 0.723176 0.969105
vt 0.723176 0.969105
vt 0.719555 0.963606
vt 0.719555 0.963606
vt 0.719555 0.963606
vt 0.719555 0.963606
vt 0.719555 0.963606
vt 0.719555 0.963606
vt 0.719555 0.963606
vt 0.719555 0.963606
vt 0.719555 0.963606
vt 0.719555 0.963606
vt 0.719555 0.963606
vt 0.719555 0.963606
vt 0.031827 0.403808
vt 0.153792 0.777902
vt 0.719555 0.963606
vt 0.719555 0.963606
vt 0.153362 0.777471
vt 0.037863 0.655529
vt 0.037863 0.655528
vt 0.723176 0.969105
vt 0.723176 0.969105
vt 0.723175 0.969111
vt 0.723175 0.969111
vt 0.153513 0.777623
vt 0.153307 0.777416
vt 0.153332 0.777441
vt 0.153315 0.777425
vt 0.153315 0.777425
vt 0.723175 0.969111
vt 0.723175 0.969111
vt 0.723175 0.969111
vt 0.723175 0.969111
vt 0.031827 0.403808
vt 0.153311 0.777421
vt 0.153309 0.777419
vt 0.153316 0.777425
vt 0.153315 0.777425
vt 0.723175 0.969111
vt 0.723175 0.969111
vt 0.142045 0.640877
vt -0.048659 -0.219541
vt 0.723175 0.969111
vt 0.153315 0.777425
vt 0.158427 0.714790
vt 0.158427 0.714790
vt 0.158427 0.714790
vt 0.158427 0.714790
vt 0.158427 0.714790
vt 0.158427 0.714790
vt 0.158427 0.714790
vt 0.158427 0.714790
vt 0.153316 0.777425
vt 0.047422 0.676715
vt 0.723175 0.969111
vt 0.085661 0.761459
vt 0.076101 0.740273
vt 0.056982 0.697901
vn -0.2078 0.0764 0.9752
vn 0.9126 0.2230 0.3427
vn 0.4095 0.6757 0.6130
vn -0.4097 0.6757 0.6128
vn 0.4532 0.2088 0.8666
vn 0.3527 0.2326 0.9064
vn -0.2965 0.2412 0.9241
vn -0.4341 0.2370 0.8691
vn -0.8714 0.2342 0.4311
vn -0.9400 0.2167 0.2635
vn 0.5261 0.0558 0.8486
vn 0.2440 0.0633 0.9677
vn -0.5303 0.0795 0.8441
vn -0.8434 0.0796 0.5313
vn -0.9750 0.0736 0.2098
vn 0.6966 -0.5438 0.4680
vn 0.4607 -0.5502 0.6964
vn 0.1675 -0.5525 0.8165
vn -0.1573 -0.5457 0.8231
vn -0.4672 -0.5394 0.7005
vn -0.7011 -0.5370 0.4692
vn -0.8319 -0.5301 0.1640
vn 0.8559 -0.4871 0.1737
vn 0.7466 0.5034 0.4350
vn 0.0000 -1.0000 0.0000
vn -0.6423 0.7543 0.1359
vn -0.4757 0.8475 0.2355
vn -0.2165 0.8537 0.4737
vn -0.1843 0.7466 0.6393
vn 0.2410 0.7194 0.6514
vn 0.2664 0.8157 0.5135
vn -0.6138 0.6755 0.4085
vn -0.1439 0.6757 0.7230
vn 0.6138 0.6755 0.4085
vn 0.7305 0.6725 0.1190
vn 0.1442 0.6757 0.7229
vn -0.7305 0.6725 0.1190
vn -0.6240 0.7731 0.1142
vn 0.3530 0.7681 0.5342
vn -0.1215 0.7696 0.6269
vn -0.5300 0.7707 0.3537
vn 0.5286 0.7707 0.3559
vn 0.1284 0.7675 0.6281
vn -0.3539 0.7707 0.5299
vn 0.6228 0.7739 0.1143
vn 0.8205 0.2273 0.5245
vn 0.6804 0.6873 0.2542
vn 0.8281 0.0728 0.5558
vn 0.9711 0.0351 0.2359
vn -0.8441 0.0783 -0.5305
vn -0.5323 0.0777 -0.8430
vn 0.8312 0.0736 -0.5511
vn 0.2175 -0.9761 0.0020
vn 0.9751 0.0376 -0.2185
vn 0.9992 0.0405 0.0014
vn -0.6138 0.6752 -0.4091
vn 0.9417 0.1593 -0.2964
vn 0.9893 0.1458 0.0073
vn 0.4636 0.1954 -0.8642
vn 0.3396 0.2218 -0.9140
vn -0.3031 0.2392 -0.9225
vn -0.4350 0.2398 -0.8679
vn -0.8711 0.2356 -0.4308
vn -0.9399 0.2176 -0.2633
vn -0.8901 0.4556 0.0111
vn -0.6350 0.7721 0.0246
vn -0.5096 0.8603 0.0132
vn -0.7107 0.6998 -0.0717
vn -0.9752 0.0731 -0.2088
vn -0.2199 0.0767 -0.9725
vn 0.2260 0.0711 -0.9715
vn 0.5373 0.0634 -0.8410
vn -0.9959 0.0899 -0.0072
vn -0.9960 0.0890 0.0004
vn -0.9960 0.0896 0.0064
vn -0.9961 0.0878 0.0095
vn -0.8331 -0.5285 -0.1630
vn -0.7041 -0.5325 -0.4698
vn -0.4707 -0.5321 -0.7038
vn -0.1654 -0.5324 -0.8302
vn 0.1676 -0.5358 -0.8275
vn 0.4681 -0.5404 -0.6991
vn 0.6988 -0.5420 -0.4669
vn 0.8544 -0.4894 -0.1746
vn 0.8277 0.2222 -0.5154
vn 0.9581 0.0602 -0.2799
vn -0.5174 0.8525 -0.0749
vn 0.0231 -0.2790 0.9600
vn -0.4847 0.8747 -0.0009
vn -0.5165 0.8529 0.0762
vn -0.5867 0.8050 0.0881
vn -0.6185 0.7682 -0.1657
vn -0.6152 0.7883 -0.0006
vn -0.6190 0.7675 0.1665
vn -0.6624 0.6899 0.2920
vn 0.6160 0.7744 -0.1444
vn 0.5956 0.8032 0.0036
vn 0.6085 0.7800 0.1461
vn 0.6619 0.6914 0.2894
vn -0.6814 0.7153 -0.1548
vn -0.5374 0.8048 -0.2519
vn -0.2809 0.6562 -0.7004
vn -0.3044 0.5655 -0.7665
vn 0.1856 0.8364 -0.5158
vn 0.3001 0.8233 -0.4818
vn -0.1438 0.6752 -0.7235
vn 0.6138 0.6752 -0.4091
vn 0.1438 0.6752 -0.7235
vn 0.7304 0.6724 -0.1197
vn 0.5279 0.8479 -0.0498
vn -0.4096 0.6752 -0.6134
vn -0.7304 0.6724 -0.1197
vn 0.4096 0.6752 -0.6134
vn 0.5134 0.8582 -0.0004
vn 0.5362 0.8418 0.0619
vn 0.5871 0.8054 0.0820
vn 0.9100 -0.4145 -0.0037
vn 0.8923 -0.4515 0.0024
vn 0.6738 0.5865 -0.4496
vn 0.9049 -0.4255 0.0130
vn 0.3535 0.7709 -0.5298
vn -0.6242 0.7728 -0.1144
vn 0.6227 0.7741 -0.1144
vn -0.3547 0.7697 -0.5308
vn 0.0215 -0.2951 -0.9552
vn 0.1226 0.7701 -0.6261
vn -0.0036 -0.3230 -0.9464
vn 0.5295 0.7712 -0.3532
vn -0.5307 0.7700 -0.3542
vn -0.1247 0.7696 -0.6263
vn -0.9630 0.2692 -0.0146
vn 0.8966 0.2075 -0.3911
vn 0.6527 0.6857 -0.3222
vn -0.9961 0.0878 -0.0095
vn -0.5868 0.8050 -0.0879
vn -0.6625 0.6898 -0.2919
vn 0.6638 0.6858 -0.2985
vn 0.5845 0.8058 -0.0947
vn 0.9067 -0.4214 -0.0144
vn 0.8493 0.4840 0.2108
vn 0.9961 0.0524 0.0717
vn 0.9908 0.1272 -0.0471
vn 0.9785 0.0429 0.2018
vn 0.9966 0.0679 -0.0460
vn 0.5413 0.8250 -0.1626
vn 0.6090 0.7625 -0.2184
vn 0.9216 0.3326 0.2000
vn 0.9350 0.2710 0.2286
vn 0.9502 0.2350 -0.2048
vn 0.7810 0.5397 0.3142
vn 0.9901 0.1272 0.0593
vn 0.8938 -0.4484 0.0019
vn -0.2123 0.1503 0.9656
vn 0.9404 0.1660 0.2968
vn -0.8534 -0.5211 0.0142
vn -0.8362 -0.5484 0.0023
vn -0.8549 -0.5189 -0.0022
vn -0.8423 -0.5391 -0.0026
vn -0.8534 -0.5211 -0.0142
vn 0.9292 0.3194 -0.1861
vn -0.9686 0.2486 -0.0093
vn -0.2656 0.2223 -0.9381
vn -0.9686 0.2485 0.0093
vn -0.9701 0.2421 0.0165
vn -0.9712 0.2382 -0.0000
vn -0.9701 0.2421 -0.0165
vn -0.0039 -0.3010 0.9536
usemtl COLLIDER
s off
f 1176/1827/877 1184/1828/877 1183/1829/877 1177/1830/877
f 1200/1831/878 1199/1832/878 1173/1833/878 1210/1834/878
f 1208/1835/879 1204/1836/879 1171/1837/879
f 1202/1838/880 1209/1839/880 1171/1837/880
f 1190/1840/881 1174/1841/881 1175/1842/881 1191/1843/881
f 1191/1844/882 1175/1845/882 1176/1846/882 1192/1847/882
f 1192/1848/883 1176/1827/883 1177/1830/883 1193/1849/883
f 1193/1850/884 1177/1851/884 1178/1852/884 1194/1853/884
f 1194/1854/885 1178/1855/885 1179/1856/885 1195/1857/885
f 1195/1858/886 1179/1859/886 1172/1860/886 1196/1861/886
f 1174/1841/887 1186/1862/887 1185/1863/887 1175/1842/887
f 1175/1845/888 1185/1864/888 1184/1865/888 1176/1846/888
f 1177/1851/889 1183/1866/889 1182/1867/889 1178/1852/889
f 1178/1855/890 1182/1868/890 1181/1869/890 1179/1856/890
f 1179/1859/891 1181/1870/891 1180/1871/891 1172/1860/891
f 1160/1872/892 1186/1873/892 1187/1874/892 1158/1875/892
f 1162/1876/893 1185/1877/893 1186/1873/893 1160/1872/893
f 1164/1878/894 1184/1879/894 1185/1877/894 1162/1876/894
f 1166/1880/895 1183/1881/895 1184/1879/895 1164/1878/895
f 1168/1882/896 1182/1883/896 1183/1881/896 1166/1880/896
f 1170/1884/897 1181/1885/897 1182/1883/897 1168/1882/897
f 1156/1886/898 1180/1887/898 1181/1885/898 1170/1884/898
f 1158/1875/899 1187/1874/899 1198/1888/899 1157/1889/899
f 1197/1890/900 1200/1891/900 1210/1892/900 1211/1893/900
f 1159/1894/901 1161/1895/901 1188/1896/901
f 1169/1897/901 1155/1898/901 1319/1899/901 1188/1896/901
f 1161/1895/901 1163/1900/901 1188/1896/901
f 1163/1900/901 1165/1901/901 1169/1897/901 1188/1896/901
f 1165/1901/901 1167/1902/901 1169/1897/901
f 1169/1903/902 1195/1904/902 1196/1905/902 1155/1906/902
f 1167/1907/903 1194/1908/903 1195/1904/903 1169/1903/903
f 1165/1909/904 1193/1910/904 1194/1908/904 1167/1907/904
f 1163/1911/905 1192/1912/905 1193/1910/905 1165/1909/905
f 1161/1913/906 1191/1914/906 1192/1912/906 1163/1911/906
f 1159/1915/907 1190/1916/907 1191/1914/907 1161/1913/907
f 1159/1894/901 1188/1896/901 1197/1917/901 1211/1918/901
f 1205/1919/908 1202/1838/908 1171/1837/908
f 1209/1839/909 1203/1920/909 1171/1837/909
f 1204/1836/910 1201/1921/910 1171/1837/910
f 1201/1921/911 1207/1922/911 1171/1837/911
f 1203/1920/912 1208/1835/912 1171/1837/912
f 1206/1923/913 1205/1919/913 1171/1837/913
f 1205/1924/914 1206/1925/914 1156/1926/914 1170/1927/914
f 1204/1928/915 1208/1929/915 1162/1930/915 1160/1931/915
f 1203/1932/916 1209/1933/916 1166/1934/916 1164/1935/916
f 1202/1936/917 1205/1924/917 1170/1927/917 1168/1937/917
f 1201/1938/918 1204/1928/918 1160/1931/918 1158/1939/918
f 1208/1929/919 1203/1932/919 1164/1935/919 1162/1930/919
f 1209/1933/920 1202/1936/920 1168/1937/920 1166/1934/920
f 1207/1940/921 1201/1938/921 1158/1939/921 1157/1941/921
f 1210/1942/922 1173/1943/922 1174/1944/922 1190/1945/922
f 1211/1893/923 1210/1892/923 1190/1916/923 1159/1915/923
f 1173/1943/924 1187/1946/924 1186/1947/924 1174/1944/924
f 1198/1948/925 1187/1949/925 1173/1833/925 1199/1832/925
f 1235/1950/926 1249/1951/926 1248/1952/926 1234/1953/926
f 1234/1954/927 1248/1955/927 1247/1956/927 1233/1957/927
f 1230/1958/928 1244/1959/928 1243/1960/928 1229/1961/928
f 1240/1962/929 1315/1963/929 1189/1964/929 1239/1965/929
f 1312/1966/930 1315/1963/930 1318/1967/930
f 1313/1968/931 1189/1964/931 1315/1963/931 1312/1969/931
f 1303/1970/932 1311/1971/932 1228/1972/932
f 1300/1973/933 1312/1966/933 1318/1967/933 1298/1974/933
f 1301/1975/934 1313/1968/934 1312/1969/934 1300/1976/934
f 1281/1977/935 1231/1978/935 1230/1979/935 1282/1980/935
f 1280/1981/936 1232/1982/936 1231/1983/936 1281/1984/936
f 1279/1985/937 1233/1986/937 1232/1987/937 1280/1988/937
f 1278/1989/938 1234/1954/938 1233/1957/938 1279/1990/938
f 1277/1991/939 1235/1950/939 1234/1953/939 1278/1992/939
f 1286/1993/940 1236/1994/940 1235/1995/940 1277/1996/940
f 1292/1997/901 1300/1998/901 1298/1999/901 1291/2000/901
f 1293/2001/901 1301/2002/901 1300/1998/901 1292/1997/901
f 1294/2003/901 1302/2004/901 1301/2002/901 1293/2001/901
f 1212/2005/901 1325/2006/901 1302/2004/901 1294/2003/901
f 1288/2007/941 1292/2008/941 1291/2009/941 1287/2010/941
f 1289/2011/942 1293/2012/942 1292/2008/942 1288/2007/942
f 1290/2013/943 1294/2014/943 1293/2012/943 1289/2011/943
f 1286/2015/944 1212/2016/944 1294/2014/944 1290/2013/944
f 1236/1994/945 1237/2017/945 1249/2018/945 1235/1995/945
f 1233/1986/946 1247/2019/946 1246/2020/946 1232/1987/946
f 1232/1982/947 1246/2021/947 1245/2022/947 1231/1983/947
f 1231/1978/948 1245/2023/948 1244/2024/948 1230/1979/948
f 1272/2025/949 1276/2026/949 1275/2027/949 1271/2028/949
f 1273/2029/950 1284/2030/950 1276/2026/950 1272/2025/950
f 1274/2031/951 1285/2032/951 1284/2030/951 1273/2029/951
f 1237/2017/952 1236/1994/952 1285/2032/952 1274/2031/952
f 1215/2033/953 1249/2034/953 1237/2035/953 1213/2036/953
f 1217/2037/954 1248/2038/954 1249/2034/954 1215/2033/954
f 1219/2039/955 1247/2040/955 1248/2038/955 1217/2037/955
f 1221/2041/956 1246/2042/956 1247/2040/956 1219/2039/956
f 1223/2043/957 1245/2044/957 1246/2042/957 1221/2041/957
f 1225/2045/958 1244/2046/958 1245/2044/958 1223/2043/958
f 1226/2047/959 1243/2048/959 1244/2046/959 1225/2045/959
f 1227/2049/960 1283/2050/960 1243/2048/960 1226/2047/960
f 1282/2051/961 1230/1958/961 1229/1961/961 1317/2052/961
f 1229/2053/962 1243/2054/962 1283/2055/962 1296/2056/962
f 1325/2006/901 1261/2057/901 1295/2058/901
f 1264/2059/963 1268/2060/963 1267/2061/963 1263/2062/963
f 1189/1964/964 1306/2063/964 1326/2064/964 1239/1965/964
f 1265/2065/965 1269/2066/965 1268/2060/965 1264/2059/965
f 1266/2067/966 1270/2068/966 1269/2066/966 1265/2065/966
f 1224/2069/901 1261/2057/901 1222/2070/901
f 1309/2071/967 1213/2072/967 1270/2068/967 1266/2067/967
f 1212/2005/901 1214/2073/901 1261/2057/901 1325/2006/901
f 1222/2070/901 1261/2057/901 1220/2074/901
f 1220/2074/901 1261/2057/901 1214/2073/901 1218/2075/901
f 1214/2073/901 1216/2076/901 1218/2075/901
f 1258/2077/968 1264/2078/968 1263/2079/968 1257/2080/968
f 1259/2081/969 1265/2082/969 1264/2078/969 1258/2077/969
f 1260/2083/970 1266/2084/970 1265/2082/970 1259/2081/970
f 1228/1972/971 1309/2085/971 1266/2084/971 1260/2083/971
f 1254/2086/972 1258/2077/972 1257/2080/972 1253/2087/972
f 1255/2088/973 1259/2081/973 1258/2077/973 1254/2086/973
f 1256/2089/974 1260/2083/974 1259/2081/974 1255/2088/974
f 1310/2090/975 1228/1972/975 1260/2083/975 1256/2089/975
f 1295/2058/901 1261/2057/901 1224/2069/901 1316/2091/901
f 1212/2016/976 1286/2015/976 1277/2092/976 1214/2093/976
f 1214/2093/977 1277/2092/977 1278/2094/977 1216/2095/977
f 1216/2095/978 1278/2094/978 1279/2096/978 1218/2097/978
f 1218/2097/979 1279/2096/979 1280/2098/979 1220/2099/979
f 1220/2099/980 1280/2098/980 1281/2100/980 1222/2101/980
f 1222/2101/981 1281/2100/981 1282/2102/981 1224/2103/981
f 1299/2104/982 1307/2105/982 1228/1972/982
f 1304/2106/983 1308/2107/983 1228/1972/983
f 1305/2108/984 1299/2104/984 1228/1972/984
f 1310/2090/985 1304/2106/985 1228/1972/985
f 1250/2109/986 1254/2110/986 1253/2111/986 1242/2112/986
f 1307/2105/987 1303/1970/987 1228/1972/987
f 1311/1971/988 1309/2085/988 1228/1972/988
f 1308/2107/989 1305/2108/989 1228/1972/989
f 1251/2113/990 1255/2114/990 1254/2110/990 1250/2109/990
f 1252/2115/991 1256/2116/991 1255/2114/991 1251/2113/991
f 1227/2117/992 1310/2118/992 1256/2116/992 1252/2115/992
f 1241/2119/993 1240/2120/993 1250/2121/993 1242/2122/993
f 1239/1965/994 1238/2123/994 1252/2124/994 1251/2125/994
f 1224/2103/995 1282/2102/995 1317/2126/995 1316/2127/995
f 1283/2050/996 1227/2049/996 1252/2124/996 1238/2123/996
f 1305/2128/997 1308/2129/997 1225/2130/997 1223/2131/997
f 1309/2071/998 1311/2132/998 1215/2133/998 1213/2072/998
f 1304/2134/999 1310/2118/999 1227/2117/999 1226/2135/999
f 1303/2136/1000 1307/2137/1000 1219/2138/1000 1217/2139/1000
f 1319/1899/901 1298/1999/901 1321/2140/901
f 1318/1967/1001 1315/1963/1001 1240/1962/1001 1322/2141/1001
f 1299/2142/1002 1305/2128/1002 1223/2131/1002 1221/2143/1002
f 1298/1974/1003 1318/1967/1003 1322/2141/1003 1262/2144/1003
f 1308/2129/1004 1304/2134/1004 1226/2135/1004 1225/2130/1004
f 1311/2132/1005 1303/2136/1005 1217/2139/1005 1215/2133/1005
f 1307/2137/1006 1299/2142/1006 1221/2143/1006 1219/2138/1006
f 1291/2000/901 1298/1999/901 1319/1899/901 1155/1898/901
f 1287/2010/1007 1291/2009/1007 1155/1906/1007 1196/1905/1007
f 1317/2145/1008 1229/2053/1008 1296/2056/1008 1297/2146/1008
f 1316/2127/1009 1317/2126/1009 1297/2147/1009 1295/2148/1009
f 1271/2028/1010 1275/2027/1010 1172/1860/1010 1180/1871/1010
f 1263/2062/1011 1267/2061/1011 1156/1926/1011 1206/1925/1011
f 1257/2080/1012 1263/2079/1012 1206/1923/1012 1171/1837/1012
f 1253/2087/1013 1257/2080/1013 1171/1837/1013 1207/1922/1013
f 1242/2112/1014 1253/2111/1014 1207/1940/1014 1157/1941/1014
f 1198/1888/1015 1241/2119/1015 1242/2122/1015 1157/1889/1015
f 1319/2149/1016 1314/2150/1016 1200/1891/1016 1197/1890/1016
f 1320/2151/1017 1241/2119/1017 1198/2152/1017 1199/2153/1017
f 1188/1896/901 1319/1899/901 1197/1917/901
f 1323/2154/1018 1238/2123/1018 1239/1965/1018 1326/2064/1018
f 1306/2063/1019 1189/1964/1019 1313/1968/1019
f 1296/2155/1020 1283/2055/1020 1238/2123/1020 1323/2154/1020
f 1325/2156/1021 1327/2157/1021 1328/2158/1021 1324/2159/1021
f 1295/2148/1022 1297/2147/1022 1327/2157/1022 1325/2156/1022
f 1302/2004/901 1325/2006/901 1324/2160/901
f 1314/2161/1023 1262/2144/1023 1322/2141/1023 1320/2151/1023
f 1200/2162/1024 1314/2161/1024 1320/2151/1024 1199/2153/1024
f 1327/2163/1025 1297/2164/1025 1296/2155/1025 1323/2154/1025
f 1321/2165/1026 1262/2166/1026 1314/2150/1026 1319/2149/1026
f 1322/2141/1027 1240/1962/1027 1241/2119/1027 1320/2151/1027
f 1239/1965/1028 1251/2167/1028 1250/2168/1028 1240/1962/1028
f 1328/2158/1029 1302/2169/1029 1324/2159/1029
f 1301/1975/1030 1302/2170/1030 1306/2063/1030 1313/1968/1030
f 1213/2036/1031 1237/2017/1031 1274/2171/1031 1270/2172/1031
f 1273/2173/1032 1272/2174/1032 1268/2175/1032 1269/2176/1032
f 1272/2174/1033 1271/2177/1033 1267/2178/1033 1268/2175/1033
f 1270/2172/1034 1274/2171/1034 1273/2173/1034 1269/2176/1034
f 1267/2178/1035 1271/2177/1035 1180/1887/1035 1156/1886/1035
f 1326/2064/1036 1328/2179/1036 1327/2163/1036 1323/2154/1036
f 1275/2027/1037 1287/2180/1037 1196/1861/1037 1172/1860/1037
f 1298/2181/1038 1262/2166/1038 1321/2165/1038
f 1236/1994/1039 1286/1993/1039 1290/2182/1039 1285/2032/1039
f 1285/2032/1040 1290/2182/1040 1289/2183/1040 1284/2030/1040
f 1284/2030/1041 1289/2183/1041 1288/2184/1041 1276/2026/1041
f 1276/2026/1042 1288/2184/1042 1287/2180/1042 1275/2027/1042
f 1306/2063/1043 1302/2170/1043 1328/2179/1043 1326/2064/1043
