# Blender v3.0.1 OBJ File: 'Castle7_FinalSuperPack_individuals.blend'
# www.blender.org
mtllib Tent1.mtl
o Tent1_Cylinder.022
v -1.469337 0.000000 0.000000
v -1.199682 1.688430 -0.000188
v -1.358932 0.000000 -0.533052
v -1.108482 1.688103 -0.459130
v -1.149767 0.000000 -1.121275
v -0.848597 1.687844 -0.848239
v -0.532984 0.000000 -1.329770
v -0.459591 1.687691 -1.108276
v -0.000000 -0.000000 -1.512207
v -0.000687 1.687669 -1.199653
v 0.564164 0.000000 -1.384471
v 0.458779 1.689668 -1.108051
v 1.036039 0.000000 -1.101184
v 0.847976 1.690170 -0.847976
v 1.107934 1.690170 -0.458921
v 1.199219 1.690170 -0.000000
v 1.107949 1.690135 0.458780
v 1.036039 0.000000 1.036039
v 0.848355 1.689283 0.844353
v 0.566764 -0.000001 1.306831
v 0.459640 1.688488 1.101062
v 0.000000 -0.000000 1.512207
v 0.000321 1.689100 1.195505
v -0.532984 0.000000 1.358991
v -0.459166 1.689278 1.107463
v -1.090031 0.000000 1.090031
v -0.848283 1.689085 0.847723
v -1.335351 0.000000 0.565610
v -1.108312 1.688775 0.458718
v 0.000000 2.833939 0.000000
v 1.082992 1.090186 -0.458367
v 0.898600 0.560038 -0.898600
v 0.830445 1.126780 -0.830445
v 0.479617 0.558994 -1.162617
v 0.448285 1.122286 -1.085160
v -0.001206 0.555062 -1.292067
v -0.005183 1.106077 -1.174243
v -0.483545 0.555095 -1.168215
v -0.454471 1.106270 -1.084113
v -0.908660 0.555423 -0.906913
v -0.835067 1.107593 -0.828913
v -1.168334 0.555986 -0.481611
v -1.089029 1.109845 -0.447494
v -1.177695 1.112683 0.002075
v -1.282107 0.556703 0.000802
v 1.085157 1.126480 0.448206
v 0.831459 1.124406 0.820745
v 0.899003 0.559094 0.894745
v 0.452176 1.120362 1.058803
v 0.480782 0.557916 1.153981
v 0.000698 1.123134 1.164772
v 0.000343 0.558847 1.288662
v -0.450810 1.120046 1.084681
v -0.482639 0.558546 1.169008
v -0.832362 1.118364 0.831940
v -0.907960 0.558109 0.908225
v -1.087566 1.115674 0.451353
v -1.167969 0.557440 0.483148
v -1.175058 1.650226 -0.000214
v -1.085547 1.650675 0.449210
v -0.830865 1.651078 0.830166
v -0.449757 1.651315 1.084412
v 0.000358 1.651178 1.170045
v 0.450276 1.650563 1.077109
v 0.830912 1.651462 0.826192
v 1.085081 1.652448 0.449200
v 1.085055 1.652508 -0.449445
v 0.830465 1.652508 -0.830465
v 0.449220 1.651706 -1.085228
v -0.000894 1.649235 -1.174985
v -0.450315 1.649264 -1.085466
v -0.831273 1.649462 -0.830775
v -1.085768 1.649800 -0.449685
v 1.171591 1.469866 0.086418
v 1.139811 1.469866 0.380318
v 1.120347 1.469866 -0.385303
v 1.178018 1.469866 -0.095370
v 0.891615 1.471759 -0.774153
v 1.055850 1.471759 -0.528360
v 0.530553 1.469869 -1.060071
v 0.776346 1.469869 -0.895837
v 0.080208 1.471521 -1.180245
v 0.370231 1.471852 -1.122532
v -0.372659 1.469416 -1.121765
v -0.082728 1.469414 -1.179445
v -0.774574 1.469427 -0.892855
v -0.528784 1.469415 -1.057096
v -1.060115 1.469695 -0.530548
v -0.895887 1.469674 -0.776347
v -1.199064 1.469718 -0.088754
v -1.141400 1.469692 -0.378690
v -1.124772 1.469741 0.374433
v -1.182450 1.469714 0.084500
v -0.895864 1.469762 0.776347
v -1.060104 1.469737 0.530558
v -0.530575 1.469777 1.060067
v -0.776372 1.469758 0.895840
v -0.084423 1.469736 1.181814
v -0.374462 1.469782 1.124805
v 0.374739 1.469139 1.121763
v 0.084684 1.469423 1.180597
v 0.775410 1.465941 0.904488
v 0.529738 1.465657 1.067558
v 1.055801 1.469885 0.524672
v 0.891638 1.469717 0.769781
v 0.896141 1.683545 0.773454
v 1.060127 1.684124 0.530026
v 1.028866 1.652321 0.532894
v 0.887058 1.651750 0.743158
v 0.746825 1.651169 0.881266
v 0.534463 1.650621 1.021076
v 0.531291 1.682523 1.053005
v 0.776849 1.683075 0.891024
v 0.350916 1.650621 1.097104
v 0.099871 1.651051 1.149174
v 0.084974 1.683000 1.177566
v 0.375167 1.682525 1.117675
v -0.374638 1.683261 1.123852
v -0.084309 1.683175 1.179333
v -0.099168 1.651246 1.151368
v -0.350345 1.651276 1.103649
v -0.533989 1.651368 1.028420
v -0.746618 1.651218 0.886430
v -0.776646 1.683203 0.895563
v -0.530825 1.683337 1.059752
v -0.887133 1.651066 0.745984
v -1.029232 1.650862 0.533421
v -1.060440 1.682909 0.530333
v -0.896165 1.683087 0.776097
v -1.105304 1.650674 0.349892
v -1.155242 1.650449 0.099128
v -1.182862 1.682568 0.084297
v -1.125143 1.682765 0.374222
v -1.155291 1.650255 -0.099543
v -1.105464 1.650041 -0.350332
v -1.125278 1.682234 -0.374638
v -1.182900 1.682420 -0.084691
v -0.896451 1.681956 -0.776604
v -1.060643 1.682105 -0.530777
v -1.029481 1.649873 -0.533898
v -0.887477 1.649702 -0.746532
v -0.531219 1.681777 -1.060405
v -0.776984 1.681866 -0.896123
v -0.747030 1.649585 -0.887048
v -0.534467 1.649483 -1.029154
v -0.350937 1.649437 -1.105228
v -0.100176 1.649417 -1.155172
v -0.085187 1.681724 -1.182835
v -0.375108 1.681742 -1.125109
v 0.098496 1.649450 -1.155222
v 0.349698 1.651031 -1.105111
v 0.374123 1.683170 -1.124978
v 0.083788 1.681696 -1.182884
v 0.533576 1.652223 -1.028854
v 0.746253 1.652508 -0.886734
v 0.776346 1.684256 -0.895837
v 0.530506 1.684091 -1.060115
v 1.060072 1.684253 -0.530552
v 0.895838 1.684253 -0.776346
v 0.886734 1.652508 -0.746253
v 1.028786 1.652508 -0.533657
v 1.182412 1.684253 -0.084494
v 1.124741 1.684253 -0.374427
v 1.104814 1.652508 -0.350109
v 1.154696 1.652508 -0.099335
v 1.124741 1.684253 0.374427
v 1.182413 1.684253 0.084494
v 1.154696 1.652508 0.099335
v 1.104815 1.652505 0.350098
v 1.123984 0.000000 -0.568379
v 1.122180 0.000000 0.568379
v 1.078639 0.555994 -0.361050
v 1.073327 0.563390 0.368790
v 1.100872 1.652508 -0.000000
v 1.049859 1.126780 0.163526
v 1.049859 1.126780 -0.162879
v 1.099508 0.563390 0.000154
v 1.147878 0.000000 -0.000000
v 1.049859 1.126780 0.000324
v 0.547444 0.000000 -0.000000
v 0.554277 0.000000 -0.560794
v 0.554277 0.000000 0.560794
v -0.023457 -0.000000 0.000000
v 0.012667 -0.000000 -0.554317
v 0.012667 -0.000000 0.554317
v -0.718120 0.000000 0.000000
v -0.644842 0.000000 -0.547367
v -0.644842 0.000000 0.547367
v -1.134704 1.662739 -0.326588
v -1.151021 1.505728 -0.330727
v -1.033178 1.663271 0.571075
v -1.032975 1.505875 0.571211
v 1.129892 1.506196 -0.337320
v 1.134286 1.664325 -0.326443
v -1.033022 1.505690 -0.571254
v -1.033347 1.662599 -0.571392
v 1.134286 1.664325 0.326443
v 1.145070 1.506196 0.331677
v 0.918796 1.508088 -0.733475
v 0.923019 1.664325 -0.735667
v 1.168474 1.506196 -0.143354
v -0.733992 1.505391 -0.920072
v -0.569561 1.505376 -1.029954
v -0.571296 1.505959 1.032851
v -0.735736 1.505937 0.922986
v 1.028647 1.506151 0.565092
v 1.032957 1.664173 0.570608
v 0.734819 1.502065 0.930830
v 0.570478 1.501843 1.039793
v -1.134379 1.505833 0.326427
v -1.172969 1.505801 0.132463
v 0.128122 1.507595 -1.170745
v 0.322180 1.507938 -1.132119
v 0.132946 1.663196 1.168331
v 0.132756 1.505547 1.170214
v -1.134609 1.663116 0.326303
v -0.133024 1.662317 -1.173177
v -0.130814 1.505363 -1.169951
v 0.735667 1.664327 -0.923018
v 0.735667 1.506197 -0.923018
v -0.132407 1.505917 1.171993
v -0.132363 1.663486 1.170643
v 0.131979 1.662513 -1.173191
v 0.326179 1.663377 -1.134477
v 0.923236 1.663817 0.733591
v 0.918844 1.505986 0.728856
v -0.571755 1.662367 -1.033130
v -1.189595 1.505758 -0.136759
v -1.173259 1.662845 -0.132615
v -0.736175 1.662418 -0.923230
v -0.923096 1.505904 0.735642
v -0.923282 1.663372 0.735494
v 1.172868 1.664325 -0.132478
v -0.326566 1.663553 1.133417
v -0.326477 1.505963 1.134056
v 0.571851 1.662875 1.026966
v 0.571231 1.506197 -1.032891
v 0.571223 1.664298 -1.032900
v 0.736140 1.663217 0.918489
v -0.324777 1.505366 -1.131359
v -0.326983 1.662327 -1.134564
v -1.173218 1.663004 0.132342
v -0.923499 1.662515 -0.735847
v -0.923156 1.505666 -0.735696
v -0.735902 1.663499 0.922817
v 1.166331 1.506196 0.135058
v 1.172868 1.664325 0.132478
v -0.571450 1.663575 1.032664
v 0.326816 1.505324 1.130723
v 0.327063 1.662876 1.128361
v 1.032892 1.664325 -0.571231
v 1.028669 1.508088 -0.569039
v -1.328134 0.076937 -0.483429
v -1.057354 0.065781 -1.057354
v -0.525994 0.065781 -1.283790
v -0.000000 0.065781 -1.492405
v 0.512246 0.065781 -1.250235
v 1.012087 0.065781 -1.012087
v 1.169803 1.653571 -0.065745
v 1.012087 0.065781 1.012087
v 0.512259 0.065750 1.290704
v 0.000000 0.065781 1.492405
v -0.525994 0.065781 1.315942
v -1.057354 0.065781 1.057354
v -1.279058 0.065781 0.526058
v -1.450910 0.065781 0.000000
v 0.159890 2.369959 -0.385636
v -0.307713 2.352841 0.308084
v 0.329948 2.320689 0.330307
v -0.322009 2.331650 -0.321649
v -0.173667 2.333183 -0.418910
v -0.414001 2.339486 0.171850
v 0.301672 2.361033 -0.301302
v -0.000000 2.347481 -0.439427
v -0.425025 2.362938 0.000372
v 0.396459 2.358603 -0.163849
v 0.432108 2.355699 0.000370
v -0.422924 2.329332 -0.174822
v 0.165508 2.355668 0.399944
v 0.395501 2.359958 0.164194
v 0.000000 2.332596 0.455447
v -0.180479 2.315661 0.436072
v 0.124194 2.472702 -0.299534
v 0.140488 2.425576 -0.338835
v -0.236754 2.462655 0.237051
v -0.267570 2.414596 0.267903
v 0.267570 2.414596 0.267903
v 0.236754 2.462655 0.237051
v -0.230422 2.471401 -0.230125
v -0.260621 2.424155 -0.260288
v -0.140488 2.425576 -0.338835
v -0.124194 2.472702 -0.299534
v -0.307397 2.464703 0.127625
v -0.347471 2.416834 0.144260
v 0.260621 2.424155 -0.260288
v 0.230422 2.471401 -0.230125
v -0.000000 2.473156 -0.323772
v -0.000000 2.426072 -0.366270
v -0.373422 2.419439 0.000333
v -0.330284 2.467086 0.000297
v 0.302920 2.469435 -0.125177
v 0.342559 2.422007 -0.141559
v 0.330284 2.467086 0.000297
v 0.373422 2.419439 0.000333
v -0.342558 2.422007 -0.141559
v -0.302920 2.469436 -0.125177
v 0.128672 2.461273 0.310939
v 0.145402 2.413085 0.351365
v 0.307397 2.464703 0.127625
v 0.347471 2.416834 0.144260
v 0.000000 2.412551 0.380835
v 0.000000 2.460784 0.337033
v -0.145402 2.413085 0.351365
v -0.128672 2.461273 0.310939
v 1.262633 0.000000 -0.557251
v 1.242915 0.000000 0.557250
v 1.154934 0.551060 -0.356091
v 1.143495 0.591969 -0.425360
v 1.150645 0.568602 0.426372
v 1.146079 0.563390 0.368790
v 1.182509 1.655630 -0.000670
v 1.173557 1.653835 0.056828
v 1.138762 1.126758 0.240571
v 1.119071 1.126780 0.163526
v 1.137374 1.124294 -0.249284
v 1.119071 1.126780 -0.162879
v 1.235911 0.097493 -0.602570
v 1.241727 0.059307 0.590481
v -0.000641 1.710050 -1.171759
v -0.000000 2.032022 -0.748370
v 1.072405 1.719523 0.444088
v 0.696407 2.026990 0.288714
v -0.828891 1.710929 0.828381
v -0.533892 2.025771 0.534144
v -0.806521 1.732051 -0.806187
v -0.530114 2.030977 -0.529861
v 1.053461 1.733712 -0.436331
v 0.693736 2.029807 -0.287103
v 0.000281 1.727438 1.144509
v 0.000000 2.024656 0.756428
v 0.436422 1.733027 -1.053984
v 0.286591 2.031751 -0.691641
v 0.811035 1.728486 0.807563
v 0.533892 2.025770 0.534141
v -1.063480 1.725177 0.440212
v -0.696407 2.026990 0.288714
v -0.286591 2.031751 -0.691641
v -0.428339 1.747189 -1.033036
v 0.530114 2.030977 -0.529861
v 0.803256 1.736708 -0.803227
v -0.752330 2.028409 0.000252
v -1.115540 1.749471 -0.000112
v 0.752330 2.028409 0.000252
v 1.171633 1.712127 0.000013
v -0.693736 2.029807 -0.287103
v -1.005445 1.768197 -0.416405
v 0.289274 2.024922 0.698489
v 0.434858 1.735842 1.042573
v -0.289263 2.024948 0.698596
v -0.429761 1.744913 1.036704
v 1.184753 0.065781 0.771854
v 1.044456 1.126147 0.507972
v 1.190428 0.000000 0.788171
v 1.050887 0.564833 0.612050
v 1.197108 0.000000 -0.841282
v 1.034438 1.090186 -0.531033
v 1.130432 0.071503 -0.840698
v 1.029047 0.597652 -0.641629
v 0.813369 1.627266 -0.799428
v -0.419894 1.624766 -1.044749
v 1.058219 1.627266 -0.433594
v 0.446305 1.626648 -1.044651
v 0.012723 1.624744 -1.130985
v -1.031400 1.625179 -0.432727
v -1.031133 1.625854 0.432566
v -1.117313 1.625508 -0.000059
v -0.786494 1.624919 -0.799569
v -0.419036 1.626347 1.043802
v 0.014371 1.626242 1.125634
v -0.785919 1.626165 0.799214
v 1.054103 1.627220 0.438638
v 0.813861 1.626460 0.794631
v 1.144847 1.628740 0.069334
v 0.447602 1.625767 1.034912
v 1.144883 1.629673 0.006432
v 1.058465 1.627220 0.432232
v 1.143801 1.628648 -0.071590
v 1.145090 1.629673 -0.006705
v 1.068257 1.627266 0.006051
v 1.068412 1.627266 -0.005939
v 1.068336 1.632371 -0.000014
v 1.144590 1.639173 -0.000014
v -0.900529 1.846462 0.372946
v -0.973948 1.847083 0.000015
v 0.689766 1.846026 0.687999
v 0.373723 1.845187 0.898258
v 0.371842 1.849502 -0.897816
v 0.687506 1.849310 -0.687403
v 0.000150 1.845327 0.974222
v -0.373495 1.845572 0.901303
v -0.899136 1.847701 -0.372323
v 0.898881 1.848665 -0.372226
v 0.973733 1.847894 0.000103
v -0.687795 1.848224 -0.687525
v -0.372220 1.848580 -0.897921
v -0.689731 1.845935 0.689573
v 0.900360 1.847096 0.372976
v -0.000321 1.848718 -0.971788
v 1.237665 0.068772 -0.534208
v 1.118721 0.051032 -0.550273
v -1.127479 1.710616 0.224032
v 0.639047 1.710710 0.950754
v 0.677065 1.717892 -0.919534
v -0.215102 1.744812 1.078064
v -1.123909 1.722047 -0.157504
v 1.118112 1.712187 -0.268747
v -0.626203 1.732037 -0.926657
v -0.974378 1.725221 0.573603
v 0.935155 1.728940 0.622940
v 0.223748 1.710973 -1.127038
v 0.224717 1.710585 1.122362
v 0.924484 1.736623 -0.621951
v -0.894792 1.719149 -0.707111
v -0.611892 1.744913 0.915018
v 1.127095 1.712061 0.224149
v -0.224768 1.710051 -1.127143
v 1.101322 0.128004 -0.801702
v 0.990220 0.161017 -0.990220
v 1.200959 0.166292 -0.591460
v 1.225957 0.137030 -0.508999
v 0.506235 0.156642 -1.234094
v 0.765586 0.125631 -1.109242
v -0.000345 0.205845 -1.435055
v -0.826001 0.065781 -1.155944
v -0.521604 0.116384 -1.271837
v -1.042589 0.114401 -1.042415
v 0.360627 0.111630 -1.303088
v 0.147226 0.125999 -1.398076
v -0.340354 0.110187 -1.339278
v -1.261947 0.141536 -0.519189
v -1.046737 0.100767 1.046756
v -1.437747 0.104061 0.000063
v -1.201571 0.065781 0.711750
v -1.264113 0.131924 0.520285
v -1.317425 0.065781 0.408612
v -1.382089 0.143093 -0.150204
v -1.145571 0.156152 -0.788839
v 0.508605 0.122875 1.238956
v -0.521507 0.116774 1.271912
v 0.000029 0.107835 1.475028
v 0.205740 0.130597 1.368326
v -0.856531 0.142190 1.122270
v -0.620967 0.108335 1.231809
v -0.308213 0.130599 1.352804
v 1.225801 0.099568 0.523944
v 1.130015 0.108716 0.758105
v 1.001777 0.110760 1.001388
v 1.219751 0.103117 0.590403
v 1.074455 0.111927 0.861338
v 0.695194 0.104426 1.149579
v 0.827539 0.152977 1.069709
v 1.116942 0.073447 -0.541873
v 1.119247 0.033816 0.556399
v 0.010626 0.311121 1.571865
v -0.039292 0.311121 1.571865
v 0.010626 0.319935 1.522732
v -0.039292 0.319935 1.522732
v -1.113737 0.312182 1.150687
v -1.149034 0.312182 1.115389
v -1.078994 0.320996 1.115944
v -1.114291 0.320996 1.080647
v -1.525488 0.312182 0.024959
v -1.525488 0.312182 -0.024958
v -1.476354 0.320996 0.024959
v -1.476354 0.320996 -0.024958
v -1.157293 0.312182 -1.103307
v -1.121996 0.312182 -1.138604
v -1.122551 0.320996 -1.068565
v -1.087254 0.320996 -1.103862
v -0.024959 0.312182 -1.575761
v 0.024958 0.312182 -1.575761
v -0.024959 0.320996 -1.526628
v 0.024958 0.320996 -1.526628
v 1.060933 0.312182 -1.104003
v 1.096231 0.312182 -1.068706
v 1.026191 0.320996 -1.069261
v 1.061488 0.320996 -1.033964
v 1.089067 0.312182 1.066355
v 1.053771 0.312182 1.101652
v 1.054325 0.320996 1.031612
v 1.019028 0.320996 1.066909
v 0.051006 0.000000 1.557081
v -0.079672 0.000000 1.557081
v -0.079672 0.000000 1.424316
v 0.051006 0.000000 1.424316
v -1.074594 0.000000 1.168651
v -1.166998 0.000000 1.076247
v -1.073119 0.000000 0.982368
v -0.980715 0.000000 1.074772
v -1.510513 0.000000 0.065340
v -1.510513 0.000000 -0.065339
v -1.377748 0.000000 -0.065339
v -1.377748 0.000000 0.065340
v -1.175258 0.000000 -1.064164
v -1.082854 0.000000 -1.156569
v -0.988975 0.000000 -1.062690
v -1.081379 0.000000 -0.970286
v -0.065340 -0.000000 -1.560785
v 0.065340 -0.000000 -1.560785
v 0.065340 0.000000 -1.428021
v -0.065340 0.000000 -1.428020
v 1.057039 0.000000 -1.159311
v 1.153080 0.000000 -1.046136
v 1.020316 0.000000 -0.935685
v 0.927912 0.000000 -1.028089
v 1.107032 0.000000 1.027211
v 1.014628 0.000000 1.119616
v 0.920749 0.000000 1.025738
v 1.013153 0.000000 0.933333
v -1.079080 0.038957 1.116030
v -1.125574 0.062115 -1.071588
v 1.064116 0.058998 -1.036591
v -1.043209 0.038873 1.080158
v -1.475998 0.036297 -0.024958
v 0.992951 0.058947 -1.036022
v 0.024958 0.099087 -1.486820
v -1.476019 0.036413 0.024959
v -1.054410 0.062064 -1.071018
v 1.054386 0.038760 1.031672
v -1.114366 0.038874 1.080722
v -0.024959 0.099087 -1.486820
v 0.010626 0.039787 1.472478
v 0.024958 0.103676 -1.538358
v 1.019099 0.038842 1.066980
v 1.029222 0.062177 -1.072291
v -1.089304 0.058885 -1.035318
v -0.039292 0.039787 1.472478
v -1.425284 0.036297 -0.024958
v 0.010626 0.039905 1.523214
v 0.983228 0.038758 1.031109
v -0.024959 0.103676 -1.538358
v -1.425305 0.036413 0.024959
v -0.039292 0.039905 1.523214
v 1.018515 0.038676 0.995801
v -1.090680 0.065293 -1.107288
v -1.078495 0.038791 1.044851
v 1.027846 0.055769 -1.000321
v 0.012260 0.300888 1.803825
v -0.045335 0.300888 1.803825
v 0.012260 0.310023 1.747185
v -0.045335 0.310023 1.747185
v -1.285045 0.304027 1.321488
v -1.325771 0.304200 1.281070
v -1.244959 0.313091 1.281327
v -1.285685 0.313264 1.240909
v -1.812919 0.280750 0.032420
v -1.812964 0.280991 -0.024741
v -1.758821 0.299890 0.032042
v -1.758866 0.300131 -0.025118
v -1.335301 0.315093 -1.259557
v -1.294575 0.315266 -1.299976
v -1.295215 0.323816 -1.220150
v -1.254489 0.323989 -1.260569
v -0.018323 0.298257 -1.844832
v 0.039270 0.298524 -1.845391
v -0.017849 0.311328 -1.789814
v 0.039743 0.311594 -1.790373
v 1.224120 0.315096 -1.260353
v 1.264846 0.314923 -1.219935
v 1.184034 0.323819 -1.220947
v 1.224760 0.323646 -1.180529
v 1.256581 0.304441 1.224920
v 1.215855 0.304267 1.265339
v 1.216495 0.313505 1.184759
v 1.175769 0.313331 1.225177
v 0.029223 -0.000000 1.770342
v -0.062298 -0.000000 1.770342
v -0.062298 -0.000000 1.678062
v 0.029223 -0.000000 1.678062
v -1.239548 0.000000 1.313509
v -1.304262 -0.000000 1.249283
v -1.238514 -0.000000 1.184031
v -1.173800 -0.000000 1.248258
v -1.712749 -0.000000 0.062621
v -1.712749 -0.000000 -0.028208
v -1.619767 -0.000000 -0.028208
v -1.619767 -0.000000 0.062621
v -1.313792 -0.000000 -1.201035
v -1.249077 -0.000000 -1.265261
v -1.183330 -0.000000 -1.200011
v -1.248045 -0.000000 -1.135784
v -0.045761 -0.000000 -1.740172
v 0.045759 -0.000000 -1.740172
v 0.045759 0.000000 -1.647893
v -0.045761 -0.000000 -1.647893
v 1.178622 -0.000000 -1.225640
v 1.243337 -0.000000 -1.161414
v 1.177589 -0.000000 -1.096163
v 1.112874 0.000000 -1.160389
v 1.235073 -0.000000 1.193133
v 1.170358 -0.000000 1.257359
v 1.104610 0.000000 1.192108
v 1.169325 0.000000 1.127881
v -1.215939 0.058133 -1.211032
v 1.221796 0.072656 1.200574
v -1.290932 0.072236 1.256686
v -0.026115 0.076307 -1.695590
v 0.012260 0.068872 1.706722
v 0.031609 0.080158 -1.755914
v 1.181031 0.072354 1.240965
v 1.186848 0.058049 -1.212458
v -1.257008 0.060462 -1.171054
v -0.045335 0.068872 1.706722
v -1.670192 0.081745 -0.015117
v 0.012260 0.068438 1.764745
v 1.139684 0.072661 1.199922
v -0.025983 0.080150 -1.755790
v -1.670033 0.081318 0.042060
v -0.045335 0.068438 1.764745
v 1.180450 0.072962 1.159531
v -1.256968 0.055766 -1.251649
v -1.249585 0.072544 1.215643
v 1.186888 0.062744 -1.131863
v -1.250166 0.071934 1.297077
v -1.298036 0.058095 -1.211670
v 1.227917 0.060378 -1.172480
v -1.208820 0.072242 1.256034
v -1.729684 0.081746 -0.015263
v 1.145819 0.060415 -1.171842
v 0.031478 0.076314 -1.695703
v -1.729521 0.081319 0.041915
v 0.818399 1.681967 -0.833554
v 0.836634 1.676908 -0.811934
v 0.798325 1.666320 -0.820765
v 0.816560 1.661261 -0.799144
v 1.209342 0.283818 -1.223995
v 1.227539 0.278821 -1.202328
v 1.208797 0.259300 -1.191383
v 1.190600 0.264297 -1.213050
v -0.013560 1.681967 -1.191840
v 0.014616 1.676908 -1.189378
v -0.018767 1.666320 -1.168614
v 0.009409 1.661261 -1.166152
v -0.000625 0.261057 -1.798849
v 0.027606 0.256407 -1.796212
v 0.022342 0.238592 -1.773695
v -0.005888 0.243242 -1.776332
v -0.835267 1.672077 -0.824343
v -0.814651 1.667018 -0.843706
v -0.821424 1.656430 -0.804980
v -0.800808 1.651371 -0.824343
v -1.278347 0.283818 -1.227610
v -1.257683 0.278821 -1.246938
v -1.245753 0.259301 -1.228807
v -1.266417 0.264298 -1.209479
v -1.149032 1.694919 0.000000
v -1.146914 1.689860 -0.013459
v -1.125744 1.679272 0.000000
v -1.123626 1.674213 -0.008536
v -1.766239 0.249283 0.000000
v -1.763183 0.244770 -0.011429
v -1.738914 0.229440 -0.006123
v -1.741971 0.233953 0.000000
v 0.818399 1.681967 0.833554
v 0.836634 1.676908 0.811934
v 0.798325 1.666320 0.820765
v 0.816560 1.661261 0.799144
v 1.209342 0.283818 1.223995
v 1.227539 0.278821 1.202328
v 1.208797 0.259300 1.191383
v 1.190600 0.264297 1.213050
v -0.013560 1.681967 1.191840
v 0.014616 1.676908 1.189378
v -0.018767 1.666320 1.168614
v 0.009409 1.661261 1.166152
v -0.000625 0.261057 1.798849
v 0.027606 0.256407 1.796212
v 0.022343 0.238592 1.773695
v -0.005888 0.243242 1.776332
v -0.835267 1.672077 0.824343
v -0.814651 1.667018 0.843706
v -0.821424 1.656430 0.804980
v -0.800807 1.651371 0.824343
v -1.278347 0.283818 1.227610
v -1.257683 0.278821 1.246938
v -1.245753 0.259301 1.228807
v -1.266417 0.264298 1.209479
v -1.146914 1.689860 0.013459
v -1.123626 1.674213 0.008536
v -1.763183 0.244770 0.011430
v -1.738914 0.229440 0.006123
v -0.016860 2.805309 0.000000
v -0.016860 3.312534 0.000000
v -0.008430 2.805309 -0.014601
v -0.008430 3.312534 -0.014601
v 0.008430 2.805309 -0.014601
v 0.008430 3.312534 -0.014601
v 0.016860 2.805309 0.000000
v 0.016860 3.312534 0.000000
v 0.008430 2.805309 0.014601
v 0.008430 3.312534 0.014601
v -0.008430 2.805309 0.014601
v -0.008430 3.312534 0.014601
v -0.098126 3.118075 -0.384662
v -0.099434 3.230917 -0.451050
v -0.034520 3.307300 -0.011435
v -0.032840 3.122046 -0.011900
v -0.082214 2.981809 -0.443654
v -0.031161 2.999876 -0.012366
v -0.099580 3.117918 -0.301340
v -0.100888 3.230759 -0.367728
v -0.083669 2.981652 -0.360332
vt 0.715337 0.969665
vt 0.715337 0.969664
vt 0.715337 0.969664
vt 0.714629 0.971015
vt 0.097256 0.345668
vt 0.097256 0.345668
vt 0.097256 0.345668
vt 0.097256 0.345668
vt 0.031915 0.346126
vt 0.031915 0.346126
vt 0.031915 0.346126
vt 0.031915 0.346126
vt 0.097256 0.345668
vt 0.097256 0.345668
vt 0.097256 0.345668
vt 0.097256 0.345668
vt 0.097256 0.345668
vt 0.097256 0.345668
vt 0.097256 0.345668
vt 0.713938 0.972330
vt 0.713938 0.972330
vt 0.714634 0.971005
vt 0.714703 0.970873
vt 0.713938 0.972330
vt 0.713938 0.972330
vt 0.713938 0.972330
vt 0.714631 0.971011
vt 0.031915 0.346126
vt 0.031915 0.346126
vt 0.031915 0.346126
vt 0.031915 0.346126
vt 0.031915 0.346126
vt 0.031915 0.346126
vt 0.031915 0.346126
vt 0.031915 0.346126
vt 0.031915 0.346126
vt 0.031915 0.346126
vt 0.031915 0.346126
vt 0.031915 0.346126
vt 0.715337 0.969664
vt 0.715337 0.969664
vt 0.714630 0.971011
vt 0.715337 0.969664
vt 0.097256 0.345668
vt 0.097256 0.345668
vt 0.097256 0.345668
vt 0.097256 0.345668
vt 0.097256 0.345668
vt 0.097256 0.345668
vt 0.097256 0.345668
vt 0.031915 0.346126
vt 0.031915 0.346126
vt 0.031915 0.346126
vt 0.031915 0.346126
vt 0.097256 0.345668
vt 0.097256 0.345668
vt 0.097256 0.345668
vt 0.097256 0.345668
vt 0.097256 0.345668
vt 0.097256 0.345668
vt 0.097256 0.345668
vt 0.097256 0.345668
vt 0.097256 0.345668
vt 0.097256 0.345668
vt 0.097256 0.345668
vt 0.713938 0.972330
vt 0.713938 0.972330
vt 0.714596 0.971076
vt 0.714610 0.971050
vt 0.713938 0.972330
vt 0.713938 0.972330
vt 0.714628 0.971015
vt 0.713938 0.972330
vt 0.720379 0.968974
vt 0.720379 0.968974
vt 0.720379 0.968974
vt 0.720379 0.968974
vt 0.097256 0.345668
vt 0.097256 0.345668
vt 0.097256 0.345668
vt 0.097256 0.345668
vt 0.097256 0.345668
vt 0.097256 0.345668
vt 0.097256 0.345668
vt 0.097256 0.345668
vt 0.097256 0.345668
vt 0.097256 0.345668
vt 0.097256 0.345668
vt 0.097256 0.345668
vt 0.097256 0.345668
vt 0.097256 0.345668
vt 0.097256 0.345668
vt 0.097256 0.345668
vt 0.097256 0.345668
vt 0.097256 0.345668
vt 0.097256 0.345668
vt 0.715337 0.969664
vt 0.715337 0.969664
vt 0.715337 0.969664
vt 0.715337 0.969664
vt 0.714645 0.970983
vt 0.097256 0.345668
vt 0.097256 0.345668
vt 0.097256 0.345668
vt 0.097256 0.345668
vt 0.097256 0.345668
vt 0.097256 0.345668
vt 0.097256 0.345668
vt 0.097256 0.345668
vt 0.097256 0.345668
vt 0.097256 0.345668
vt 0.097256 0.345668
vt 0.097256 0.345668
vt 0.097256 0.345668
vt 0.097256 0.345668
vt 0.097256 0.345668
vt 0.097256 0.345668
vt 0.031915 0.346126
vt 0.031915 0.346126
vt 0.031915 0.346126
vt 0.031915 0.346126
vt 0.720379 0.968974
vt 0.720379 0.968974
vt 0.720379 0.968974
vt 0.720379 0.968974
vt 0.720379 0.968974
vt 0.720379 0.968974
vt 0.097256 0.345668
vt 0.097256 0.345668
vt 0.097256 0.345668
vt 0.097256 0.345668
vt 0.720378 0.968973
vt 0.720378 0.968973
vt 0.720378 0.968973
vt 0.031915 0.346126
vt 0.031915 0.346126
vt 0.720379 0.968974
vt 0.720379 0.968974
vt 0.720379 0.968974
vt 0.097256 0.345668
vt 0.097256 0.345668
vt 0.097256 0.345668
vt 0.097256 0.345668
vt 0.720378 0.968973
vt 0.720378 0.968973
vt 0.720378 0.968973
vt 0.720378 0.968973
vt 0.031915 0.346126
vt 0.031915 0.346126
vt 0.031915 0.346126
vt 0.031915 0.346126
vt 0.720379 0.968974
vt 0.097256 0.345668
vt 0.097256 0.345668
vt 0.097256 0.345668
vt 0.097256 0.345668
vt 0.720378 0.968973
vt 0.720378 0.968973
vt 0.720378 0.968973
vt 0.031915 0.346126
vt 0.031915 0.346126
vt 0.031915 0.346126
vt 0.031915 0.346126
vt 0.720378 0.968973
vt 0.720378 0.968973
vt 0.720378 0.968973
vt 0.720378 0.968973
vt 0.720378 0.968973
vt 0.097256 0.345668
vt 0.097256 0.345668
vt 0.097256 0.345668
vt 0.097256 0.345668
vt 0.720379 0.968974
vt 0.720379 0.968974
vt 0.720379 0.968974
vt 0.720379 0.968974
vt 0.031915 0.346126
vt 0.031915 0.346126
vt 0.031915 0.346126
vt 0.031915 0.346126
vt 0.720378 0.968973
vt 0.720378 0.968973
vt 0.720378 0.968973
vt 0.097256 0.345668
vt 0.097256 0.345668
vt 0.097256 0.345668
vt 0.097256 0.345668
vt 0.720379 0.968974
vt 0.720379 0.968974
vt 0.720379 0.968974
vt 0.031915 0.346126
vt 0.031915 0.346126
vt 0.720378 0.968973
vt 0.720378 0.968973
vt 0.720378 0.968973
vt 0.097256 0.345668
vt 0.097256 0.345668
vt 0.720379 0.968974
vt 0.720379 0.968974
vt 0.720379 0.968974
vt 0.031915 0.346126
vt 0.031915 0.346126
vt 0.031915 0.346126
vt 0.031915 0.346126
vt 0.715337 0.969664
vt 0.715337 0.969664
vt 0.715337 0.969664
vt 0.097256 0.345668
vt 0.097256 0.345668
vt 0.097256 0.345668
vt 0.097256 0.345668
vt 0.097256 0.345668
vt 0.097256 0.345668
vt 0.097256 0.345668
vt 0.713938 0.972330
vt 0.713938 0.972330
vt 0.714647 0.970979
vt 0.714628 0.971017
vt 0.097256 0.345668
vt 0.097256 0.345668
vt 0.097256 0.345668
vt 0.097256 0.345668
vt 0.097256 0.345668
vt 0.097256 0.345668
vt 0.097256 0.345668
vt 0.097256 0.345668
vt 0.097256 0.345668
vt 0.097256 0.345668
vt 0.097256 0.345668
vt 0.097256 0.345668
vt 0.097256 0.345668
vt 0.097256 0.345668
vt 0.097256 0.345668
vt 0.097256 0.345668
vt 0.097256 0.345668
vt 0.097256 0.345668
vt 0.097256 0.345668
vt 0.097256 0.345668
vt 0.097256 0.345668
vt 0.097256 0.345668
vt 0.097256 0.345668
vt 0.097256 0.345668
vt 0.713938 0.972330
vt 0.713938 0.972330
vt 0.713938 0.972330
vt 0.097256 0.345668
vt 0.097256 0.345668
vt 0.097256 0.345668
vt 0.097256 0.345668
vt 0.097256 0.345668
vt 0.715337 0.969664
vt 0.715337 0.969664
vt 0.714638 0.970997
vt 0.097256 0.345668
vt 0.097256 0.345668
vt 0.097256 0.345668
vt 0.097256 0.345668
vt 0.097256 0.345668
vt 0.097256 0.345668
vt 0.097256 0.345668
vt 0.097256 0.345668
vt 0.097256 0.345668
vt 0.097256 0.345668
vt 0.097256 0.345668
vt 0.097256 0.345668
vt 0.097256 0.345668
vt 0.097256 0.345668
vt 0.097256 0.345668
vt 0.097256 0.345668
vt 0.097256 0.345668
vt 0.097256 0.345668
vt 0.097256 0.345668
vt 0.097256 0.345668
vt 0.097256 0.345668
vt 0.097256 0.345668
vt 0.097256 0.345668
vt 0.097256 0.345668
vt 0.097256 0.345668
vt 0.097256 0.345668
vt 0.097256 0.345668
vt 0.097256 0.345668
vt 0.097256 0.345668
vt 0.097256 0.345668
vt 0.097256 0.345668
vt 0.097256 0.345668
vt 0.713938 0.972330
vt 0.713938 0.972330
vt 0.713938 0.972330
vt 0.097256 0.345668
vt 0.097256 0.345668
vt 0.097256 0.345668
vt 0.097256 0.345668
vt 0.097256 0.345668
vt 0.097256 0.345668
vt 0.097256 0.345668
vt 0.097256 0.345668
vt 0.097256 0.345668
vt 0.097256 0.345668
vt 0.097256 0.345668
vt 0.097256 0.345668
vt 0.097256 0.345668
vt 0.097256 0.345668
vt 0.097256 0.345668
vt 0.097256 0.345668
vt 0.097256 0.345668
vt 0.097256 0.345668
vt 0.097256 0.345668
vt 0.097256 0.345668
vt 0.097256 0.345668
vt 0.097256 0.345668
vt 0.220433 0.345067
vt 0.220433 0.345067
vt 0.220433 0.345067
vt 0.220433 0.345067
vt 0.097256 0.345668
vt 0.715337 0.969665
vt 0.715337 0.969664
vt 0.097256 0.345668
vt 0.097256 0.345668
vt 0.097256 0.345668
vt 0.097256 0.345668
vt 0.097256 0.345668
vt 0.097256 0.345668
vt 0.713938 0.972330
vt 0.713938 0.972330
vt 0.097256 0.345668
vt 0.097256 0.345668
vt 0.031915 0.346126
vt 0.031915 0.346126
vt 0.097256 0.345668
vt 0.097256 0.345668
vt 0.097256 0.345668
vt 0.097256 0.345668
vt 0.097256 0.345668
vt 0.031915 0.346126
vt 0.031915 0.346126
vt 0.097256 0.345668
vt 0.097256 0.345668
vt 0.031915 0.346126
vt 0.031915 0.346126
vt 0.097256 0.345668
vt 0.097256 0.345668
vt 0.097256 0.345668
vt 0.097256 0.345668
vt 0.031915 0.346126
vt 0.031915 0.346126
vt 0.097256 0.345668
vt 0.097256 0.345668
vt 0.097256 0.345668
vt 0.097256 0.345668
vt 0.097256 0.345668
vt 0.097256 0.345668
vt 0.715337 0.969664
vt 0.715337 0.969664
vt 0.715337 0.969664
vt 0.220433 0.345067
vt 0.220433 0.345067
vt 0.220433 0.345067
vt 0.220433 0.345067
vt 0.220433 0.345067
vt 0.220433 0.345067
vt 0.220433 0.345067
vt 0.220433 0.345067
vt 0.220433 0.345067
vt 0.220433 0.345067
vt 0.220433 0.345067
vt 0.220433 0.345067
vt 0.220433 0.345067
vt 0.220433 0.345067
vt 0.220433 0.345067
vt 0.220433 0.345067
vt 0.220433 0.345067
vt 0.220433 0.345067
vt 0.220433 0.345067
vt 0.220433 0.345067
vt 0.220433 0.345067
vt 0.220433 0.345067
vt 0.220433 0.345067
vt 0.220433 0.345067
vt 0.220433 0.345067
vt 0.220433 0.345067
vt 0.220433 0.345067
vt 0.220433 0.345067
vt 0.220433 0.345067
vt 0.220433 0.345067
vt 0.220433 0.345067
vt 0.220433 0.345067
vt 0.220433 0.345067
vt 0.220433 0.345067
vt 0.220433 0.345067
vt 0.220433 0.345067
vt 0.220433 0.345067
vt 0.220433 0.345067
vt 0.220433 0.345067
vt 0.220433 0.345067
vt 0.220433 0.345067
vt 0.220433 0.345067
vt 0.220433 0.345067
vt 0.220433 0.345067
vt 0.220433 0.345067
vt 0.220433 0.345067
vt 0.220433 0.345067
vt 0.220433 0.345067
vt 0.220433 0.345067
vt 0.220433 0.345067
vt 0.220433 0.345067
vt 0.220433 0.345067
vt 0.220433 0.345067
vt 0.220433 0.345067
vt 0.220433 0.345067
vt 0.220433 0.345067
vt 0.220433 0.345067
vt 0.220433 0.345067
vt 0.220433 0.345067
vt 0.220433 0.345067
vt 0.097256 0.345668
vt 0.097256 0.345668
vt 0.097256 0.345668
vt 0.097256 0.345668
vt 0.097256 0.345668
vt 0.097256 0.345668
vt 0.097256 0.345668
vt 0.031915 0.346126
vt 0.031915 0.346126
vt 0.097256 0.345668
vt 0.097256 0.345668
vt 0.097256 0.345668
vt 0.720380 0.968974
vt 0.720380 0.968974
vt 0.720380 0.968974
vt 0.720380 0.968974
vt 0.097256 0.345668
vt 0.097256 0.345668
vt 0.720379 0.968974
vt 0.720379 0.968974
vt 0.097256 0.345668
vt 0.097256 0.345668
vt 0.156914 0.346415
vt 0.156914 0.346415
vt 0.156914 0.346415
vt 0.156914 0.346415
vt 0.156914 0.346415
vt 0.156914 0.346415
vt 0.156914 0.346415
vt 0.156914 0.346415
vt 0.156914 0.346415
vt 0.156914 0.346415
vt 0.156914 0.346415
vt 0.156914 0.346415
vt 0.156914 0.346415
vt 0.156914 0.346415
vt 0.097256 0.345668
vt 0.097256 0.345668
vt 0.097256 0.345668
vt 0.097256 0.345668
vt 0.097256 0.345668
vt 0.097256 0.345668
vt 0.720380 0.968974
vt 0.720380 0.968974
vt 0.097256 0.345668
vt 0.097256 0.345668
vt 0.097256 0.345668
vt 0.097256 0.345668
vt 0.097256 0.345668
vt 0.097256 0.345668
vt 0.097256 0.345668
vt 0.097256 0.345668
vt 0.097256 0.345668
vt 0.097256 0.345668
vt 0.097256 0.345668
vt 0.097256 0.345668
vt 0.097256 0.345668
vt 0.097256 0.345668
vt 0.097256 0.345668
vt 0.097256 0.345668
vt 0.097256 0.345668
vt 0.097256 0.345668
vt 0.097256 0.345668
vt 0.097256 0.345668
vt 0.097256 0.345668
vt 0.097256 0.345668
vt 0.097256 0.345668
vt 0.097256 0.345668
vt 0.097256 0.345668
vt 0.097256 0.345668
vt 0.097256 0.345668
vt 0.097256 0.345668
vt 0.097256 0.345668
vt 0.097256 0.345668
vt 0.097256 0.345668
vt 0.097256 0.345668
vt 0.097256 0.345668
vt 0.097256 0.345668
vt 0.097256 0.345668
vt 0.097256 0.345668
vt 0.097256 0.345668
vt 0.097256 0.345668
vt 0.097256 0.345668
vt 0.097256 0.345668
vt 0.097256 0.345668
vt 0.097256 0.345668
vt 0.097256 0.345668
vt 0.097256 0.345668
vt 0.097256 0.345668
vt 0.097256 0.345668
vt 0.097256 0.345668
vt 0.097256 0.345668
vt 0.097256 0.345668
vt 0.097256 0.345668
vt 0.097256 0.345668
vt 0.097256 0.345668
vt 0.097256 0.345668
vt 0.097256 0.345668
vt 0.097256 0.345668
vt 0.097256 0.345668
vt 0.097256 0.345668
vt 0.097256 0.345668
vt 0.097256 0.345668
vt 0.097256 0.345668
vt 0.097256 0.345668
vt 0.097256 0.345668
vt 0.097256 0.345668
vt 0.097256 0.345668
vt 0.097256 0.345668
vt 0.097256 0.345668
vt 0.097256 0.345668
vt 0.097256 0.345668
vt 0.097256 0.345668
vt 0.097256 0.345668
vt 0.097256 0.345668
vt 0.097256 0.345668
vt 0.097256 0.345668
vt 0.097256 0.345668
vt 0.097256 0.345668
vt 0.097256 0.345668
vt 0.097256 0.345668
vt 0.097256 0.345668
vt 0.097256 0.345668
vt 0.097256 0.345668
vt 0.097256 0.345668
vt 0.097256 0.345668
vt 0.097256 0.345668
vt 0.097256 0.345668
vt 0.097256 0.345668
vt 0.097256 0.345668
vt 0.097256 0.345668
vt 0.097256 0.345668
vt 0.097256 0.345668
vt 0.097256 0.345668
vt 0.097256 0.345668
vt 0.097256 0.345668
vt 0.097256 0.345668
vt 0.097256 0.345668
vt 0.097256 0.345668
vt 0.097256 0.345668
vt 0.097256 0.345668
vt 0.097256 0.345668
vt 0.097256 0.345668
vt 0.097256 0.345668
vt 0.097256 0.345668
vt 0.097256 0.345668
vt 0.097256 0.345668
vt 0.097256 0.345668
vt 0.097256 0.345668
vt 0.097256 0.345668
vt 0.097256 0.345668
vt 0.097256 0.345668
vt 0.097256 0.345668
vt 0.097256 0.345668
vt 0.097256 0.345668
vt 0.097256 0.345668
vt 0.097256 0.345668
vt 0.097256 0.345668
vt 0.097256 0.345668
vt 0.097256 0.345668
vt 0.097256 0.345668
vt 0.031915 0.346126
vt 0.720380 0.968974
vt 0.720380 0.968974
vt 0.720380 0.968974
vt 0.720380 0.968974
vt 0.720380 0.968974
vt 0.720380 0.968974
vt 0.720380 0.968974
vt 0.720380 0.968974
vt 0.720380 0.968974
vt 0.720380 0.968974
vt 0.720380 0.968974
vt 0.720380 0.968974
vt 0.720380 0.968974
vt 0.097256 0.345668
vt 0.097256 0.345668
vt 0.097256 0.345668
vt 0.097256 0.345668
vt 0.097256 0.345668
vt 0.097256 0.345668
vt 0.097256 0.345668
vt 0.097256 0.345668
vt 0.097256 0.345668
vt 0.097256 0.345668
vt 0.097256 0.345668
vt 0.097256 0.345668
vt 0.097256 0.345668
vt 0.097256 0.345668
vt 0.031914 0.346126
vt 0.031914 0.346126
vt 0.031914 0.346126
vt 0.031914 0.346126
vt 0.031914 0.346126
vt 0.031914 0.346126
vt 0.031914 0.346126
vt 0.031914 0.346126
vt 0.031914 0.346126
vt 0.031914 0.346126
vt 0.031914 0.346126
vt 0.031914 0.346126
vt 0.031914 0.346126
vt 0.031914 0.346126
vt 0.031914 0.346126
vt 0.031914 0.346126
vt 0.031914 0.346126
vt 0.031914 0.346126
vt 0.031914 0.346126
vt 0.031914 0.346126
vt 0.031914 0.346126
vt 0.031914 0.346126
vt 0.031914 0.346126
vt 0.031914 0.346126
vt 0.031914 0.346126
vt 0.031914 0.346126
vt 0.031914 0.346126
vt 0.031914 0.346126
vt 0.031914 0.346126
vt 0.031914 0.346126
vt 0.031914 0.346126
vt 0.031914 0.346126
vt 0.097256 0.345668
vt 0.097256 0.345668
vt 0.031915 0.346126
vt 0.031915 0.346126
vt 0.097256 0.345668
vt 0.031915 0.346126
vt 0.031915 0.346126
vt 0.097256 0.345668
vt 0.720380 0.968974
vt 0.031915 0.346126
vt 0.031915 0.346126
vt 0.031915 0.346126
vt 0.031915 0.346126
vt 0.031915 0.346126
vt 0.031915 0.346126
vt 0.713938 0.972330
vt 0.713938 0.972330
vt 0.714638 0.970996
vt 0.713938 0.972330
vt 0.714637 0.970999
vt 0.715337 0.969664
vt 0.715337 0.969664
vt 0.714641 0.970992
vt 0.715337 0.969664
vt 0.714634 0.971005
vt 0.713938 0.972330
vt 0.713938 0.972330
vt 0.713938 0.972330
vt 0.713938 0.972330
vt 0.713938 0.972330
vt 0.715337 0.969664
vt 0.715337 0.969665
vt 0.714636 0.971001
vt 0.715337 0.969664
vt 0.714571 0.971124
vt 0.715337 0.969664
vt 0.715337 0.969664
vt 0.714650 0.970974
vt 0.715129 0.970061
vt 0.713938 0.972330
vt 0.713938 0.972330
vt 0.713938 0.972330
vt 0.713938 0.972330
vt 0.713938 0.972330
vt 0.715337 0.969664
vt 0.715337 0.969664
vt 0.714638 0.970997
vt 0.715281 0.969772
vt 0.714638 0.970997
vt 0.715337 0.969664
vt 0.715337 0.969664
vt 0.715337 0.969664
vt 0.715337 0.969664
vt 0.713938 0.972330
vt 0.713938 0.972330
vt 0.713938 0.972330
vt 0.714673 0.970930
vt 0.715337 0.969664
vt 0.715337 0.969664
vt 0.715337 0.969664
vt 0.715337 0.969664
vt 0.715337 0.969664
vt 0.713938 0.972330
vt 0.713938 0.972330
vt 0.713938 0.972330
vt 0.715337 0.969665
vt 0.715337 0.969664
vt 0.715337 0.969664
vt 0.715337 0.969664
vt 0.715337 0.969665
vt 0.713938 0.972330
vt 0.713938 0.972330
vt 0.714225 0.971785
vt 0.713938 0.972330
vt 0.713938 0.972330
vt 0.713938 0.972330
vt 0.713938 0.972330
vt 0.715337 0.969664
vt 0.715337 0.969664
vt 0.715337 0.969664
vt 0.715337 0.969664
vt 0.713938 0.972330
vt 0.713938 0.972330
vt 0.713938 0.972330
vt 0.713938 0.972330
vt 0.097256 0.345668
vt 0.097256 0.345668
vt 0.097256 0.345668
vt 0.097256 0.345668
vt 0.097256 0.345668
vt 0.720378 0.968973
vt 0.097256 0.345668
vt 0.097256 0.345668
vt 0.097256 0.345668
vt 0.097256 0.345668
vt 0.720378 0.968973
vt 0.720378 0.968973
vt 0.031915 0.346126
vt 0.031915 0.346126
vt 0.031915 0.346126
vt 0.031915 0.346126
vt 0.031915 0.346126
vt 0.031915 0.346126
vt 0.031915 0.346126
vt 0.031915 0.346126
vt 0.031915 0.346126
vt 0.031915 0.346126
vt 0.031915 0.346126
vt 0.031915 0.346126
vt 0.031915 0.346126
vt 0.031915 0.346126
vt 0.031915 0.346126
vt 0.031915 0.346126
vt 0.031915 0.346126
vt 0.031915 0.346126
vt 0.031915 0.346126
vt 0.031915 0.346126
vt 0.031915 0.346126
vt 0.031915 0.346126
vt 0.031915 0.346126
vt 0.031915 0.346126
vt 0.031915 0.346126
vt 0.031915 0.346126
vt 0.031915 0.346126
vt 0.031915 0.346126
vt 0.097256 0.345668
vt 0.097256 0.345668
vt 0.097256 0.345668
vt 0.156914 0.346415
vt 0.097256 0.345668
vt 0.097256 0.345668
vt 0.720380 0.968974
vt 0.720380 0.968974
vt 0.031915 0.346126
vt 0.031915 0.346126
vt 0.097256 0.345668
vt 0.097256 0.345668
vt 0.097256 0.345668
vt 0.097256 0.345668
vt 0.097256 0.345668
vt 0.031915 0.346126
vt 0.031915 0.346126
vt 0.031915 0.346126
vt 0.031915 0.346126
vt 0.031915 0.346126
vt 0.031915 0.346126
vt 0.031915 0.346126
vt 0.097256 0.345668
vt 0.097256 0.345668
vt 0.097256 0.345668
vt 0.031915 0.346126
vt 0.031915 0.346126
vt 0.031915 0.346126
vt 0.097256 0.345668
vt 0.097256 0.345668
vt 0.097256 0.345668
vt 0.097256 0.345668
vt 0.097256 0.345668
vt 0.097256 0.345668
vt 0.031915 0.346126
vt 0.031915 0.346126
vt 0.031915 0.346126
vt 0.097256 0.345668
vt 0.097256 0.345668
vt 0.097256 0.345668
vt 0.097256 0.345668
vt 0.097256 0.345668
vt 0.097256 0.345668
vt 0.097256 0.345668
vt 0.031915 0.346126
vt 0.031915 0.346126
vt 0.031915 0.346126
vt 0.097256 0.345668
vt 0.097256 0.345668
vt 0.097256 0.345668
vt 0.031915 0.346126
vt 0.031915 0.346126
vt 0.031915 0.346126
vt 0.031915 0.346126
vt 0.720380 0.968974
vt 0.031915 0.346126
vt 0.031915 0.346126
vt 0.031915 0.346126
vt 0.720380 0.968974
vt 0.720380 0.968974
vt 0.721824 0.962509
vt 0.721824 0.962509
vt 0.721824 0.962509
vt 0.721824 0.962509
vt 0.721824 0.962509
vt 0.721824 0.962509
vt 0.721824 0.962509
vt 0.721824 0.962509
vt 0.970852 0.907707
vt 0.970854 0.907707
vt 0.970854 0.907710
vt 0.970852 0.907710
vt 0.721824 0.962509
vt 0.721824 0.962509
vt 0.721824 0.962509
vt 0.721824 0.962509
vt 0.721824 0.962509
vt 0.721824 0.962509
vt 0.970852 0.907710
vt 0.970850 0.907710
vt 0.970850 0.907707
vt 0.970852 0.907707
vt 0.721824 0.962509
vt 0.721824 0.962509
vt 0.970854 0.907707
vt 0.970854 0.907710
vt 0.721824 0.962509
vt 0.721824 0.962509
vt 0.721824 0.962509
vt 0.721824 0.962509
vt 0.970852 0.907705
vt 0.970852 0.907707
vt 0.970850 0.907707
vt 0.970850 0.907705
vt 0.970852 0.907710
vt 0.970850 0.907710
vt 0.721824 0.962509
vt 0.721824 0.962509
vt 0.970854 0.907710
vt 0.721824 0.962509
vt 0.721824 0.962509
vt 0.721824 0.962509
vt 0.721824 0.962509
vt 0.721824 0.962509
vt 0.721824 0.962509
vt 0.970852 0.907710
vt 0.970850 0.907710
vt 0.970850 0.907707
vt 0.970852 0.907707
vt 0.970852 0.907712
vt 0.970850 0.907712
vt 0.970854 0.907707
vt 0.721824 0.962509
vt 0.721824 0.962509
vt 0.721824 0.962509
vt 0.721824 0.962509
vt 0.970852 0.907707
vt 0.970850 0.907707
vt 0.970850 0.907705
vt 0.970852 0.907705
vt 0.970852 0.907710
vt 0.970850 0.907710
vt 0.721824 0.962509
vt 0.721824 0.962509
vt 0.970854 0.907710
vt 0.721824 0.962509
vt 0.721824 0.962509
vt 0.721824 0.962509
vt 0.721824 0.962509
vt 0.970852 0.907707
vt 0.970850 0.907707
vt 0.970850 0.907705
vt 0.970852 0.907705
vt 0.970852 0.907710
vt 0.970850 0.907710
vt 0.721824 0.962509
vt 0.721824 0.962509
vt 0.970854 0.907710
vt 0.970852 0.907705
vt 0.970850 0.907705
vt 0.970850 0.907702
vt 0.970852 0.907702
vt 0.970852 0.907707
vt 0.970850 0.907707
vt 0.721824 0.962509
vt 0.721824 0.962509
vt 0.721824 0.962509
vt 0.721824 0.962509
vt 0.970852 0.907710
vt 0.970850 0.907710
vt 0.721839 0.962487
vt 0.721835 0.962489
vt 0.721843 0.962498
vt 0.721844 0.962498
vt 0.721835 0.962498
vt 0.721833 0.962494
vt 0.970850 0.907710
vt 0.970850 0.907707
vt 0.970850 0.907712
vt 0.970850 0.907702
vt 0.721824 0.962509
vt 0.970850 0.907705
vt 0.970850 0.907712
vt 0.970850 0.907702
vt 0.721824 0.962509
vt 0.970850 0.907702
vt 0.970850 0.907705
vt 0.721824 0.962509
vt 0.721824 0.962509
vt 0.721824 0.962509
vt 0.970850 0.907705
vt 0.721824 0.962509
vt 0.715319 0.963819
vt 0.715319 0.963819
vt 0.715319 0.963819
vt 0.715319 0.963819
vt 0.715319 0.963819
vt 0.715319 0.963819
vt 0.715319 0.963819
vt 0.715319 0.963819
vt 0.970852 0.907707
vt 0.970854 0.907707
vt 0.970854 0.907710
vt 0.970852 0.907710
vt 0.715319 0.963819
vt 0.715319 0.963819
vt 0.715319 0.963819
vt 0.715319 0.963819
vt 0.715319 0.963819
vt 0.715319 0.963819
vt 0.970852 0.907710
vt 0.970850 0.907710
vt 0.970850 0.907707
vt 0.970852 0.907707
vt 0.715319 0.963819
vt 0.715319 0.963819
vt 0.970854 0.907707
vt 0.970854 0.907710
vt 0.715319 0.963819
vt 0.715319 0.963819
vt 0.715319 0.963819
vt 0.715319 0.963819
vt 0.970852 0.907705
vt 0.970852 0.907707
vt 0.970850 0.907707
vt 0.970850 0.907705
vt 0.970852 0.907710
vt 0.970850 0.907710
vt 0.715319 0.963819
vt 0.715319 0.963819
vt 0.970854 0.907710
vt 0.715319 0.963819
vt 0.715319 0.963819
vt 0.715319 0.963819
vt 0.715319 0.963819
vt 0.715319 0.963819
vt 0.715319 0.963819
vt 0.970852 0.907710
vt 0.970850 0.907710
vt 0.970850 0.907707
vt 0.970852 0.907707
vt 0.970852 0.907712
vt 0.970850 0.907712
vt 0.970854 0.907707
vt 0.715319 0.963819
vt 0.715319 0.963819
vt 0.715319 0.963819
vt 0.715319 0.963819
vt 0.970852 0.907707
vt 0.970850 0.907707
vt 0.970850 0.907705
vt 0.970852 0.907705
vt 0.970852 0.907710
vt 0.970850 0.907710
vt 0.715319 0.963819
vt 0.715319 0.963819
vt 0.970854 0.907710
vt 0.715319 0.963819
vt 0.715319 0.963819
vt 0.715319 0.963819
vt 0.715319 0.963819
vt 0.970852 0.907707
vt 0.970850 0.907707
vt 0.970850 0.907705
vt 0.970852 0.907705
vt 0.970852 0.907710
vt 0.970850 0.907710
vt 0.715319 0.963819
vt 0.715319 0.963819
vt 0.970854 0.907710
vt 0.970852 0.907705
vt 0.970850 0.907705
vt 0.970850 0.907702
vt 0.970852 0.907702
vt 0.970852 0.907707
vt 0.970850 0.907707
vt 0.715319 0.963819
vt 0.715319 0.963819
vt 0.715319 0.963819
vt 0.715319 0.963819
vt 0.970852 0.907710
vt 0.970850 0.907710
vt 0.715335 0.963797
vt 0.715331 0.963799
vt 0.715339 0.963808
vt 0.715339 0.963807
vt 0.715331 0.963807
vt 0.715329 0.963803
vt 0.970850 0.907712
vt 0.970850 0.907710
vt 0.970850 0.907705
vt 0.715319 0.963819
vt 0.715319 0.963819
vt 0.715319 0.963819
vt 0.970850 0.907707
vt 0.970850 0.907712
vt 0.970850 0.907702
vt 0.970850 0.907705
vt 0.970850 0.907712
vt 0.970850 0.907702
vt 0.715319 0.963819
vt 0.970850 0.907702
vt 0.970850 0.907705
vt 0.715319 0.963819
vt 0.715319 0.963819
vt 0.970850 0.907702
vt 0.910680 0.970181
vt 0.910680 0.970181
vt 0.910680 0.970181
vt 0.910680 0.970181
vt 0.910680 0.970181
vt 0.910680 0.970181
vt 0.910680 0.970181
vt 0.910680 0.970181
vt 0.910680 0.970181
vt 0.910680 0.970181
vt 0.910680 0.970181
vt 0.910680 0.970181
vt 0.910680 0.970181
vt 0.910680 0.970181
vt 0.910680 0.970181
vt 0.910680 0.970181
vt 0.910680 0.970181
vt 0.910680 0.970181
vt 0.910680 0.970181
vt 0.910680 0.970181
vt 0.910680 0.970181
vt 0.910680 0.970181
vt 0.910680 0.970181
vt 0.910680 0.970181
vt 0.910680 0.970181
vt 0.910680 0.970181
vt 0.910680 0.970181
vt 0.910680 0.970181
vt 0.910680 0.970181
vt 0.910680 0.970181
vt 0.910680 0.970181
vt 0.910680 0.970181
vt 0.910680 0.970181
vt 0.910680 0.970181
vt 0.910680 0.970181
vt 0.910680 0.970181
vt 0.910680 0.970181
vt 0.910680 0.970181
vt 0.910680 0.970181
vt 0.910680 0.970181
vt 0.910680 0.970181
vt 0.910680 0.970181
vt 0.910680 0.970181
vt 0.910680 0.970181
vt 0.910680 0.970181
vt 0.910680 0.970181
vt 0.910680 0.970181
vt 0.910680 0.970181
vt 0.910680 0.970181
vt 0.910680 0.970181
vt 0.910680 0.970181
vt 0.910680 0.970181
vt 0.910680 0.970181
vt 0.910680 0.970181
vt 0.910680 0.970181
vt 0.910680 0.970181
vt 0.910680 0.970181
vt 0.910680 0.970181
vt 0.910680 0.970181
vt 0.910680 0.970181
vt 0.968759 0.905883
vt 0.968759 0.905888
vt 0.968757 0.905888
vt 0.968757 0.905883
vt 0.968756 0.905888
vt 0.968756 0.905883
vt 0.968754 0.905888
vt 0.968754 0.905883
vt 0.968752 0.905888
vt 0.968752 0.905883
vt 0.968749 0.905881
vt 0.968749 0.905879
vt 0.968751 0.905888
vt 0.968751 0.905883
vt 0.968749 0.905888
vt 0.968749 0.905883
vt 0.719898 0.969631
vt 0.719898 0.969631
vt 0.719898 0.969631
vt 0.719898 0.969631
vt 0.843990 0.971185
vt 0.843990 0.971185
vt 0.843990 0.971185
vt 0.843990 0.971185
vt 0.843990 0.971185
vt 0.843990 0.971185
vt 0.784209 0.969067
vt 0.784209 0.969067
vt 0.784209 0.969067
vt 0.784209 0.969067
vt 0.784209 0.969067
vn -0.7075 0.6924 -0.1411
vn -0.8269 0.1086 -0.5517
vn -0.5535 0.0993 -0.8269
vn 0.5413 0.7566 0.3669
vn -0.1406 0.6927 -0.7074
vn 0.4006 0.6927 -0.5998
vn 0.8289 0.0635 -0.5558
vn 0.0099 -0.2983 0.9544
vn 0.8248 0.0619 0.5620
vn 0.4011 0.6920 0.6002
vn 0.3634 0.7557 -0.5448
vn -0.1796 0.0858 0.9800
vn -0.3544 0.7689 -0.5321
vn 0.6168 0.6698 -0.4135
vn -0.4012 0.6921 0.6001
vn -0.7078 0.6923 0.1405
vn 0.6992 0.6616 0.2710
vn -0.1423 0.6768 0.7222
vn 0.4167 0.6629 0.6220
vn -0.7277 0.6713 0.1408
vn 0.7278 0.6700 -0.1462
vn -0.4168 0.6629 0.6220
vn -0.6113 0.6772 -0.4095
vn -0.6002 0.6922 0.4007
vn -0.4006 0.6927 -0.5998
vn 0.1473 0.6722 0.7256
vn 0.7291 0.6690 0.1446
vn -0.1339 0.7423 -0.6566
vn -0.6230 0.6612 -0.4180
vn -0.7256 0.6734 -0.1414
vn 0.8754 -0.4453 0.1881
vn 0.5206 0.1699 0.8367
vn 0.3958 0.5156 0.7599
vn 0.2461 0.1909 0.9502
vn 0.3259 0.5455 0.7721
vn -0.2061 0.1837 0.9611
vn -0.2972 0.4853 0.8223
vn -0.5294 0.1697 0.8312
vn -0.3702 0.4682 0.8023
vn -0.8309 0.1672 0.5307
vn -0.8578 0.3687 0.3580
vn -0.9635 0.1656 0.2106
vn -0.9239 0.2351 0.3018
vn 0.9630 0.1033 0.2488
vn -0.0432 -0.3249 0.9447
vn 0.4219 0.2600 -0.8685
vn 0.5363 0.1541 -0.8299
vn 0.3967 0.3203 -0.8602
vn 0.2207 0.1751 -0.9595
vn -0.3434 0.3430 -0.8743
vn -0.2201 0.1806 -0.9586
vn -0.3638 0.3728 -0.8537
vn -0.5315 0.1713 -0.8296
vn -0.8185 0.4337 -0.3768
vn -0.8312 0.1686 -0.5298
vn -0.8460 0.4782 -0.2357
vn -0.9635 0.1662 -0.2099
vn 0.1406 0.6927 -0.7074
vn -0.3522 0.7710 0.5306
vn 0.7075 0.6925 -0.1411
vn 0.3694 0.7395 0.5628
vn 0.6172 0.6738 0.4063
vn 0.5317 0.7688 -0.3554
vn 0.1375 0.7378 0.6608
vn -0.6460 0.7528 0.1262
vn 0.6002 0.6922 0.4007
vn -0.5295 0.7719 -0.3518
vn -0.1409 0.6920 0.7080
vn 0.6809 0.7196 0.1364
vn -0.1422 0.6758 -0.7233
vn -0.4135 0.6749 0.6112
vn -0.6192 0.7753 -0.1245
vn -0.8030 -0.5691 -0.1768
vn 0.1485 -0.5836 0.7984
vn -0.1201 0.7736 0.6222
vn -0.1736 -0.5771 0.7980
vn 0.6706 0.7294 -0.1356
vn -0.4431 -0.5680 -0.6936
vn -0.8086 -0.5705 0.1437
vn 0.6652 -0.5804 0.4697
vn 0.4685 -0.5776 -0.6684
vn 0.1411 0.6920 0.7080
vn 0.6887 -0.5777 -0.4382
vn -0.6747 -0.5682 -0.4710
vn -0.6912 -0.5722 0.4413
vn 0.7969 -0.5776 0.1770
vn 0.1819 -0.5743 -0.7982
vn -0.8008 -0.5719 0.1781
vn -0.6706 -0.5735 0.4704
vn -0.4376 -0.5760 0.6905
vn -0.4693 -0.5740 0.6710
vn 0.1761 -0.5881 0.7894
vn 0.4618 -0.5823 0.6691
vn 0.4346 -0.5859 0.6840
vn 0.8311 -0.0303 -0.5553
vn -0.5556 0.7449 0.3693
vn 0.5996 0.6926 -0.4010
vn 0.4418 -0.5746 -0.6889
vn 0.1429 -0.5698 -0.8092
vn -0.1777 -0.5687 -0.8031
vn -0.1436 -0.5684 -0.8101
vn -0.5996 0.6926 -0.4010
vn -0.8090 -0.5704 -0.1423
vn 0.6878 -0.5782 0.4389
vn 0.5390 0.0536 0.8406
vn 0.2169 0.0589 0.9744
vn -0.1329 -0.5842 0.8007
vn -0.5507 0.1026 0.8284
vn -0.8259 0.1114 0.5527
vn -0.9741 0.1152 0.1943
vn -0.9745 0.1142 -0.1932
vn -0.6935 -0.5693 -0.4416
vn -0.4717 -0.5687 -0.6739
vn -0.1953 0.0877 -0.9768
vn 0.1919 0.0771 -0.9784
vn 0.5534 0.0696 -0.8300
vn 0.6684 -0.5777 -0.4685
vn 0.7968 -0.5777 -0.1771
vn 0.8687 -0.4584 -0.1876
vn 0.6587 -0.6086 0.4424
vn 0.4355 -0.6136 0.6586
vn 0.1587 -0.6153 0.7721
vn -0.1486 -0.6091 0.7791
vn -0.4420 -0.6048 0.6624
vn -0.6628 -0.6033 0.4435
vn -0.7831 -0.6019 0.1564
vn -0.7842 -0.6007 -0.1554
vn -0.6656 -0.5998 -0.4441
vn -0.4450 -0.5995 -0.6653
vn -0.1563 -0.5997 -0.7848
vn 0.1595 -0.6018 -0.7826
vn 0.4420 -0.6069 -0.6606
vn 0.6604 -0.6076 -0.4412
vn 0.7789 -0.6076 -0.1549
vn 0.7790 -0.6076 0.1549
vn 0.7078 0.6923 0.1405
vn 0.2005 0.0129 0.9796
vn 0.9883 0.0170 0.1514
vn -0.5555 0.0004 0.8315
vn -0.9808 -0.0013 0.1952
vn -0.8315 -0.0023 -0.5555
vn -0.1951 -0.0228 -0.9805
vn 0.5556 -0.0000 -0.8315
vn 0.5507 0.0604 0.8325
vn 0.9807 -0.0138 -0.1951
vn -0.1901 0.0062 0.9818
vn -0.8314 -0.0005 0.5556
vn -0.9752 0.1065 -0.1939
vn -0.5555 -0.0245 -0.8312
vn 0.1954 -0.0201 -0.9805
vn 0.8294 -0.0409 0.5572
vn 0.0073 -0.2581 -0.9661
vn 0.0000 -0.3423 -0.9396
vn 0.8489 0.1365 -0.5106
vn 0.9590 0.0989 -0.2656
vn -0.0754 -0.3409 0.9371
vn -0.0491 -0.3313 -0.9422
vn 0.7709 0.4427 -0.4579
vn 0.9683 0.0640 -0.2413
vn 0.9939 0.0955 0.0550
vn 0.9963 0.0760 -0.0407
vn 0.9993 -0.0367 -0.0006
vn 0.9961 0.0736 0.0490
vn 0.9945 0.0927 -0.0497
vn 0.0000 -1.0000 0.0000
vn 0.9664 0.0184 0.2563
vn -0.9738 0.0901 -0.2087
vn -0.8314 -0.0007 0.5557
vn 0.9811 -0.0119 -0.1931
vn -0.8310 -0.0025 -0.5563
vn 0.9839 0.0732 0.1632
vn 0.8336 -0.0257 -0.5518
vn 0.9808 0.0000 -0.1951
vn -0.5556 -0.0024 -0.8314
vn -0.5555 0.0002 0.8315
vn 0.8267 -0.0356 0.5616
vn 0.5528 0.0153 0.8332
vn -0.9808 -0.0016 0.1951
vn 0.1952 -0.0008 -0.9808
vn 0.1980 0.0127 0.9801
vn -0.9808 -0.0014 0.1948
vn -0.1991 -0.0201 -0.9798
vn -0.1876 0.0102 0.9822
vn 0.1988 -0.0177 -0.9799
vn 0.1922 -0.0170 -0.9812
vn 0.8326 -0.0324 0.5530
vn -0.5591 -0.0216 -0.8288
vn -0.9796 0.0901 -0.1797
vn -0.5520 -0.0214 -0.8336
vn 0.9803 -0.0116 -0.1970
vn -0.1929 0.0041 0.9812
vn 0.5430 0.0565 0.8378
vn 0.5556 -0.0000 -0.8314
vn 0.5584 0.0524 0.8279
vn -0.1913 -0.0198 -0.9813
vn -0.9807 -0.0016 0.1956
vn -0.8321 -0.0027 -0.5546
vn -0.5558 0.0003 0.8313
vn 0.9864 -0.0440 0.1586
vn -0.5551 0.0005 0.8318
vn 0.2032 0.0167 0.9790
vn 0.9942 0.0000 0.1075
vn 0.8288 -0.0256 -0.5590
vn 0.8315 -0.0000 -0.5556
vn -0.1951 -0.0019 -0.9808
vn -0.8315 -0.0025 -0.5555
vn -0.8315 -0.0008 0.5556
vn -0.9808 -0.0022 -0.1951
vn -0.1925 0.0077 0.9813
vn 0.8307 0.0033 0.5566
vn 0.1990 0.0189 0.9798
vn 0.8294 0.0085 0.5586
vn 0.5505 0.0280 0.8343
vn 0.2019 0.0353 0.9788
vn -0.1879 0.0217 0.9820
vn -0.5554 0.0018 0.8316
vn -0.8314 -0.0011 0.5557
vn -0.9807 -0.0038 0.1952
vn -0.9808 -0.0060 -0.1949
vn -0.8315 -0.0073 -0.5554
vn -0.5557 -0.0075 -0.8313
vn -0.1953 -0.0066 -0.9807
vn 0.1956 -0.0036 -0.9807
vn 0.5556 -0.0002 -0.8315
vn 0.9808 0.0000 0.1951
vn 0.8636 0.0919 0.4957
vn -0.9019 0.3815 -0.2027
vn -0.6175 0.7416 -0.2621
vn -0.2444 0.7238 -0.6453
vn -0.3114 0.4382 -0.8432
vn 0.2045 0.7773 -0.5950
vn 0.2327 0.8705 -0.4337
vn -0.8155 0.5318 0.2285
vn -0.7001 0.6434 0.3097
vn -0.3658 0.5447 0.7547
vn -0.2688 0.4268 0.8635
vn 0.3275 0.3729 0.8682
vn 0.4304 0.4881 0.7593
vn -0.1461 0.6607 -0.7363
vn -0.6151 0.6723 0.4119
vn 0.6230 0.6612 -0.4180
vn 0.1461 0.6607 -0.7363
vn -0.6236 0.6626 0.4150
vn 0.7351 0.6617 -0.1479
vn -0.1464 0.6631 0.7341
vn 0.6236 0.6626 0.4150
vn 0.7353 0.6621 0.1446
vn -0.4083 0.6771 -0.6122
vn 0.1464 0.6631 0.7341
vn 0.4078 0.6740 0.6160
vn -0.4161 0.6609 -0.6245
vn -0.7351 0.6617 -0.1479
vn 0.4161 0.6609 -0.6245
vn -0.7353 0.6621 0.1446
vn 0.1474 0.6709 -0.7268
vn -0.1458 0.6629 -0.7344
vn -0.4157 0.6649 0.6205
vn 0.6214 0.6634 -0.4169
vn 0.1458 0.6629 -0.7344
vn -0.6220 0.6646 0.4140
vn 0.7333 0.6638 -0.1475
vn -0.1460 0.6651 0.7324
vn 0.4157 0.6649 0.6205
vn 0.7335 0.6642 0.1443
vn -0.6214 0.6634 -0.4169
vn 0.1460 0.6651 0.7324
vn 0.6220 0.6646 0.4140
vn -0.4151 0.6630 -0.6229
vn -0.7333 0.6638 -0.1475
vn 0.4151 0.6630 -0.6229
vn -0.7335 0.6642 0.1443
vn 0.4118 0.6680 -0.6198
vn 0.9840 -0.0273 -0.1762
vn 0.9986 0.0214 0.0493
vn 0.9873 -0.0768 -0.1392
vn 0.9695 0.2014 -0.1397
vn 0.9874 0.1583 0.0006
vn 0.6163 0.6735 -0.4082
vn 0.7150 -0.6798 0.1630
vn 0.9912 -0.0694 0.1131
vn -0.5636 0.8184 0.1120
vn 0.3178 0.8163 0.4822
vn 0.3188 0.8185 -0.4780
vn -0.1090 0.8180 0.5648
vn -0.5643 0.8179 -0.1123
vn 0.5624 0.8193 -0.1116
vn -0.3205 0.8169 -0.4795
vn -0.4773 0.8189 0.3188
vn 0.4755 0.8189 0.3213
vn 0.1100 0.8173 -0.5656
vn 0.1164 0.8157 0.5666
vn 0.4773 0.8189 -0.3186
vn -0.4791 0.8173 -0.3201
vn -0.3186 0.8192 0.4770
vn 0.5619 0.8196 0.1121
vn -0.1127 0.8166 -0.5661
vn 0.1328 0.7293 -0.6712
vn 0.8438 0.1374 0.5188
vn 0.6756 0.6086 0.4162
vn 0.7823 0.3366 0.5242
vn 0.8262 0.0598 0.5602
vn 0.8298 0.0638 -0.5544
vn 0.8684 0.0865 -0.4882
vn 0.7334 0.5401 -0.4129
vn 0.8657 0.3982 -0.3033
vn -0.0926 -0.8808 -0.4644
vn 0.1058 -0.8539 -0.5095
vn 0.5219 -0.7783 -0.3490
vn 0.3251 -0.8122 -0.4843
vn -0.3943 -0.9155 0.0794
vn -0.3433 -0.9110 -0.2285
vn -0.3933 -0.9161 -0.0773
vn -0.2431 -0.8995 -0.3630
vn -0.0888 -0.8796 0.4673
vn -0.2446 -0.8972 0.3676
vn -0.3455 -0.9093 0.2319
vn 0.5155 -0.7840 0.3458
vn 0.6148 -0.7882 0.0280
vn 0.9691 0.0644 0.2380
vn 0.3135 -0.8227 0.4741
vn 0.1046 -0.8550 0.5080
vn 0.5162 -0.7810 0.3515
vn 0.7122 -0.6834 -0.1605
vn 0.6306 -0.7745 -0.0495
vn 0.0175 -0.2503 0.9680
vn 0.9993 -0.0370 0.0016
vn 0.0410 -0.6497 -0.7591
vn 0.0074 -0.2994 -0.9541
vn 0.2518 -0.5484 0.7974
vn 0.2216 -0.5429 -0.8100
vn 0.0431 -0.6521 0.7569
vn -0.1253 0.7671 -0.6292
vn 0.6269 0.7690 0.1251
vn -0.3554 0.7683 0.5323
vn -0.5331 0.7675 -0.3560
vn 0.5318 0.7689 -0.3550
vn 0.1275 0.7647 0.6317
vn 0.1241 0.7677 -0.6287
vn 0.5315 0.7682 0.3570
vn -0.5322 0.7682 0.3558
vn -0.3564 0.7673 -0.5331
vn 0.6271 0.7689 -0.1243
vn -0.6285 0.7678 -0.1247
vn -0.1236 0.7670 0.6296
vn 0.3554 0.7686 -0.5319
vn 0.3559 0.7654 0.5362
vn -0.6281 0.7680 0.1252
vn 0.9455 0.3080 0.1052
vn -0.0729 -0.3561 0.9316
vn 0.8397 0.2912 -0.4583
vn 0.4734 0.2387 -0.8479
vn 0.9426 0.3315 -0.0398
vn 0.8475 0.2858 -0.4473
vn 0.3245 0.2671 -0.9074
vn -0.3802 0.2437 -0.8922
vn -0.4345 0.3148 -0.8439
vn -0.2890 0.2967 -0.9102
vn -0.9249 0.2814 -0.2557
vn -0.9037 0.3102 0.2952
vn -0.9258 0.2742 0.2604
vn -0.8409 0.3197 -0.4367
vn -0.8970 0.2353 0.3743
vn -0.8480 0.3086 0.4309
vn 0.3323 0.2799 0.9007
vn -0.4375 0.3184 0.8410
vn -0.2873 0.3103 0.9062
vn 0.8425 0.2951 0.4508
vn 0.4670 0.2477 0.8489
vn 0.9662 0.2439 -0.0837
vn 0.8446 0.2877 0.4514
vn -0.0774 -0.3561 0.9312
vn -0.0842 -0.3317 -0.9396
vn 0.0000 0.6471 0.7624
vn -0.7023 0.7118 -0.0005
vn 0.0000 0.7710 -0.6369
vn 0.7023 0.7118 -0.0005
vn 0.0000 0.9843 0.1766
vn -0.5325 0.6584 0.5319
vn -0.4899 0.7208 -0.4903
vn 0.6960 0.1766 -0.6960
vn 0.4909 0.7201 0.4904
vn -0.1248 0.9843 0.1249
vn -0.7253 0.6884 -0.0005
vn 0.0000 0.0000 -1.0000
vn 0.9843 0.1766 0.0000
vn -0.0000 0.7426 0.6697
vn -0.1766 0.9843 0.0000
vn -0.6485 0.4213 -0.6340
vn 0.6032 0.5367 -0.5899
vn 0.6960 0.1766 0.6960
vn -0.7071 -0.0000 0.7071
vn -0.1248 0.9843 -0.1248
vn 0.0000 0.2114 -0.9774
vn 1.0000 -0.0000 0.0000
vn 0.0000 0.1766 0.9843
vn -0.9284 0.3714 0.0092
vn -0.0000 0.9843 -0.1766
vn 0.4772 0.7810 -0.4030
vn 0.7071 -0.0000 0.7071
vn -0.6960 0.1766 0.6960
vn -0.5951 0.5595 -0.5769
vn 0.1248 0.9843 -0.1249
vn 0.6960 -0.1766 0.6960
vn -0.4439 0.7782 -0.4443
vn 0.7071 0.0000 -0.7071
vn 0.1249 0.9843 0.1248
vn 0.0000 0.1766 -0.9843
vn -0.0000 -0.1766 -0.9843
vn 0.4987 0.6364 0.5885
vn -0.6960 0.1766 -0.6960
vn -1.0000 0.0000 0.0000
vn 0.4446 0.7774 -0.4450
vn -0.0000 0.0000 1.0000
vn 0.6960 -0.1766 -0.6960
vn -0.4901 0.7211 0.4897
vn 0.0000 -0.1766 0.9843
vn -0.7071 0.0000 -0.7071
vn 0.6074 0.7944 -0.0004
vn -0.5806 0.5563 0.5944
vn 0.5316 0.6598 0.5311
vn -0.6960 -0.1766 0.6960
vn 0.0000 0.7437 -0.6685
vn 0.5303 0.6510 0.5431
vn -0.9843 -0.1766 0.0000
vn 0.0000 0.5103 0.8600
vn -0.6960 -0.1766 -0.6960
vn 0.9284 0.3715 0.0092
vn -0.5203 0.6667 0.5336
vn 0.4891 0.7218 -0.4896
vn 0.0000 0.0815 0.9967
vn -0.9708 0.2397 0.0007
vn 0.0000 0.3842 -0.9233
vn 0.9708 0.2397 0.0007
vn 0.0000 0.9872 0.1592
vn -0.7029 0.0576 0.7089
vn -0.6908 0.1982 -0.6954
vn 0.6935 0.1773 -0.6983
vn 0.6805 0.2566 0.6864
vn -0.1090 0.9875 0.1141
vn -0.9793 -0.2024 0.0005
vn 0.0054 -0.0444 -0.9990
vn 0.9265 0.3763 0.0005
vn -0.0009 0.2456 0.9694
vn -0.3335 0.9427 0.0042
vn -0.6995 0.0669 -0.7115
vn 0.6776 0.2566 -0.6892
vn 0.6855 0.2283 0.6913
vn -0.7041 0.0301 0.7095
vn -0.1101 0.9882 -0.1067
vn -0.0008 -0.1920 -0.9814
vn 0.9994 -0.0351 -0.0002
vn 0.0045 0.3726 0.9280
vn -0.9692 0.2464 0.0054
vn -0.0067 0.9729 -0.2311
vn 0.7001 0.0552 -0.7119
vn 0.7041 0.0301 0.7095
vn -0.6855 0.2284 0.6913
vn -0.6796 0.2463 -0.6910
vn 0.1101 0.9882 -0.1067
vn 0.6935 -0.1775 0.6983
vn -0.7040 0.0311 0.7095
vn -0.6508 0.3840 -0.6550
vn 0.7040 -0.0311 -0.7095
vn 0.1090 0.9875 0.1141
vn -0.6856 -0.2282 -0.6913
vn 0.9835 0.1809 0.0054
vn -0.6294 0.4566 0.6288
vn 0.6909 0.1969 -0.6956
vn 0.0000 0.1655 -0.9862
vn 0.7040 0.0311 0.7095
vn -0.0046 -0.3784 -0.9256
vn 0.6770 0.2905 0.6763
vn -0.6935 0.1772 -0.6983
vn 0.6504 0.3852 -0.6547
vn -0.0054 0.0444 0.9990
vn 0.6855 -0.2283 -0.6913
vn -0.6807 0.2554 0.6866
vn 0.0000 -0.1658 0.9862
vn -0.7040 -0.0311 -0.7095
vn 0.8508 0.5254 0.0006
vn -0.6751 0.2997 0.6741
vn 0.7030 0.0564 0.7090
vn -0.6935 -0.1776 0.6983
vn 0.0009 0.1577 -0.9875
vn 0.6268 0.4640 0.6259
vn -0.9994 0.0352 0.0001
vn -0.9226 -0.3857 -0.0006
vn 0.7041 -0.0301 -0.7095
vn 0.0006 0.5305 0.8477
vn -0.7041 -0.0301 -0.7095
vn 0.7526 0.3637 -0.5489
vn 0.5664 -0.0711 0.8210
vn -0.7525 -0.3641 0.5488
vn -0.5664 0.0711 -0.8210
vn -0.3343 0.8153 0.4727
vn 0.4391 -0.7216 -0.5352
vn 0.1492 0.3896 -0.9088
vn 0.9821 -0.0663 0.1763
vn -0.1492 -0.3895 0.9089
vn -0.9821 0.0664 -0.1763
vn 0.0965 0.8153 0.5709
vn -0.0688 -0.7745 -0.6288
vn -0.5764 0.3922 -0.7169
vn 0.7880 -0.0741 -0.6112
vn 0.5763 -0.3925 0.7169
vn -0.7880 0.0741 0.6112
vn 0.4899 0.8153 0.3086
vn -0.5579 -0.7216 -0.4099
vn -0.8703 0.3711 -0.3237
vn 0.1649 -0.0718 -0.9837
vn 0.7958 -0.3387 0.5021
vn 0.5576 0.7897 -0.2559
vn -0.5376 -0.8113 0.2299
vn 0.7526 0.3637 0.5489
vn 0.5664 -0.0711 -0.8210
vn -0.7525 -0.3641 -0.5488
vn -0.5664 0.0711 0.8210
vn -0.3343 0.8153 -0.4727
vn 0.4391 -0.7216 0.5352
vn 0.1492 0.3896 0.9088
vn 0.9821 -0.0663 -0.1763
vn -0.1492 -0.3895 -0.9089
vn -0.9821 0.0664 0.1763
vn 0.0965 0.8153 -0.5709
vn -0.0688 -0.7745 0.6288
vn -0.5764 0.3922 0.7169
vn 0.7880 -0.0741 0.6112
vn 0.5763 -0.3925 -0.7169
vn -0.7880 0.0741 -0.6112
vn 0.4899 0.8153 -0.3086
vn -0.5579 -0.7216 0.4099
vn -0.8703 0.3711 0.3237
vn 0.1649 -0.0718 0.9837
vn 0.7958 -0.3387 -0.5021
vn 0.5576 0.7897 0.2559
vn -0.5376 -0.8113 -0.2299
vn -0.8660 0.0000 -0.5000
vn 0.8660 0.0000 -0.5000
vn 0.8660 0.0000 0.5000
vn 0.0000 1.0000 0.0000
vn -0.8660 0.0000 0.5000
vn 0.9744 0.0094 -0.2248
vn 0.9743 0.0142 -0.2249
vn 0.9939 0.1085 0.0176
vn 0.9996 0.0219 0.0175
vn 0.9710 0.1809 -0.1560
vn 0.9826 -0.0855 -0.1647
usemtl Medieval
s off
f 355/1/1 351/2/1 275/3/1 278/4/1
f 43/5/2 374/6/2 377/7/2 41/8/2
f 41/9/3 377/10/3 370/11/3 39/12/3
f 19/13/4 106/14/4 107/15/4 17/16/4 331/17/4 419/18/4 343/19/4
f 330/20/5 347/21/5 271/22/5 274/23/5
f 349/24/6 342/25/6 267/26/6 273/27/6
f 33/28/7 369/29/7 371/30/7 366/31/7
f 326/32/8 388/33/8 390/34/8 176/35/8
f 46/36/9 386/37/9 381/38/9 362/39/9
f 357/40/10 344/41/10 269/42/10 279/43/10
f 14/44/11 156/45/11 157/46/11 12/47/11 341/48/11 413/49/11 350/50/11
f 51/51/12 379/52/12 378/53/12 53/54/12
f 8/55/13 142/56/13 143/57/13 6/58/13 335/59/13 417/60/13 348/61/13
f 276/62/14 273/63/14 295/64/14 302/65/14
f 334/66/15 359/67/15 282/68/15 268/69/15
f 351/70/16 346/71/16 272/72/16 275/73/16
f 328/74/17 458/75/17 456/76/17 361/77/17
f 311/78/18 313/79/18 282/80/18 281/81/18
f 307/82/19 288/83/19 30/84/19
f 294/85/20 299/86/20 275/87/20 272/88/20
f 277/89/21 276/62/21 302/65/21 304/90/21
f 285/91/22 314/92/22 30/84/22
f 305/93/23 290/94/23 270/95/23 278/96/23
f 346/97/24 334/98/24 268/69/24 272/72/24
f 347/99/25 336/100/25 270/101/25 271/22/25
f 281/81/26 279/102/26 308/103/26 311/78/26
f 280/104/27 277/89/27 304/90/27 310/105/27
f 10/106/28 148/107/28 149/108/28 8/55/28 348/61/28 426/109/28 329/110/28
f 289/111/29 306/112/29 30/84/29
f 299/86/30 305/93/30 278/96/30 275/87/30
f 321/113/31 16/114/31 167/115/31 168/116/31 322/117/31
f 48/118/32 47/119/32 49/120/32 50/121/32
f 260/122/33 457/123/33 461/124/33 460/125/33 448/126/33 261/127/33
f 50/128/34 49/129/34 51/130/34 52/131/34
f 261/127/35 448/126/35 451/132/35 450/133/35 262/134/35
f 52/135/36 51/51/36 53/54/36 54/136/36
f 262/134/37 450/133/37 454/137/37 449/138/37 263/139/37
f 54/140/38 53/141/38 55/142/38 56/143/38
f 263/139/39 449/138/39 453/144/39 452/145/39 441/146/39 264/147/39
f 56/148/40 55/149/40 57/150/40 58/151/40
f 264/147/41 441/146/41 443/152/41
f 58/153/42 57/154/42 44/155/42 45/156/42
f 265/157/43 444/158/43 445/159/43
f 319/160/44 323/161/44 46/36/44
f 317/162/45 326/32/45 176/35/45 172/163/45
f 257/164/46 431/165/46 432/166/46 428/167/46 258/168/46
f 34/169/47 35/170/47 33/171/47 32/172/47
f 256/173/48 433/174/48 438/175/48 437/176/48 431/165/48 257/164/48
f 36/177/49 37/178/49 35/179/49 34/180/49
f 255/181/50 435/182/50 439/183/50 433/174/50 256/173/50
f 38/184/51 39/185/51 37/186/51 36/187/51
f 254/188/52 436/189/52 434/190/52
f 40/191/53 41/9/53 39/12/53 38/192/53
f 253/193/54 440/194/54 447/195/54 436/189/54 254/188/54
f 42/196/55 43/5/55 41/8/55 40/197/55
f 266/198/56 442/199/56 446/200/56 440/194/56 253/193/56
f 45/201/57 44/202/57 43/203/57 42/204/57
f 342/205/58 330/206/58 274/23/58 267/207/58
f 27/208/59 124/209/59 125/210/59 25/211/59 360/212/59 424/213/59 333/214/59
f 353/215/60 338/216/60 276/217/60 277/218/60
f 21/219/61 112/220/61 113/221/61 19/13/61 343/19/61 412/222/61 358/223/61
f 269/224/62 280/104/62 310/105/62 287/225/62
f 15/226/63 158/227/63 159/228/63 14/44/63 350/50/63 422/229/63 337/230/63
f 23/231/64 116/232/64 117/233/64 21/219/64 358/223/64 421/234/64 339/235/64
f 2/236/65 132/237/65 133/238/65 29/239/65 345/240/65 411/241/65 352/242/65
f 344/243/66 332/244/66 280/245/66 269/42/66
f 6/58/67 138/246/67 139/247/67 4/248/67 356/249/67 423/250/67 335/59/67
f 359/251/68 340/252/68 281/253/68 282/68/68
f 17/16/69 166/254/69 167/115/69 16/114/69 354/255/69 425/256/69 331/17/69
f 291/257/70 298/258/70 274/259/70 271/260/70
f 313/79/71 286/261/71 268/262/71 282/80/71
f 4/248/72 136/263/72 137/264/72 2/236/72 352/242/72 415/265/72 356/249/72
f 135/266/73 136/263/73 4/248/73 73/267/73
f 115/268/74 116/232/74 23/231/74 63/269/74
f 25/211/75 118/270/75 119/271/75 23/231/75 339/235/75 414/272/75 360/212/75
f 121/273/76 118/270/76 25/211/76 62/274/76
f 16/114/77 162/275/77 163/276/77 15/226/77 337/230/77 416/277/77 354/255/77
f 145/278/78 142/56/78 8/55/78 71/279/78
f 131/280/79 132/237/79 2/236/79 59/281/79
f 109/282/80 106/14/80 19/13/80 65/283/80
f 155/284/81 156/45/81 14/44/81 68/285/81
f 340/286/82 357/287/82 279/288/82 281/253/82
f 161/289/83 158/227/83 15/226/83 67/290/83
f 141/291/84 138/246/84 6/58/84 72/292/84
f 127/293/85 128/294/85 29/239/85 60/295/85
f 169/296/86 166/254/86 17/16/86 66/297/86
f 151/298/87 152/299/87 12/47/87 69/300/87
f 60/295/88 29/239/88 133/238/88 130/301/88
f 61/302/89 27/208/89 129/303/89 126/304/89
f 62/274/90 25/211/90 125/210/90 122/305/90
f 123/306/91 124/209/91 27/208/91 61/302/91
f 64/307/92 21/219/92 117/233/92 114/308/92
f 65/283/93 19/13/93 113/221/93 110/309/93
f 111/310/94 112/220/94 21/219/94 64/307/94
f 200/311/95 251/312/95 252/313/95 199/314/95
f 29/239/96 128/294/96 129/303/96 27/208/96 333/214/96 418/315/96 345/240/96
f 338/316/97 349/317/97 273/27/97 276/217/97
f 69/300/98 12/47/98 157/46/98 154/318/98
f 70/319/99 10/106/99 153/320/99 150/321/99
f 71/279/100 8/55/100 149/108/100 146/322/100
f 147/323/101 148/107/101 10/106/101 70/319/101
f 336/324/102 355/325/102 278/4/102 270/101/102
f 59/281/103 2/236/103 137/264/103 134/326/103
f 66/297/104 17/16/104 107/15/104 108/327/104
f 47/119/105 382/328/105 384/329/105 49/120/105
f 49/129/106 384/330/106 379/331/106 51/130/106
f 63/269/107 23/231/107 119/271/107 120/332/107
f 53/141/108 378/333/108 380/334/108 55/142/108
f 55/149/109 380/335/109 375/336/109 57/150/109
f 57/154/110 375/337/110 376/338/110 44/155/110
f 44/202/111 376/339/111 374/340/111 43/203/111
f 73/267/112 4/248/112 139/247/112 140/341/112
f 72/292/113 6/58/113 143/57/113 144/342/113
f 39/185/114 370/343/114 373/344/114 37/186/114
f 37/178/115 373/345/115 372/346/115 35/179/115
f 35/170/116 372/347/116 369/348/116 33/171/116
f 68/285/117 14/44/117 159/228/117 160/349/117
f 67/290/118 15/226/118 163/276/118 164/350/118
f 165/351/119 162/275/119 16/114/119 321/113/119 259/352/119
f 106/14/120 109/282/120 108/327/120 107/15/120
f 112/220/121 111/310/121 110/309/121 113/221/121
f 116/232/122 115/268/122 114/308/122 117/233/122
f 118/270/123 121/273/123 120/332/123 119/271/123
f 124/209/124 123/306/124 122/305/124 125/210/124
f 128/294/125 127/293/125 126/304/125 129/303/125
f 132/237/126 131/280/126 130/301/126 133/238/126
f 136/263/127 135/266/127 134/326/127 137/264/127
f 138/246/128 141/291/128 140/341/128 139/247/128
f 142/56/129 145/278/129 144/342/129 143/57/129
f 148/107/130 147/323/130 146/322/130 149/108/130
f 152/299/131 151/298/131 150/321/131 153/320/131
f 156/45/132 155/284/132 154/318/132 157/46/132
f 158/227/133 161/289/133 160/349/133 159/228/133
f 162/275/134 165/351/134 164/350/134 163/276/134
f 166/254/135 169/296/135 168/116/135 167/115/135
f 332/353/136 353/354/136 277/218/136 280/355/136
f 250/356/137 214/357/137 215/358/137 249/359/137
f 247/360/138 197/361/138 198/362/138 246/363/138
f 248/364/139 245/365/139 205/366/139 204/367/139
f 216/368/140 242/369/140 211/370/140 210/371/140
f 196/372/141 243/373/141 244/374/141 195/375/141
f 241/376/142 217/377/142 218/378/142 240/379/142
f 238/380/143 219/381/143 220/382/143 237/383/143
f 239/384/144 236/385/144 209/386/144 208/387/144
f 194/388/145 233/389/145 201/390/145 193/391/145
f 222/392/146 234/393/146 235/394/146 221/395/146
f 232/396/147 191/397/147 192/398/147 231/399/147
f 229/400/148 189/401/148 190/402/148 228/403/148
f 230/404/149 227/405/149 203/406/149 202/407/149
f 223/408/150 224/409/150 213/410/150 212/411/150
f 207/412/151 225/413/151 226/414/151 206/415/151
f 321/113/152 385/416/152 389/417/152 174/418/152
f 324/419/153 320/420/153 173/421/153 175/422/153
f 32/423/154 33/28/154 366/31/154 368/424/154
f 325/425/155 318/426/155 31/427/155
f 315/428/156 409/429/156 410/430/156 170/431/156
f 320/420/157 455/432/157 463/433/157 173/421/157
f 258/168/158 428/167/158 427/434/158 367/435/158
f 31/427/159 371/436/159 387/437/159 325/425/159
f 178/438/160 177/439/160 173/440/160 463/441/160 171/442/160
f 177/439/161 172/443/161 176/444/161 179/445/161
f 175/446/162 179/445/162 391/447/162 389/448/162
f 173/440/163 177/439/163 179/445/163 175/446/163
f 170/449/164 410/450/164 462/451/164 172/443/164 177/439/164 178/438/164
f 180/452/165 181/453/165 170/454/165 178/455/165
f 182/456/165 180/452/165 178/455/165 171/457/165
f 316/458/166 328/74/166 361/77/166 363/459/166
f 185/460/165 183/461/165 180/452/165 182/456/165
f 183/461/165 184/462/165 181/453/165 180/452/165
f 13/463/165 170/454/165 181/453/165 11/464/165
f 18/465/165 20/466/165 182/456/165 171/457/165
f 186/467/165 187/468/165 184/462/165 183/461/165
f 188/469/165 186/467/165 183/461/165 185/460/165
f 28/470/165 1/471/165 186/467/165 188/469/165
f 1/471/165 3/472/165 187/468/165 186/467/165
f 20/466/165 22/473/165 185/460/165 182/456/165
f 11/464/165 181/453/165 184/462/165 9/474/165
f 9/474/165 184/462/165 187/468/165 7/475/165
f 22/473/165 24/476/165 188/469/165 185/460/165
f 24/476/165 26/477/165 28/470/165 188/469/165
f 3/472/165 5/478/165 7/475/165 187/468/165
f 190/479/167 189/480/167 136/263/167 91/481/167
f 192/482/168 191/483/168 128/294/168 95/484/168
f 194/485/169 193/486/169 76/487/169 163/276/169
f 196/488/170 195/489/170 88/490/170 139/247/170
f 198/491/171 197/492/171 166/254/171 75/493/171
f 200/494/172 199/495/172 78/496/172 159/228/172
f 193/486/173 201/497/173 77/498/173 76/487/173
f 202/499/174 203/500/174 87/501/174 86/502/174
f 204/503/175 205/504/175 97/505/175 96/506/175
f 207/507/176 206/508/176 104/509/176 107/15/176
f 208/510/177 209/511/177 103/512/177 102/513/177
f 210/514/178 211/515/178 93/516/178 92/517/178
f 212/518/179 213/519/179 83/520/179 82/521/179
f 215/522/180 214/523/180 116/232/180 101/524/180
f 216/525/181 210/514/181 92/517/181 133/238/181
f 218/526/182 217/527/182 148/107/182 85/528/182
f 220/529/143 219/530/143 156/45/143 81/531/143
f 222/532/183 221/533/183 98/534/183 119/271/183
f 223/535/184 212/518/184 82/521/184 153/320/184
f 213/519/185 224/536/185 152/299/185 83/520/185
f 226/537/186 225/538/186 106/14/186 105/539/186
f 203/500/187 227/540/187 142/56/187 87/501/187
f 229/541/188 228/542/188 90/543/188 137/264/188
f 230/544/189 202/499/189 86/502/189 143/57/189
f 232/545/147 231/546/147 94/547/147 129/303/147
f 201/497/190 233/548/190 162/275/190 77/498/190
f 235/549/191 234/550/191 118/270/191 99/551/191
f 209/511/192 236/552/192 112/220/192 103/512/192
f 238/553/193 237/554/193 80/555/193 157/46/193
f 239/556/194 208/510/194 102/513/194 113/221/194
f 241/557/195 240/558/195 84/559/195 149/108/195
f 211/515/196 242/560/196 132/237/196 93/516/196
f 244/561/197 243/562/197 138/246/197 89/563/197
f 205/504/198 245/564/198 124/209/198 97/505/198
f 247/565/199 246/566/199 74/567/199 167/115/199
f 248/568/200 204/503/200 96/506/200 125/210/200
f 250/569/201 249/570/201 100/571/201 117/233/201
f 246/566/202 198/491/202 75/493/202 74/567/202
f 252/572/203 251/573/203 158/227/203 79/574/203
f 199/495/204 252/572/204 79/574/204 78/496/204
f 240/558/205 218/526/205 85/528/205 84/559/205
f 237/554/143 220/529/143 81/531/143 80/555/143
f 195/489/206 244/561/206 89/563/206 88/490/206
f 231/546/207 192/482/207 95/484/207 94/547/207
f 228/542/208 190/479/208 91/481/208 90/543/208
f 221/533/209 235/549/209 99/551/209 98/534/209
f 206/508/210 226/537/210 105/539/210 104/509/210
f 249/570/211 215/522/211 101/524/211 100/571/211
f 225/538/212 207/507/212 107/15/212 106/14/212
f 236/552/213 239/556/213 113/221/213 112/220/213
f 214/523/214 250/569/214 117/233/214 116/232/214
f 234/550/215 222/532/215 119/271/215 118/270/215
f 245/564/216 248/568/216 125/210/216 124/209/216
f 191/483/217 232/545/217 129/303/217 128/294/217
f 242/560/218 216/525/218 133/238/218 132/237/218
f 189/480/219 229/541/219 137/264/219 136/263/219
f 243/562/220 196/488/220 139/247/220 138/246/220
f 227/540/221 230/544/221 143/57/221 142/56/221
f 217/527/222 241/557/222 149/108/222 148/107/222
f 224/536/223 223/535/223 153/320/223 152/299/223
f 219/530/224 238/553/224 157/46/224 156/45/224
f 251/573/204 200/494/204 159/228/204 158/227/204
f 233/548/173 194/485/173 163/276/173 162/275/173
f 197/492/225 247/565/225 167/115/225 166/254/225
f 315/575/165 170/454/165 13/463/165 365/576/165
f 319/160/226 46/36/226 362/39/226 364/577/226
f 1/578/227 266/198/227 253/193/227 3/579/227
f 3/579/228 253/193/228 254/188/228 5/580/228
f 5/580/229 254/188/229 434/190/229 255/181/229 7/581/229
f 7/581/230 255/181/230 256/173/230 9/582/230
f 9/582/231 256/173/231 257/164/231 11/583/231
f 11/583/232 257/164/232 258/168/232 13/584/232
f 28/585/233 265/157/233 445/159/233 266/198/233 1/578/233
f 26/586/234 264/147/234 443/152/234 265/157/234 28/585/234
f 24/587/235 263/139/235 264/147/235 26/586/235
f 22/588/236 262/134/236 263/139/236 24/587/236
f 20/589/237 261/127/237 262/134/237 22/588/237
f 18/590/238 260/122/238 261/127/238 20/589/238
f 18/465/165 171/457/165 316/591/165 363/592/165
f 297/593/239 292/594/239 30/84/239
f 286/261/240 294/85/240 272/88/240 268/262/240
f 301/595/241 296/596/241 30/84/241
f 283/597/242 297/593/242 30/84/242
f 293/598/243 285/91/243 30/84/243
f 303/599/244 301/595/244 30/84/244
f 314/92/245 312/600/245 30/84/245
f 288/83/246 309/601/246 30/84/246
f 309/601/247 303/599/247 30/84/247
f 290/94/248 291/257/248 271/260/248 270/95/248
f 312/600/249 307/82/249 30/84/249
f 279/102/250 269/224/250 287/225/250 308/103/250
f 292/594/251 289/111/251 30/84/251
f 306/112/252 300/602/252 30/84/252
f 296/596/253 283/597/253 30/84/253
f 300/602/254 293/598/254 30/84/254
f 267/603/255 274/259/255 298/258/255 284/604/255
f 292/605/256 297/606/256 298/607/256 291/608/256
f 314/609/257 285/610/257 286/611/257 313/612/257
f 296/596/258 301/595/258 302/65/258 295/64/258
f 297/593/259 283/597/259 284/604/259 298/258/259
f 285/91/260 293/598/260 294/85/260 286/261/260
f 301/613/261 303/614/261 304/615/261 302/616/261
f 312/600/262 314/92/262 313/79/262 311/78/262
f 288/83/263 307/82/263 308/103/263 287/225/263
f 303/599/264 309/601/264 310/105/264 304/90/264
f 306/617/265 289/618/265 290/619/265 305/620/265
f 307/621/266 312/622/266 311/623/266 308/624/266
f 309/625/267 288/626/267 287/627/267 310/628/267
f 289/111/268 292/594/268 291/257/268 290/94/268
f 300/602/269 306/112/269 305/93/269 299/86/269
f 283/629/270 296/630/270 295/631/270 284/632/270
f 293/633/271 300/634/271 299/635/271 294/636/271
f 273/63/272 267/603/272 284/604/272 295/64/272
f 323/637/273 319/638/273 320/420/273 324/419/273
f 326/32/274 317/162/274 318/639/274 325/640/274
f 323/637/275 324/419/275 385/416/275 383/641/275
f 317/162/276 430/642/276 429/643/276 318/639/276
f 319/638/277 458/644/277 455/432/277 320/420/277
f 13/584/278 258/168/278 367/435/278 365/645/278
f 322/646/279 168/647/279 169/648/279 66/649/279 386/37/279 383/650/279
f 325/640/280 387/651/280 388/33/280 326/32/280
f 393/652/281 394/653/281 352/654/281 411/655/281 345/656/281
f 395/657/282 396/658/282 358/659/282 412/660/282 343/661/282
f 397/662/283 398/663/283 350/664/283 413/665/283 341/666/283
f 399/667/284 400/668/284 360/669/284 414/670/284 339/671/284
f 394/672/285 401/673/285 356/674/285 415/675/285 352/654/285
f 402/676/286 403/677/286 354/678/286 416/679/286 337/680/286
f 404/681/287 405/682/287 348/683/287 417/684/287 335/685/287
f 406/686/288 393/687/288 345/656/288 418/688/288 333/689/288
f 407/690/289 395/691/289 343/661/289 419/692/289 331/693/289
f 408/694/290 397/695/290 341/696/290 420/697/290 329/698/290
f 396/699/291 399/700/291 339/671/291 421/701/291 358/659/291
f 398/702/292 402/703/292 337/704/292 422/705/292 350/706/292
f 401/707/293 404/708/293 335/685/293 423/709/293 356/674/293
f 400/710/294 406/711/294 333/712/294 424/713/294 360/669/294
f 403/714/295 407/715/295 331/693/295 425/716/295 354/717/295
f 405/718/296 408/719/296 329/720/296 426/721/296 348/683/296
f 12/47/297 152/299/297 153/320/297 10/106/297 329/110/297 420/722/297 341/48/297
f 364/723/298 362/724/298 47/725/298 48/726/298
f 361/77/299 456/76/299 459/727/299 457/123/299 260/122/299
f 363/459/300 361/77/300 260/122/300 18/590/300
f 362/724/301 381/728/301 382/729/301 47/725/301
f 366/730/302 371/436/302 31/427/302
f 368/731/303 366/730/303 31/427/303 318/426/303
f 367/435/304 427/434/304 429/732/304 327/733/304
f 365/645/305 367/435/305 327/733/305 315/428/305
f 373/344/306 370/343/306 71/279/306 146/322/306 147/323/306 70/319/306
f 372/346/307 373/345/307 70/734/307 150/735/307 151/736/307 69/737/307
f 371/30/308 369/29/308 68/738/308 160/739/308 161/740/308 67/741/308
f 369/348/309 372/347/309 69/300/309 154/318/309 155/284/309 68/285/309
f 376/338/310 375/337/310 60/295/310 130/301/310 131/280/310 59/281/310
f 377/7/311 374/6/311 73/267/311 140/341/311 141/291/311 72/292/311
f 374/340/312 376/339/312 59/742/312 134/743/312 135/744/312 73/745/312
f 370/11/313 377/10/313 72/746/313 144/747/313 145/748/313 71/749/313
f 378/53/314 379/52/314 63/750/314 120/751/314 121/752/314 62/753/314
f 380/334/315 378/333/315 62/274/315 122/305/315 123/306/315 61/302/315
f 375/336/316 380/335/316 61/754/316 126/755/316 127/756/316 60/757/316
f 382/729/317 381/728/317 66/297/317 108/327/317 109/282/317 65/283/317
f 383/641/318 385/416/318 321/113/318 322/117/318
f 383/650/319 386/37/319 46/36/319 323/161/319
f 384/329/320 382/328/320 65/758/320 110/759/320 111/760/320 64/761/320
f 379/331/321 384/330/321 64/307/321 114/308/321 115/268/321 63/269/321
f 381/728/322 386/762/322 66/297/322
f 387/437/323 371/436/323 67/290/323 164/350/323 165/351/323 259/352/323
f 388/763/324 387/437/324 259/352/324 321/113/324
f 390/764/325 388/763/325 321/113/325 174/418/325
f 390/765/326 391/447/326 179/445/326 176/444/326
f 389/417/327 391/766/327 392/767/327 385/416/327
f 389/417/328 385/416/328 324/419/328 175/422/328
f 321/113/329 392/767/329 388/763/329
f 385/416/330 392/767/330 321/113/330
f 391/766/331 390/764/331 388/763/331 392/767/331
f 347/21/332 330/20/332 408/719/332 405/718/332
f 353/354/333 332/353/333 407/715/333 403/714/333
f 359/67/334 334/66/334 406/711/334 400/710/334
f 355/325/335 336/324/335 404/708/335 401/707/335
f 349/317/336 338/316/336 402/703/336 398/702/336
f 357/287/337 340/286/337 399/700/337 396/699/337
f 330/206/338 342/205/338 397/695/338 408/694/338
f 332/244/339 344/243/339 395/691/339 407/690/339
f 334/98/340 346/97/340 393/687/340 406/686/340
f 336/100/341 347/99/341 405/682/341 404/681/341
f 338/216/342 353/215/342 403/677/342 402/676/342
f 351/2/343 355/1/343 401/673/343 394/672/343
f 340/252/344 359/251/344 400/668/344 399/667/344
f 342/25/345 349/24/345 398/663/345 397/662/345
f 344/41/346 357/40/346 396/658/346 395/657/346
f 346/71/347 351/70/347 394/653/347 393/652/347
f 327/733/348 409/429/348 315/428/348
f 410/430/349 409/429/349 430/768/349 462/769/349
f 427/770/350 428/771/350 32/423/350 368/424/350
f 428/772/351 432/773/351 431/774/351 34/169/351 32/172/351
f 429/732/352 430/768/352 409/429/352 327/733/352
f 429/775/353 427/776/353 368/731/353 318/426/353
f 431/777/354 437/778/354 438/779/354 433/780/354 36/177/354 34/180/354
f 434/190/355 435/182/355 255/181/355
f 435/781/356 434/782/356 436/783/356 40/191/356 38/192/356
f 433/784/357 439/785/357 435/786/357 38/184/357 36/187/357
f 440/787/358 446/788/358 442/789/358 45/201/358 42/204/358
f 445/159/359 442/199/359 266/198/359
f 442/790/360 445/791/360 444/792/360 58/153/360 45/156/360
f 436/793/361 447/794/361 440/795/361 42/196/361 40/197/361
f 443/152/362 444/158/362 265/157/362
f 444/796/363 443/797/363 441/798/363 56/148/363 58/151/363
f 450/799/364 451/800/364 448/801/364 50/128/364 52/131/364
f 441/802/365 452/803/365 453/804/365 449/805/365 54/140/365 56/143/365
f 449/806/366 454/807/366 450/808/366 52/135/366 54/136/366
f 457/809/367 459/810/367 456/811/367 364/723/367 48/726/367
f 448/812/368 460/813/368 461/814/368 457/815/368 48/118/368 50/121/368
f 455/816/369 458/75/369 328/74/369 316/458/369
f 456/817/370 458/818/370 319/160/370 364/577/370
f 462/819/371 430/642/371 317/162/371 172/163/371
f 463/820/372 455/816/372 316/458/372 171/821/372
f 492/822/373 539/823/373 543/824/373 493/825/373
f 493/825/374 543/824/374 537/826/374 494/827/374
f 494/827/375 537/826/375 532/828/375 495/829/375
f 495/829/376 532/828/376 539/823/376 492/822/376
f 467/830/377 465/831/377 464/832/377 466/833/377
f 496/834/378 520/835/378 530/836/378 497/837/378
f 497/837/379 530/836/379 546/838/379 498/839/379
f 470/840/380 523/841/380 546/842/380 471/843/380
f 499/844/381 523/845/381 520/835/381 496/834/381
f 471/843/382 469/846/382 468/847/382 470/840/382
f 500/848/383 527/849/383 524/850/383 501/851/383
f 473/852/384 475/853/384 538/854/384 524/855/384
f 474/856/385 542/857/385 538/854/385 475/853/385
f 503/858/386 542/859/386 527/849/386 500/848/386
f 475/853/387 473/852/387 472/860/387 474/856/387
f 504/861/388 521/862/388 545/863/388 505/864/388
f 505/864/389 545/863/389 528/865/389 506/866/389
f 478/867/390 536/868/390 528/869/390 479/870/390
f 478/867/391 476/871/391 521/872/391 536/868/391
f 479/870/392 477/873/392 476/871/392 478/867/392
f 508/874/393 541/875/393 533/876/393 509/877/393
f 483/878/394 526/879/394 533/880/394 481/881/394
f 483/878/395 482/882/395 531/883/395 526/879/395
f 511/884/396 531/885/396 541/875/396 508/874/396
f 483/878/397 481/881/397 480/886/397 482/882/397
f 512/887/398 535/888/398 522/889/398 513/890/398
f 487/891/399 547/892/399 522/893/399 485/894/399
f 487/891/400 486/895/400 525/896/400 547/892/400
f 515/897/401 525/898/401 535/888/401 512/887/401
f 487/891/402 485/894/402 484/899/402 486/895/402
f 489/900/403 534/901/403 529/902/403 488/903/403
f 489/900/391 491/904/391 540/905/391 534/901/391
f 518/906/404 540/907/404 544/908/404 519/909/404
f 490/910/405 488/903/405 529/902/405 544/911/405
f 491/904/406 489/900/406 488/903/406 490/910/406
f 493/825/165 494/827/165 495/829/165 492/822/165
f 497/837/165 498/839/165 499/844/165 496/834/165
f 501/851/165 502/912/165 503/858/165 500/848/165
f 505/864/165 506/866/165 507/913/165 504/861/165
f 516/914/165 517/915/165 518/906/165 519/909/165
f 512/887/165 513/890/165 514/916/165 515/897/165
f 508/874/165 509/877/165 510/917/165 511/884/165
f 532/918/407 537/919/407 467/830/407 466/833/407
f 520/920/399 523/841/399 470/840/399 468/847/399
f 533/880/408 541/921/408 480/886/408 481/881/408
f 522/889/409 547/922/409 514/916/409 513/890/409
f 544/911/410 540/905/410 491/904/410 490/910/410
f 537/919/411 543/923/411 465/831/411 467/830/411
f 546/838/412 523/845/412 499/844/412 498/839/412
f 527/924/413 542/857/413 474/856/413 472/860/413
f 522/893/414 535/925/414 484/899/414 485/894/414
f 534/926/415 540/907/415 518/906/415 517/915/415
f 543/923/416 539/927/416 464/832/416 465/831/416
f 546/842/417 530/928/417 469/846/417 471/843/417
f 538/929/418 542/859/418 503/858/418 502/912/418
f 536/930/419 521/862/419 504/861/419 507/913/419
f 529/931/420 534/926/420 517/915/420 516/914/420
f 530/928/421 520/920/421 468/847/421 469/846/421
f 524/850/422 538/929/422 502/912/422 501/851/422
f 528/865/423 536/930/423 507/913/423 506/866/423
f 541/921/411 531/883/411 482/882/411 480/886/411
f 524/855/424 527/924/424 472/860/424 473/852/424
f 528/869/405 545/932/405 477/873/405 479/870/405
f 526/933/425 531/885/425 511/884/425 510/917/425
f 535/925/417 525/896/417 486/895/417 484/899/417
f 539/927/394 532/918/394 466/833/394 464/832/394
f 545/932/426 521/872/426 476/871/426 477/873/426
f 533/876/427 526/933/427 510/917/427 509/877/427
f 547/922/428 525/898/428 515/897/428 514/916/428
f 544/908/429 529/931/429 516/914/429 519/909/429
f 576/934/430 615/935/430 619/936/430 577/937/430
f 577/937/431 619/936/431 613/938/431 578/939/431
f 578/939/432 613/938/432 608/940/432 579/941/432
f 579/941/433 608/940/433 615/935/433 576/934/433
f 551/942/434 549/943/434 548/944/434 550/945/434
f 580/946/435 624/947/435 606/948/435 581/949/435
f 581/949/436 606/948/436 622/950/436 582/951/436
f 554/952/437 627/953/437 622/954/437 555/955/437
f 583/956/438 627/957/438 624/947/438 580/946/438
f 555/955/439 553/958/439 552/959/439 554/952/439
f 584/960/440 631/961/440 628/962/440 585/963/440
f 557/964/441 559/965/441 614/966/441 628/967/441
f 558/968/442 618/969/442 614/966/442 559/965/442
f 587/970/443 618/971/443 631/961/443 584/960/443
f 559/965/444 557/964/444 556/972/444 558/968/444
f 588/973/445 625/974/445 621/975/445 589/976/445
f 589/976/446 621/975/446 604/977/446 590/978/446
f 562/979/447 612/980/447 604/981/447 563/982/447
f 562/979/448 560/983/448 625/984/448 612/980/448
f 563/982/449 561/985/449 560/983/449 562/979/449
f 592/986/450 617/987/450 609/988/450 593/989/450
f 567/990/451 630/991/451 609/992/451 565/993/451
f 567/990/452 566/994/452 607/995/452 630/991/452
f 595/996/453 607/997/453 617/987/453 592/986/453
f 567/990/454 565/993/454 564/998/454 566/994/454
f 596/999/455 611/1000/455 626/1001/455 597/1002/455
f 571/1003/456 623/1004/456 626/1005/456 569/1006/456
f 571/1003/457 570/1007/457 629/1008/457 623/1004/457
f 599/1009/458 629/1010/458 611/1000/458 596/999/458
f 571/1003/459 569/1006/459 568/1011/459 570/1007/459
f 573/1012/460 610/1013/460 605/1014/460 572/1015/460
f 573/1012/461 575/1016/461 616/1017/461 610/1013/461
f 602/1018/462 616/1019/462 620/1020/462 603/1021/462
f 574/1022/463 572/1015/463 605/1014/463 620/1023/463
f 575/1016/464 573/1012/464 572/1015/464 574/1022/464
f 577/937/165 578/939/165 579/941/165 576/934/165
f 581/949/165 582/951/165 583/956/165 580/946/165
f 585/963/165 586/1024/165 587/970/165 584/960/165
f 589/976/165 590/978/165 591/1025/165 588/973/165
f 600/1026/165 601/1027/165 602/1018/165 603/1021/165
f 596/999/165 597/1002/165 598/1028/165 599/1009/165
f 592/986/165 593/989/165 594/1029/165 595/996/165
f 615/1030/394 608/1031/394 550/945/394 548/944/394
f 621/1032/465 625/984/465 560/983/465 561/985/465
f 609/988/466 630/1033/466 594/1029/466 593/989/466
f 623/1034/467 629/1010/467 599/1009/467 598/1028/467
f 620/1020/468 605/1035/468 600/1026/468 603/1021/468
f 608/1031/469 613/1036/469 551/942/469 550/945/469
f 624/1037/470 627/953/470 554/952/470 552/959/470
f 609/992/471 617/1038/471 564/998/471 565/993/471
f 626/1001/472 623/1034/472 598/1028/472 597/1002/472
f 620/1023/473 616/1017/473 575/1016/473 574/1022/473
f 613/1036/411 619/1039/411 549/943/411 551/942/411
f 622/950/474 627/957/474 583/956/474 582/951/474
f 631/1040/475 618/969/475 558/968/475 556/972/475
f 626/1005/476 611/1041/476 568/1011/476 569/1006/476
f 610/1042/477 616/1019/477 602/1018/477 601/1027/477
f 619/1039/478 615/1043/478 548/944/478 549/943/478
f 622/954/479 606/1044/479 553/958/479 555/955/479
f 614/1045/480 618/971/480 587/970/480 586/1024/480
f 612/1046/481 625/974/481 588/973/481 591/1025/481
f 605/1035/482 610/1042/482 601/1027/482 600/1026/482
f 606/1044/483 624/1047/483 552/959/483 553/958/483
f 628/962/484 614/1045/484 586/1024/484 585/963/484
f 604/977/485 612/1046/485 591/1025/485 590/978/485
f 617/1038/486 607/995/486 566/994/486 564/998/486
f 628/967/487 631/1040/487 556/972/487 557/964/487
f 604/981/488 621/1032/488 561/985/488 563/982/488
f 630/1033/489 607/997/489 595/996/489 594/1029/489
f 611/1041/490 629/1008/490 570/1007/490 568/1011/490
f 636/1048/491 632/1049/491 633/1050/491 637/1051/491
f 635/1052/492 638/1053/492 637/1051/492 633/1050/492
f 635/1052/493 634/1054/493 639/1055/493 638/1053/493
f 639/1055/494 634/1054/494 632/1049/494 636/1048/494
f 635/1052/495 633/1050/495 632/1049/495 634/1054/495
f 636/1048/496 637/1051/496 638/1053/496 639/1055/496
f 644/1056/497 640/1057/497 641/1058/497 645/1059/497
f 643/1060/498 646/1061/498 645/1059/498 641/1058/498
f 643/1060/499 642/1062/499 647/1063/499 646/1061/499
f 647/1063/500 642/1062/500 640/1057/500 644/1056/500
f 643/1060/501 641/1058/501 640/1057/501 642/1062/501
f 644/1056/502 645/1059/502 646/1061/502 647/1063/502
f 652/1064/503 648/1065/503 649/1066/503 653/1067/503
f 651/1068/504 654/1069/504 653/1067/504 649/1066/504
f 651/1068/505 650/1070/505 655/1071/505 654/1069/505
f 655/1071/506 650/1070/506 648/1065/506 652/1064/506
f 651/1068/507 649/1066/507 648/1065/507 650/1070/507
f 652/1064/508 653/1067/508 654/1069/508 655/1071/508
f 660/1072/509 656/1073/509 657/1074/509 661/1075/509
f 659/1076/510 662/1077/510 661/1075/510 657/1074/510
f 659/1076/511 658/1078/511 663/1079/511 662/1077/511
f 659/1076/512 657/1074/512 656/1073/512 658/1078/512
f 660/1072/513 661/1075/513 662/1077/513 663/1079/513
f 668/1080/514 669/1081/514 665/1082/514 664/1083/514
f 667/1084/515 665/1082/515 669/1081/515 670/1085/515
f 667/1084/516 670/1085/516 671/1086/516 666/1087/516
f 671/1086/517 668/1080/517 664/1083/517 666/1087/517
f 667/1084/518 666/1087/518 664/1083/518 665/1082/518
f 668/1080/519 671/1086/519 670/1085/519 669/1081/519
f 676/1088/520 677/1089/520 673/1090/520 672/1091/520
f 675/1092/521 673/1090/521 677/1089/521 678/1093/521
f 675/1092/522 678/1093/522 679/1094/522 674/1095/522
f 679/1094/523 676/1088/523 672/1091/523 674/1095/523
f 675/1092/524 674/1095/524 672/1091/524 673/1090/524
f 676/1088/525 679/1094/525 678/1093/525 677/1089/525
f 684/1096/526 685/1097/526 681/1098/526 680/1099/526
f 683/1100/527 681/1098/527 685/1097/527 686/1101/527
f 683/1100/528 686/1101/528 687/1102/528 682/1103/528
f 687/1102/529 684/1096/529 680/1099/529 682/1103/529
f 683/1100/530 682/1103/530 680/1099/530 681/1098/530
f 684/1096/531 687/1102/531 686/1101/531 685/1097/531
f 660/1072/532 690/1104/532 688/1105/532 656/1073/532
f 689/1106/533 688/1105/533 690/1104/533 691/1107/533
f 689/1106/534 691/1107/534 663/1079/534 658/1078/534
f 689/1106/535 658/1078/535 656/1073/535 688/1105/535
f 660/1072/536 663/1079/536 691/1107/536 690/1104/536
f 692/1108/537 693/1109/537 695/1110/537 694/1111/537
f 694/1111/384 695/1110/384 697/1112/384 696/1113/384
f 696/1113/538 697/1112/538 699/1114/538 698/1115/538
f 698/1115/539 699/1114/539 701/1116/539 700/1117/539
f 695/1110/540 693/1109/540 703/1118/540 701/1119/540 699/1114/540 697/1112/540
f 700/1117/413 701/1116/413 703/1120/413 702/1121/413
f 702/1121/541 703/1120/541 693/1122/541 692/1123/541
f 692/1108/165 694/1111/165 696/1113/165 698/1115/165 700/1117/165 702/1121/165
f 710/1124/542 706/1125/542 707/1126/542
f 709/1127/543 710/1124/543 707/1126/543
f 708/1128/544 704/1129/544 710/1130/544 712/1131/544
f 704/1129/545 705/1132/545 711/1133/545 710/1130/545
f 712/1134/546 710/1135/546 709/1136/546
f 710/1135/547 711/1137/547 706/1138/547
o Tent1_Collider_Cylinder.024
v -1.469337 0.000000 0.000000
v -1.199682 1.688430 -0.000188
v -1.358932 0.000000 -0.533052
v -1.108482 1.688103 -0.459130
v -1.149767 0.000000 -1.121275
v -0.848597 1.687844 -0.848239
v -0.532984 0.000000 -1.329770
v -0.459591 1.687691 -1.108276
v -0.000000 0.000000 -1.512207
v -0.000687 1.687669 -1.199653
v 0.564164 0.000000 -1.384471
v 0.458779 1.689668 -1.108051
v 1.036039 0.000000 -1.101184
v 0.847976 1.690170 -0.847976
v 1.107934 1.690170 -0.458921
v 1.199219 1.690170 -0.000000
v 1.107949 1.690135 0.458780
v 1.036039 0.000000 1.036039
v 0.848355 1.689283 0.844353
v 0.566764 -0.000001 1.306831
v 0.459640 1.688488 1.101062
v 0.000000 0.000000 1.512207
v 0.000321 1.689100 1.195505
v -0.532984 0.000000 1.358991
v -0.459166 1.689278 1.107463
v -1.090031 0.000000 1.090031
v -0.848283 1.689085 0.847723
v -1.335351 0.000000 0.565610
v -1.108312 1.688775 0.458718
v 0.000000 2.833939 0.000000
v 0.898600 0.560038 -0.898600
v 0.830445 1.126780 -0.830445
v 0.479617 0.558994 -1.162617
v 0.448285 1.122286 -1.085160
v -0.001206 0.555062 -1.292067
v -0.005183 1.106077 -1.174243
v -0.483545 0.555095 -1.168215
v -0.454471 1.106270 -1.084113
v -0.908660 0.555423 -0.906913
v -0.835067 1.107593 -0.828913
v -1.168334 0.555986 -0.481611
v -1.089029 1.109845 -0.447494
v -1.177695 1.112683 0.002075
v -1.282107 0.556703 0.000802
v 0.831459 1.124406 0.820745
v 0.899003 0.559094 0.894745
v 0.452176 1.120362 1.058803
v 0.480782 0.557916 1.153981
v 0.000698 1.123134 1.164772
v 0.000343 0.558847 1.288662
v -0.450810 1.120046 1.084681
v -0.482639 0.558546 1.169008
v -0.832362 1.118364 0.831940
v -0.907960 0.558109 0.908225
v -1.087566 1.115674 0.451353
v -1.167969 0.557440 0.483148
v 1.123984 0.000000 -0.568379
v 1.122180 0.000000 0.568379
v 1.078639 0.555994 -0.361050
v 1.073327 0.563390 0.368790
v 1.100872 1.652508 -0.000000
v 1.049859 1.126780 0.163526
v 1.049859 1.126780 -0.162879
v 1.099508 0.563390 0.000154
v 1.147878 0.000000 -0.000000
v 1.049859 1.126780 0.000324
v 0.547444 0.000000 -0.000000
v 0.554277 0.000000 -0.560794
v 0.554277 0.000000 0.560794
v -0.023456 0.000000 0.000000
v 0.012667 0.000000 -0.554317
v 0.012667 0.000000 0.554317
v -0.718120 0.000000 0.000000
v -0.644842 0.000000 -0.547367
v -0.644842 0.000000 0.547367
v 0.124194 2.472702 -0.299534
v -0.236754 2.462655 0.237051
v 0.236754 2.462655 0.237051
v -0.230422 2.471401 -0.230125
v -0.124194 2.472702 -0.299534
v -0.307397 2.464703 0.127625
v 0.230422 2.471401 -0.230125
v -0.000000 2.473156 -0.323772
v -0.330284 2.467086 0.000297
v 0.302920 2.469435 -0.125177
v 0.330284 2.467086 0.000297
v -0.302920 2.469436 -0.125177
v 0.128672 2.461273 0.310939
v 0.307397 2.464703 0.127625
v 0.000000 2.460784 0.337033
v -0.128672 2.461273 0.310939
v 1.262633 0.000000 -0.557251
v 1.242915 0.000000 0.557250
v 1.154934 0.551060 -0.356091
v 1.146079 0.563390 0.368790
v 1.119071 1.126780 0.163526
v 1.119071 1.126780 -0.162879
v 1.262633 0.000000 -0.557251
v -0.000000 2.032022 -0.748370
v 0.696407 2.026990 0.288714
v -0.533892 2.025771 0.534144
v -0.530114 2.030977 -0.529861
v 0.693736 2.029807 -0.287103
v 0.000000 2.024656 0.756428
v 0.286591 2.031751 -0.691641
v 0.533892 2.025770 0.534141
v -0.696407 2.026990 0.288714
v -0.286591 2.031751 -0.691641
v 0.530114 2.030977 -0.529861
v -0.752330 2.028409 0.000252
v 0.752330 2.028409 0.000252
v -0.693736 2.029807 -0.287103
v 0.289274 2.024922 0.698489
v -0.289263 2.024948 0.698596
v 1.044456 1.126147 0.507972
v 1.190428 0.000000 0.788171
v 1.050887 0.564833 0.612050
v 1.197108 0.000000 -0.841282
v 1.034438 1.090186 -0.531033
v 1.029047 0.597652 -0.641629
v 0.813369 1.627266 -0.799428
v -0.419894 1.624766 -1.044749
v 1.058219 1.627266 -0.433594
v 0.446305 1.626648 -1.044651
v 0.012723 1.624744 -1.130985
v -1.031400 1.625179 -0.432727
v -1.031133 1.625854 0.432566
v -1.117313 1.625508 -0.000059
v -0.786494 1.624919 -0.799569
v -0.419036 1.626347 1.043802
v 0.014371 1.626242 1.125634
v -0.785919 1.626165 0.799214
v 1.054103 1.627220 0.438638
v 0.813861 1.626460 0.794631
v 0.447602 1.625767 1.034912
v 1.144883 1.629673 0.006432
v 1.145090 1.629673 -0.006705
v 1.068257 1.627266 0.006051
v 1.068412 1.627266 -0.005939
v 1.068336 1.632371 -0.000014
v -0.900529 1.846462 0.372946
v -0.973948 1.847083 0.000015
v 0.689766 1.846026 0.687999
v 0.373723 1.845187 0.898258
v 0.371842 1.849502 -0.897816
v 0.687506 1.849310 -0.687403
v 0.000150 1.845327 0.974222
v -0.373495 1.845572 0.901303
v -0.899136 1.847701 -0.372323
v 0.898881 1.848665 -0.372226
v 0.973733 1.847894 0.000103
v -0.687795 1.848224 -0.687525
v -0.372220 1.848580 -0.897921
v -0.689731 1.845935 0.689573
v 0.900360 1.847096 0.372976
v -0.000321 1.848718 -0.971788
vt 0.037863 0.655528
vt 0.037863 0.655529
vt 0.037863 0.655529
vt 0.037863 0.655529
vt 0.095220 0.782645
vt 0.095220 0.782645
vt 0.095220 0.782645
vt 0.095220 0.782645
vt 0.095220 0.782645
vt 0.095220 0.782645
vt 0.095220 0.782645
vt 0.095220 0.782645
vt 0.158427 0.714789
vt 0.158427 0.714789
vt 0.158427 0.714789
vt 0.158427 0.714789
vt 0.095220 0.782645
vt 0.095220 0.782645
vt 0.095220 0.782645
vt 0.095220 0.782645
vt 0.034931 0.653454
vt 0.713938 0.972330
vt 0.713938 0.972330
vt 0.034931 0.653453
vt 0.158427 0.714789
vt 0.158427 0.714789
vt 0.158427 0.714789
vt 0.158427 0.714789
vt 0.158427 0.714789
vt 0.158427 0.714789
vt 0.158427 0.714790
vt 0.095220 0.782645
vt 0.095220 0.782645
vt 0.095220 0.782646
vt 0.095220 0.782645
vt 0.037863 0.655529
vt 0.037863 0.655529
vt 0.037863 0.655528
vt 0.037863 0.655529
vt 0.095220 0.782645
vt 0.095220 0.782645
vt 0.037863 0.655529
vt 0.037863 0.655529
vt 0.037863 0.655529
vt 0.037863 0.655529
vt 0.095220 0.782645
vt 0.095220 0.782645
vt 0.095220 0.782645
vt 0.095220 0.782645
vt 0.037863 0.655529
vt 0.037863 0.655529
vt 0.037863 0.655529
vt 0.037863 0.655529
vt 0.037863 0.655529
vt 0.037863 0.655529
vt 0.037863 0.655529
vt 0.037863 0.655529
vt 0.158427 0.714790
vt 0.158427 0.714790
vt 0.037863 0.655529
vt 0.037863 0.655529
vt 0.037863 0.655529
vt 0.037863 0.655529
vt 0.095220 0.782645
vt 0.095220 0.782645
vt 0.095220 0.782645
vt 0.095220 0.782645
vt 0.037863 0.655529
vt 0.037863 0.655529
vt 0.037863 0.655529
vt 0.037863 0.655529
vt 0.095220 0.782645
vt 0.095220 0.782645
vt 0.037863 0.655529
vt 0.037863 0.655529
vt 0.095220 0.782645
vt 0.095220 0.782645
vt 0.095220 0.782645
vt 0.095220 0.782645
vt 0.095220 0.782645
vt 0.095220 0.782645
vt 0.037863 0.655529
vt 0.037863 0.655529
vt 0.037863 0.655529
vt 0.037863 0.655529
vt 0.095220 0.782645
vt 0.095220 0.782645
vt 0.037863 0.655529
vt 0.037863 0.655529
vt 0.095220 0.782645
vt 0.095220 0.782645
vt 0.037863 0.655529
vt 0.037863 0.655529
vt 0.095220 0.782645
vt 0.095220 0.782645
vt 0.037863 0.655529
vt 0.037863 0.655529
vt 0.158427 0.714790
vt 0.158427 0.714789
vt 0.158427 0.714790
vt 0.158427 0.714790
vt 0.158427 0.714789
vt 0.158427 0.714790
vt 0.158427 0.714789
vt 0.158427 0.714789
vt 0.095220 0.782645
vt 0.095220 0.782645
vt 0.720380 0.968974
vt 0.720380 0.968974
vt 0.720380 0.968974
vt 0.158427 0.714790
vt 0.158427 0.714789
vt 0.037863 0.655529
vt 0.037863 0.655529
vt 0.153315 0.777425
vt 0.153315 0.777425
vt 0.153315 0.777425
vt 0.153315 0.777425
vt 0.158237 0.782346
vt 0.158237 0.782347
vt 0.158237 0.782346
vt 0.158237 0.782347
vt 0.153315 0.777425
vt 0.153315 0.777425
vt 0.153315 0.777425
vt 0.153315 0.777425
vt 0.153315 0.777425
vt 0.153315 0.777425
vt 0.031827 0.403808
vt 0.031827 0.403808
vt 0.031827 0.403808
vt 0.031827 0.403808
vt 0.031827 0.403809
vt 0.031827 0.403808
vt 0.031827 0.403808
vt 0.031827 0.403808
vt 0.031827 0.403808
vt 0.031827 0.403808
vt 0.031827 0.403808
vt 0.031827 0.403808
vt 0.031827 0.403808
vt 0.031827 0.403808
vt 0.031827 0.403808
vt 0.031827 0.403808
vt 0.031827 0.403808
vt 0.031827 0.403808
vt 0.031827 0.403808
vt 0.031827 0.403808
vt 0.031827 0.403808
vt 0.031827 0.403809
vt 0.031827 0.403809
vt 0.031827 0.403808
vt 0.031827 0.403808
vt 0.031827 0.403808
vt 0.031827 0.403808
vt 0.031827 0.403808
vt 0.031827 0.403808
vt 0.158427 0.714789
vt 0.158427 0.714789
vt 0.158427 0.714789
vt 0.158427 0.714789
vt 0.158427 0.714790
vt 0.158427 0.714789
vt 0.158427 0.714790
vt 0.158427 0.714790
vt 0.158427 0.714789
vt 0.158427 0.714789
vt 0.034931 0.653454
vt 0.713938 0.972330
vt 0.713938 0.972330
vt 0.034931 0.653454
vt 0.715337 0.969665
vt 0.715337 0.969664
vt 0.095220 0.782645
vt 0.095220 0.782645
vt 0.095220 0.782645
vt 0.715337 0.969664
vt 0.715337 0.969664
vt 0.095220 0.782645
vt 0.095220 0.782645
vt 0.715337 0.969664
vt 0.715337 0.969664
vt 0.095220 0.782645
vt 0.713938 0.972330
vt 0.713938 0.972330
vt 0.034931 0.653453
vt 0.034931 0.653453
vt 0.715337 0.969664
vt 0.715337 0.969664
vt 0.095220 0.782645
vt 0.095220 0.782645
vt 0.095220 0.782645
vt 0.715337 0.969664
vt 0.715337 0.969664
vt 0.095220 0.782645
vt 0.715337 0.969664
vt 0.715337 0.969664
vt 0.095220 0.782645
vt 0.095220 0.782645
vt 0.713938 0.972330
vt 0.713938 0.972330
vt 0.034931 0.653454
vt 0.034931 0.653454
vt 0.713938 0.972330
vt 0.713938 0.972330
vt 0.034931 0.653453
vt 0.034931 0.653454
vt 0.713938 0.972330
vt 0.713938 0.972330
vt 0.034931 0.653453
vt 0.034931 0.653454
vt 0.095220 0.782645
vt 0.715337 0.969664
vt 0.715337 0.969664
vt 0.095220 0.782645
vt 0.095220 0.782645
vt 0.715337 0.969665
vt 0.715337 0.969664
vt 0.095220 0.782645
vt 0.034931 0.653454
vt 0.713938 0.972330
vt 0.713938 0.972330
vt 0.034931 0.653454
vt 0.034931 0.653454
vt 0.713938 0.972330
vt 0.713938 0.972330
vt 0.034931 0.653454
vt 0.095220 0.782645
vt 0.095220 0.782645
vt 0.095220 0.782645
vt 0.095220 0.782645
vt 0.713938 0.972330
vt 0.713938 0.972330
vt 0.714779 0.970729
vt 0.714544 0.971176
vt 0.715337 0.969664
vt 0.715337 0.969664
vt 0.714635 0.971003
vt 0.714630 0.971012
vt 0.713938 0.972330
vt 0.713938 0.972330
vt 0.714638 0.970998
vt 0.714632 0.971008
vt 0.715337 0.969664
vt 0.715337 0.969665
vt 0.714562 0.971141
vt 0.714557 0.971150
vt 0.715337 0.969664
vt 0.715337 0.969664
vt 0.714557 0.971151
vt 0.713938 0.972330
vt 0.713938 0.972330
vt 0.714632 0.971008
vt 0.714643 0.970987
vt 0.715337 0.969664
vt 0.715337 0.969664
vt 0.714498 0.971264
vt 0.714738 0.970807
vt 0.715337 0.969664
vt 0.715337 0.969664
vt 0.714624 0.971024
vt 0.713938 0.972330
vt 0.713938 0.972330
vt 0.714615 0.971041
vt 0.715337 0.969664
vt 0.715337 0.969664
vt 0.714614 0.971043
vt 0.713938 0.972330
vt 0.713938 0.972330
vt 0.715337 0.969665
vt 0.715337 0.969664
vt 0.713938 0.972330
vt 0.713938 0.972330
vt 0.713938 0.972330
vt 0.713938 0.972330
vt 0.715337 0.969664
vt 0.715337 0.969664
vt 0.713938 0.972330
vt 0.713938 0.972330
vt 0.032253 0.653302
vt 0.032253 0.653302
vt 0.032253 0.653302
vt 0.032253 0.653302
vt 0.032253 0.653302
vt 0.032253 0.653302
vt 0.095220 0.782645
vt 0.095220 0.782645
vt 0.095220 0.782645
vt 0.095220 0.782645
vt 0.720379 0.968974
vt 0.037863 0.655529
vt 0.037863 0.655529
vt 0.095220 0.782645
vt 0.095220 0.782645
vt 0.095220 0.782645
vt 0.095220 0.782645
vt 0.037863 0.655529
vt 0.037863 0.655528
vt 0.037863 0.655529
vt 0.037863 0.655529
vt 0.037863 0.655529
vt 0.037863 0.655529
vt 0.095220 0.782644
vt 0.095220 0.782645
vt 0.095220 0.782645
vt 0.095220 0.782645
vt 0.095220 0.782644
vt 0.095220 0.782644
vt 0.037863 0.655528
vt 0.037863 0.655529
vt 0.095220 0.782645
vt 0.095220 0.782645
vt 0.032253 0.653302
vt 0.032253 0.653303
vt 0.095220 0.782644
vt 0.095220 0.782645
vt 0.037863 0.655529
vt 0.037863 0.655529
vt 0.037863 0.655529
vt 0.037863 0.655529
vt 0.153315 0.777425
vt 0.153315 0.777425
vt 0.160733 0.720215
vt 0.160733 0.720215
vt 0.160733 0.720215
vt 0.160733 0.720215
vt 0.160733 0.720215
vt 0.160733 0.720215
vt 0.095220 0.782645
vt 0.095220 0.782645
vt 0.037863 0.655529
vt 0.037863 0.655529
vt 0.037863 0.655529
vt 0.037863 0.655529
vt 0.095220 0.782645
vt 0.095220 0.782644
vt 0.720380 0.968974
vt 0.720380 0.968974
vt 0.720379 0.968974
vt 0.720379 0.968974
vt 0.037863 0.655529
vt 0.037863 0.655529
vt 0.095220 0.782645
vt 0.095220 0.782645
vt 0.037863 0.655529
vt 0.037863 0.655529
vt 0.037863 0.655529
vt 0.037863 0.655529
vt 0.095220 0.782645
vt 0.095220 0.782645
vt 0.037863 0.655529
vt 0.037863 0.655529
vt 0.037863 0.655529
vt 0.037863 0.655529
vt 0.095220 0.782645
vt 0.095220 0.782645
vt 0.032253 0.653303
vt 0.032253 0.653302
vt 0.095220 0.782645
vt 0.095220 0.782645
vt 0.095220 0.782645
vt 0.095220 0.782645
vt 0.158427 0.714789
vt 0.158427 0.714789
vn -0.8269 0.1086 -0.5517
vn -0.5535 0.0993 -0.8269
vn 0.8289 0.0635 -0.5558
vn 0.0099 -0.2983 0.9544
vn -0.1796 0.0858 0.9800
vn -0.1418 0.6865 -0.7132
vn 0.4167 0.6629 0.6220
vn -0.4168 0.6629 0.6220
vn -0.6230 0.6612 -0.4180
vn 0.5206 0.1699 0.8367
vn 0.2461 0.1909 0.9502
vn -0.2061 0.1837 0.9611
vn -0.5294 0.1697 0.8312
vn -0.8309 0.1672 0.5307
vn -0.9635 0.1656 0.2106
vn 0.9462 0.1132 -0.3030
vn -0.0432 -0.3249 0.9447
vn 0.5363 0.1541 -0.8299
vn 0.2207 0.1751 -0.9595
vn -0.2201 0.1806 -0.9586
vn -0.5315 0.1713 -0.8296
vn -0.8312 0.1686 -0.5298
vn -0.9635 0.1662 -0.2099
vn 0.5390 0.0536 0.8406
vn 0.2169 0.0589 0.9744
vn -0.5507 0.1026 0.8284
vn -0.8259 0.1114 0.5527
vn -0.9741 0.1152 0.1943
vn -0.9745 0.1142 -0.1932
vn -0.1953 0.0877 -0.9768
vn 0.1919 0.0771 -0.9784
vn 0.5534 0.0696 -0.8300
vn 0.0454 -0.1889 -0.9810
vn 0.0000 -0.3423 -0.9396
vn 0.8489 0.1365 -0.5106
vn 0.0000 0.0000 1.0000
vn -0.0542 -0.3314 -0.9419
vn 0.9775 0.0047 -0.2111
vn 0.9939 0.0955 0.0550
vn 0.9963 0.0760 -0.0407
vn 0.9993 -0.0367 -0.0006
vn 0.9961 0.0736 0.0490
vn 0.9945 0.0923 -0.0486
vn 0.0000 -1.0000 0.0000
vn -0.1461 0.6607 -0.7363
vn 0.6230 0.6612 -0.4180
vn 0.1461 0.6607 -0.7363
vn -0.6236 0.6626 0.4150
vn 0.7351 0.6617 -0.1479
vn -0.1464 0.6631 0.7341
vn 0.6236 0.6626 0.4150
vn 0.7353 0.6621 0.1446
vn 0.1464 0.6631 0.7341
vn -0.4161 0.6609 -0.6245
vn -0.7351 0.6617 -0.1479
vn 0.4161 0.6609 -0.6245
vn -0.7353 0.6621 0.1446
vn -0.4043 0.6862 0.6047
vn 0.6045 0.6864 -0.4043
vn 0.1418 0.6865 -0.7132
vn -0.6050 0.6862 0.4038
vn 0.7132 0.6863 -0.1423
vn -0.1420 0.6861 0.7135
vn 0.4042 0.6861 0.6049
vn 0.7135 0.6863 0.1415
vn -0.6045 0.6864 -0.4043
vn 0.1422 0.6861 0.7135
vn 0.6050 0.6862 0.4038
vn -0.4038 0.6864 -0.6048
vn -0.7132 0.6863 -0.1423
vn 0.4038 0.6864 -0.6048
vn -0.7135 0.6863 0.1415
vn 0.7354 -0.6612 0.1484
vn -0.5710 0.8131 0.1134
vn 0.3219 0.8110 0.4886
vn 0.3228 0.8132 -0.4842
vn -0.1101 0.8127 0.5722
vn -0.5716 0.8126 -0.1139
vn 0.5698 0.8140 -0.1131
vn -0.3245 0.8117 -0.4857
vn -0.4835 0.8136 0.3229
vn 0.4817 0.8136 0.3255
vn 0.1113 0.8121 -0.5728
vn 0.1182 0.8103 0.5739
vn 0.4834 0.8137 -0.3228
vn -0.4852 0.8121 -0.3243
vn -0.3228 0.8139 0.4832
vn 0.5692 0.8143 0.1135
vn -0.1141 0.8114 -0.5732
vn 0.8438 0.1374 0.5188
vn 0.8262 0.0598 0.5602
vn 0.9555 0.1043 0.2759
vn -0.1306 -0.7437 -0.6556
vn 0.1394 -0.7161 -0.6839
vn 0.6229 -0.6621 -0.4166
vn 0.4041 -0.6875 -0.6033
vn -0.6026 -0.7889 0.1206
vn -0.5195 -0.7811 -0.3464
vn -0.6028 -0.7889 -0.1192
vn -0.3577 -0.7658 -0.5345
vn -0.1245 -0.7469 0.6531
vn -0.3562 -0.7665 0.5345
vn -0.5186 -0.7812 0.3474
vn 0.6192 -0.6661 0.4159
vn 0.9780 0.0124 0.2083
vn 0.3948 -0.6979 0.5976
vn 0.1387 -0.7266 0.6729
vn 0.7456 -0.6498 -0.1482
vn 0.0486 -0.1936 0.9799
vn 0.9993 -0.0370 0.0016
vn 0.0728 -0.2446 -0.9669
vn 0.0074 -0.2994 -0.9541
vn 0.0755 -0.2481 0.9658
vn -0.1253 0.7671 -0.6292
vn 0.6269 0.7690 0.1251
vn -0.3554 0.7683 0.5323
vn -0.5331 0.7675 -0.3560
vn 0.5318 0.7689 -0.3550
vn 0.1275 0.7647 0.6317
vn 0.1241 0.7677 -0.6287
vn 0.5315 0.7682 0.3570
vn -0.5322 0.7682 0.3558
vn -0.3564 0.7673 -0.5331
vn 0.6271 0.7689 -0.1243
vn -0.6285 0.7678 -0.1247
vn -0.1236 0.7670 0.6296
vn 0.3554 0.7686 -0.5319
vn 0.3559 0.7654 0.5362
vn -0.6281 0.7680 0.1252
vn 0.7954 0.3753 -0.4759
vn 0.4811 0.3927 -0.7838
vn 0.9071 0.3151 -0.2791
vn 0.2203 0.3743 -0.9008
vn -0.3794 0.3842 -0.8417
vn -0.2733 0.3234 -0.9060
vn -0.9240 0.3233 -0.2042
vn -0.9251 0.3105 0.2188
vn -0.8267 0.4126 -0.3826
vn -0.8231 0.3616 0.4378
vn 0.2923 0.3255 0.8992
vn -0.4420 0.3648 0.8194
vn -0.2434 0.3463 0.9060
vn 0.8147 0.3343 0.4739
vn 0.4868 0.3120 0.8159
vn 0.9158 0.2838 0.2843
vn -0.0779 -0.3546 0.9318
usemtl COLLIDER
s off
f 754/1139/548 838/1140/548 841/1141/548 752/1142/548
f 752/1143/549 841/1144/549 834/1145/549 750/1146/549
f 744/1147/550 833/1148/550 835/1149/550 831/1150/550
f 809/1151/551 849/1152/551 851/1153/551 775/1154/551
f 761/1155/552 843/1156/552 842/1157/552 763/1158/552
f 795/1159/553 811/1160/553 820/1161/553 792/1162/553
f 800/1163/554 790/1164/554 742/1165/554
f 789/1166/555 803/1167/555 742/1165/555
f 791/1168/556 799/1169/556 742/1165/556
f 758/1170/557 757/1171/557 759/1172/557 760/1173/557
f 760/1174/558 759/1175/558 761/1176/558 762/1177/558
f 762/1178/559 761/1155/559 763/1158/559 764/1179/559
f 764/1180/560 763/1181/560 765/1182/560 766/1183/560
f 766/1184/561 765/1185/561 767/1186/561 768/1187/561
f 768/1188/562 767/1189/562 755/1190/562 756/1191/562
f 832/1192/563 831/1193/563 809/1194/563 806/1195/563
f 806/1196/564 809/1151/564 775/1154/564 771/1197/564
f 745/1198/565 746/1199/565 744/1200/565 743/1201/565
f 747/1202/566 748/1203/566 746/1204/566 745/1205/566
f 749/1206/567 750/1207/567 748/1208/567 747/1209/567
f 751/1210/568 752/1143/568 750/1146/568 749/1211/568
f 753/1212/569 754/1139/569 752/1142/569 751/1213/569
f 756/1214/570 755/1215/570 754/1216/570 753/1217/570
f 757/1171/571 846/1218/571 847/1219/571 759/1172/571
f 759/1175/572 847/1220/572 843/1221/572 761/1176/572
f 763/1181/573 842/1222/573 844/1223/573 765/1182/573
f 765/1185/574 844/1224/574 839/1225/574 767/1186/574
f 767/1189/575 839/1226/575 840/1227/575 755/1190/575
f 755/1215/576 840/1228/576 838/1229/576 754/1216/576
f 750/1207/577 834/1230/577 837/1231/577 748/1208/577
f 748/1203/578 837/1232/578 836/1233/578 746/1204/578
f 746/1199/579 836/1234/579 833/1235/579 744/1200/579
f 728/1236/580 848/1237/580 850/1238/580 773/1239/580
f 808/1240/581 807/1241/581 772/1242/581 774/1243/581
f 743/1244/582 744/1147/582 831/1150/582 832/1245/582
f 804/1246/583 810/1247/583 769/1248/583
f 807/1241/584 805/1249/584 770/1250/584 772/1242/584
f 831/1193/585 835/1251/585 849/1252/585 809/1194/585
f 777/1253/586 776/1254/586 772/1255/586 770/1256/586
f 776/1257/587 771/1258/587 775/1259/587 778/1260/587
f 774/1261/588 778/1262/588 852/1263/588 850/1264/588
f 772/1255/589 776/1254/589 778/1262/589 774/1261/589
f 769/1265/590 771/1266/590 776/1254/590 777/1253/590
f 779/1267/591 780/1268/591 769/1269/591 777/1270/591
f 781/1271/591 779/1267/591 777/1270/591 770/1272/591
f 784/1273/591 782/1274/591 779/1267/591 781/1271/591
f 782/1274/591 783/1275/591 780/1268/591 779/1267/591
f 725/1276/591 769/1269/591 780/1268/591 723/1277/591
f 730/1278/591 732/1279/591 781/1271/591 770/1272/591
f 785/1280/591 786/1281/591 783/1275/591 782/1274/591
f 787/1282/591 785/1280/591 782/1274/591 784/1273/591
f 740/1283/591 713/1284/591 785/1280/591 787/1282/591
f 713/1284/591 715/1285/591 786/1281/591 785/1280/591
f 732/1279/591 734/1286/591 784/1273/591 781/1271/591
f 723/1277/591 780/1268/591 783/1275/591 721/1287/591
f 721/1287/591 783/1275/591 786/1281/591 719/1288/591
f 734/1286/591 736/1289/591 787/1282/591 784/1273/591
f 736/1289/591 738/1290/591 740/1283/591 787/1282/591
f 715/1285/591 717/1291/591 719/1288/591 786/1281/591
f 804/1292/591 769/1269/591 725/1276/591 830/1293/591
f 730/1278/591 770/1272/591 805/1294/591 828/1295/591
f 795/1296/592 792/1297/592 742/1165/592
f 797/1298/593 794/1299/593 742/1165/593
f 788/1300/594 795/1296/594 742/1165/594
f 793/1301/595 789/1166/595 742/1165/595
f 798/1302/596 797/1298/596 742/1165/596
f 803/1167/597 802/1303/597 742/1165/597
f 790/1164/598 801/1304/598 742/1165/598
f 801/1304/599 798/1302/599 742/1165/599
f 802/1303/600 800/1163/600 742/1165/600
f 792/1297/601 791/1168/601 742/1165/601
f 799/1169/602 796/1305/602 742/1165/602
f 794/1299/603 788/1300/603 742/1165/603
f 796/1305/604 793/1301/604 742/1165/604
f 789/1306/605 813/1307/605 826/1308/605 803/1309/605
f 815/1310/606 821/1311/606 794/1312/606 797/1313/606
f 788/1314/607 817/1315/607 811/1316/607 795/1317/607
f 793/1318/608 819/1319/608 813/1320/608 789/1321/608
f 823/1322/609 815/1323/609 797/1324/609 798/1325/609
f 826/1326/610 816/1327/610 802/1328/610 803/1329/610
f 800/1330/611 825/1331/611 818/1332/611 790/1333/611
f 812/1334/612 823/1335/612 798/1336/612 801/1337/612
f 814/1338/613 824/1339/613 799/1340/613 791/1341/613
f 816/1342/614 825/1343/614 800/1344/614 802/1345/614
f 818/1346/615 812/1347/615 801/1348/615 790/1349/615
f 792/1350/616 820/1351/616 814/1352/616 791/1353/616
f 799/1354/617 824/1355/617 822/1356/617 796/1357/617
f 794/1358/618 821/1359/618 817/1360/618 788/1361/618
f 796/1362/619 822/1363/619 819/1364/619 793/1365/619
f 728/1366/620 729/1367/620 845/1368/620 848/1369/620
f 853/1370/621 854/1371/621 714/1372/621 741/1373/621
f 855/1374/622 856/1375/622 733/1376/622 731/1377/622
f 857/1378/623 858/1379/623 726/1380/623 724/1381/623
f 859/1382/624 860/1383/624 737/1384/624 735/1385/624
f 854/1386/625 861/1387/625 716/1388/625 714/1372/625
f 862/1389/626 863/1390/626 728/1391/626 727/1392/626
f 864/1393/627 865/1394/627 720/1395/627 718/1396/627
f 866/1397/628 853/1398/628 741/1373/628 739/1399/628
f 867/1400/629 855/1401/629 731/1377/629 729/1402/629
f 868/1403/630 857/1404/630 724/1381/630 722/1405/630
f 856/1406/631 859/1407/631 735/1385/631 733/1376/631
f 858/1408/632 862/1409/632 727/1392/632 726/1380/632
f 861/1410/633 864/1411/633 718/1396/633 716/1388/633
f 860/1412/634 866/1413/634 739/1399/634 737/1384/634
f 863/1414/635 867/1415/635 729/1402/635 728/1391/635
f 865/1416/636 868/1417/636 722/1405/636 720/1395/636
f 829/1418/637 827/1419/637 757/1420/637 758/1421/637
f 827/1419/638 845/1422/638 846/1423/638 757/1420/638
f 827/1424/639 829/1425/639 807/1426/639 808/1427/639
f 830/1428/583 810/1247/583 804/1246/583
f 837/1231/640 834/1230/640 720/1429/640 722/1430/640
f 836/1233/641 837/1232/641 722/1431/641 724/1432/641
f 835/1149/642 833/1148/642 726/1433/642 727/1434/642
f 833/1235/643 836/1234/643 724/1435/643 726/1436/643
f 840/1227/644 839/1226/644 741/1437/644 714/1438/644
f 841/1141/645 838/1140/645 716/1439/645 718/1440/645
f 838/1229/646 840/1228/646 714/1441/646 716/1442/646
f 834/1145/647 841/1144/647 718/1443/647 720/1444/647
f 842/1157/648 843/1156/648 735/1445/648 737/1446/648
f 844/1223/649 842/1222/649 737/1447/649 739/1448/649
f 839/1225/650 844/1224/650 739/1449/650 741/1450/650
f 846/1423/651 845/1422/651 729/1451/651 731/1452/651
f 848/1369/652 845/1368/652 827/1424/652 808/1427/652
f 847/1219/653 846/1218/653 731/1453/653 733/1454/653
f 843/1221/654 847/1220/654 733/1455/654 735/1456/654
f 849/1252/655 835/1251/655 727/1457/655 728/1458/655
f 851/1153/656 849/1152/656 728/1236/656 773/1239/656
f 851/1459/657 852/1263/657 778/1262/657 775/1460/657
f 850/1461/658 852/1462/658 728/1463/658 848/1464/658
f 850/1238/659 848/1237/659 808/1240/659 774/1243/659
f 852/1462/660 851/1465/660 849/1466/660 728/1463/660
f 820/1161/661 811/1160/661 868/1417/661 865/1416/661
f 823/1335/662 812/1334/662 867/1415/662 863/1414/662
f 826/1308/663 813/1307/663 866/1413/663 860/1412/663
f 824/1339/664 814/1338/664 864/1411/664 861/1410/664
f 821/1311/665 815/1310/665 862/1409/665 858/1408/665
f 825/1343/666 816/1342/666 859/1407/666 856/1406/666
f 811/1316/667 817/1315/667 857/1404/667 868/1403/667
f 812/1347/668 818/1346/668 855/1401/668 867/1400/668
f 813/1320/669 819/1319/669 853/1398/669 866/1397/669
f 814/1352/670 820/1351/670 865/1394/670 864/1393/670
f 815/1323/671 823/1322/671 863/1390/671 862/1389/671
f 822/1356/672 824/1355/672 861/1387/672 854/1386/672
f 816/1327/673 826/1326/673 860/1383/673 859/1382/673
f 817/1360/674 821/1359/674 858/1379/674 857/1378/674
f 818/1332/675 825/1331/675 856/1375/675 855/1374/675
f 819/1364/676 822/1363/676 854/1371/676 853/1370/676
f 830/1467/677 725/1468/677 743/1244/677 832/1245/677
f 725/1469/678 723/1470/678 745/1198/678 743/1201/678
f 810/1471/679 830/1472/679 832/1192/679 806/1195/679
f 723/1473/680 721/1474/680 747/1202/680 745/1205/680
f 719/1475/681 717/1476/681 751/1477/681 749/1478/681
f 721/1479/682 719/1480/682 749/1206/682 747/1209/682
f 715/1481/683 713/1482/683 756/1214/683 753/1217/683
f 713/1483/684 740/1484/684 768/1188/684 756/1191/684
f 717/1485/685 715/1486/685 753/1212/685 751/1213/685
f 740/1487/686 738/1488/686 766/1184/686 768/1187/686
f 734/1489/687 732/1490/687 760/1174/687 762/1177/687
f 738/1491/688 736/1492/688 764/1180/688 766/1183/688
f 736/1493/689 734/1494/689 762/1178/689 764/1179/689
f 730/1495/690 828/1496/690 829/1418/690 758/1421/690
f 732/1497/691 730/1498/691 758/1170/691 760/1173/691
f 828/1499/692 805/1500/692 807/1426/692 829/1425/692
f 769/1501/693 810/1502/693 806/1196/693 771/1197/693
